Code,1999,2000,2001,2002,2003,2004,2005,2006,2007,2008,2009,2010,2011,2012,2013,2014,2015,2016,2017,2018,2019
#N/A,2.88E-06,2.88E-06,3.12E-06,3.15E-06,3.06E-06,2.99E-06,3.18E-06,3.12E-06,3.07E-06,3.24E-06,3.37E-06,3.21E-06,5.48E-06,5.39E-06,6.00E-06,6.24E-06,6.48E-06,6.72E-06,6.96E-06,7.20E-06,7.44E-06
AFG,0.0040874,0.0040985,0.0012151,0.00158,0.0017063,0.0015749,0.0012113,0.0012298,0.0014456,0.0014628,0.0014941,0.0018365,0.0024066,0.0027339,0.001775392,0.001765334,0.001755276,0.001745218,0.001735159,0.001725101,0.001715043
ALB,0.0003038,0.0005701,0.0003858,0.0003992,0.0003553,0.0003561,0.0003607,0.0003641,0.0002822,0.0002812,0.0002999,0.0002955,0.0003111,0.0003094,0.000245931,0.000230837,0.000215744,0.000200651,0.000185557,0.000170464,0.00015537
DZA,0.004327,0.0042546,0.0043252,0.0038568,0.0036894,0.003658,0.00385,0.0037821,0.0039187,0.0039551,0.0039595,0.0039455,0.0042579,0.004188,0.004014365,0.004020365,0.004026364,0.004032364,0.004038363,0.004044363,0.004050362
AND,2.66E-06,2.73E-06,2.41E-06,2.55E-06,2.63E-06,2.69E-06,2.72E-06,2.72E-06,2.68E-06,2.63E-06,2.58E-06,2.50E-06,2.43E-06,2.39E-06,-1.43E-06,-1.75E-06,-2.07E-06,-2.39E-06,-2.71E-06,-3.03E-06,-3.35E-06
AGO,0.0016497,0.0019126,0.0020319,0.0018769,0.0019972,0.0019595,0.0020119,0.0020968,0.0021886,0.0021208,0.0022571,0.002309,0.0023175,0.0024164,0.002401946,0.002442925,0.002483904,0.002524884,0.002565863,0.002606842,0.002647821
ARG,0.0061934,0.0060208,0.0058242,0.0058882,0.006024,0.0059424,0.0058913,0.0058479,0.005751,0.0057503,0.0056068,0.0056218,0.0056944,0.0056534,0.005589919,0.005558627,0.005527336,0.005496044,0.005464752,0.00543346,0.005402169
ARM,0.0006818,0.0007057,0.0006987,0.0007098,0.0006985,0.0007187,0.0006268,0.0006324,0.0006137,0.0006002,0.0005833,0.0006142,0.0006361,0.0006372,0.000586481,0.000577129,0.000567776,0.000558424,0.000549072,0.00053972,0.000530368
AUT,,,,,,,,,,,,,,,,,,,,,
AUS,0.0076716,0.0071289,0.0069085,0.0075163,0.007533,0.0074114,0.0075398,0.0074866,0.0075813,0.0074601,0.0068635,0.0072806,0.0071844,0.0072981,0.007306435,0.00730414,0.007301845,0.007299549,0.007297254,0.007294959,0.007292664
AUT,0.0026923,0.0025886,0.0025553,0.002523,0.0024862,0.0024375,0.0024781,0.0024138,0.0024785,0.0023804,0.0020772,0.0020586,0.002087,0.0020231,0.002009296,0.001960214,0.001911132,0.001862051,0.001812969,0.001763887,0.001714805
AZE,0.0013057,0.0013958,0.0014369,0.0014796,0.0014274,0.0014314,0.0013335,0.0013872,0.0013941,0.0014595,0.0013994,0.0013698,0.0013968,0.0014056,0.001387919,0.001384908,0.001381896,0.001378885,0.001375873,0.001372862,0.00136985
#N/A,,,,,,,,,,,,,,,,,,,,,
BHR,0.0005485,0.0005255,0.0004889,0.0004757,0.0004816,0.0004697,0.0004825,0.0004799,0.0005183,0.0004942,0.0005132,0.0005068,0.0005378,0.0005457,0.000527281,0.00053096,0.00053464,0.00053832,0.000541999,0.000545679,0.000549359
BRB,1.24E-05,2.00E-05,2.02E-05,1.98E-05,2.12E-05,2.08E-05,2.12E-05,2.11E-05,2.08E-05,2.06E-05,1.97E-05,1.98E-05,1.99E-05,1.99E-05,2.26E-05,2.28E-05,2.30E-05,2.32E-05,2.34E-05,2.36E-05,2.38E-05
#N/A,,,,,,,,,,,,,,,,,,,,,
BEL,0.0047708,0.0046722,0.0044009,0.0046968,0.0045735,0.0044235,0.0040073,0.0039757,0.0037915,0.0037688,0.0031263,0.0032389,0.0031006,0.0029283,0.002797896,0.002640405,0.002482915,0.002325424,0.002167934,0.002010443,0.001852952
BEN,0.0003555,0.0003267,0.0003395,0.0003754,0.0003793,0.0003836,0.0004533,0.0003907,0.0003955,0.0003999,0.0004078,0.0004078,0.0004119,0.0004167,0.000433388,0.000439388,0.000445387,0.000451387,0.000457386,0.000463386,0.000469385
BFA,0.0005412,0.0005209,0.0005381,0.0005934,0.0006133,0.0006313,0.0006518,0.0006667,0.0006838,0.0006985,0.0007111,0.0007247,0.0007429,0.0007563,0.000787962,0.00080676,0.000825559,0.000844358,0.000863157,0.000881956,0.000900755
BHS,4.28E-05,4.32E-05,4.31E-05,2.42E-05,2.46E-05,2.42E-05,2.48E-05,2.63E-05,2.71E-05,2.49E-05,2.44E-05,2.39E-05,2.41E-05,2.49E-05,1.99E-05,1.88E-05,1.76E-05,1.65E-05,1.54E-05,1.43E-05,1.32E-05
BTN,0.0001395,0.0001248,4.33E-05,4.84E-05,4.76E-05,4.69E-05,4.72E-05,4.73E-05,4.75E-05,4.81E-05,4.88E-05,4.88E-05,4.80E-05,4.82E-05,3.70E-05,3.46E-05,3.23E-05,2.99E-05,2.76E-05,2.52E-05,2.29E-05
BLR,0.0022422,0.0025812,0.0025387,0.0025338,0.0023977,0.0024402,0.0021317,0.0021659,0.0021426,0.0021442,0.0020306,0.0020017,0.0019804,0.0019837,0.001844519,0.001788545,0.001732571,0.001676597,0.001620623,0.001564648,0.001508674
BLZ,1.97E-05,2.00E-05,2.06E-05,1.95E-05,1.93E-05,1.94E-05,1.94E-05,1.98E-05,1.96E-05,2.05E-05,1.87E-05,1.90E-05,1.91E-05,1.96E-05,1.91E-05,1.91E-05,1.90E-05,1.90E-05,1.89E-05,1.88E-05,1.88E-05
BGD,0.0063014,0.0065456,0.0066674,0.0070227,0.0069476,0.0070078,0.0070445,0.0071342,0.0071515,0.0073523,0.0073877,0.0074106,0.0074477,0.0074687,0.007626331,0.007698353,0.007770375,0.007842397,0.007914419,0.007986441,0.008058463
BOL,0.0009462,0.0009471,0.0009904,0.0009428,0.0009712,0.0009635,0.0009684,0.0009979,0.0010924,0.0011006,0.0011009,0.0011039,0.0011373,0.001153,0.001166938,0.001185629,0.001204319,0.001223009,0.001241699,0.001260389,0.001279079
BIH,0.0005248,0.0004957,0.000444,0.0004076,0.0003894,0.0004164,0.0004703,0.0003831,0.0003798,0.0003712,0.0003693,0.0003808,0.0003891,0.0003801,0.000355273,0.00034804,0.000340806,0.000333573,0.000326339,0.000319105,0.000311872
BWA,0.0001998,0.0002125,0.0001905,0.0001807,0.0001859,0.0001876,0.0001842,0.0001791,0.0001787,0.0001704,0.0001757,0.0002019,0.0001901,0.0001817,0.000179442,0.000178495,0.000177547,0.000176599,0.000175651,0.000174703,0.000173755
BRA,0.0257628,0.0250664,0.024353,0.0252763,0.0247924,0.0247216,0.0247262,0.0243616,0.0247323,0.0257272,0.0243917,0.0253907,0.0253812,0.0250626,0.025167592,0.025202708,0.025237823,0.025272938,0.025308054,0.025343169,0.025378285
#N/A,0.0001598,0.0001608,0.0001491,0.0001497,0.0001437,0.0001412,0.0001436,0.0001421,0.0001648,0.000164,0.0001514,0.0001517,0.0001629,0.0001601,0.000158958,0.000159852,0.000160746,0.00016164,0.000162534,0.000163427,0.000164321
BDI,0.0005567,0.0005519,0.000631,0.0006385,0.0006714,0.0006783,0.0006979,0.0007072,0.0005818,0.0005829,0.0004575,0.0004623,0.0004722,0.0004779,0.000474238,0.000458352,0.000442465,0.000426578,0.000410691,0.000394804,0.000378918
BGR,0.0018116,0.0018558,0.0018588,0.0016948,0.0016075,0.0015285,0.0014959,0.0014958,0.0014689,0.001324,0.0011586,0.0010647,0.001038,0.0009875,0.000905412,0.000830593,0.000755775,0.000680957,0.000606139,0.000531321,0.000456503
KHM,0.0011504,0.0016886,0.0017277,0.0015477,0.0015513,0.0015464,0.0015508,0.0015578,0.0015665,0.0015645,0.0015606,0.0015483,0.0015768,0.0015826,0.001531958,0.001524769,0.001517581,0.001510392,0.001503204,0.001496015,0.001488827
CAN,0.0114702,0.0112719,0.0107704,0.0115412,0.0113498,0.0110732,0.0109981,0.0108335,0.0107591,0.0104469,0.0095467,0.009663,0.0093403,0.0091552,0.009201315,0.009013049,0.008824784,0.008636518,0.008448252,0.008259986,0.00807172
CMR,0.0008768,0.0008155,0.0009584,0.0010813,0.001118,0.0011335,0.0011392,0.0011601,0.0011006,0.0011369,0.0011552,0.0011671,0.0012049,0.0012222,0.001264673,0.001287177,0.001309681,0.001332185,0.001354688,0.001377192,0.001399696
#N/A,2.15E-05,2.10E-05,2.19E-05,2.21E-05,2.22E-05,2.24E-05,2.25E-05,2.24E-05,2.24E-05,2.22E-05,2.19E-05,2.16E-05,2.18E-05,2.17E-05,2.20E-05,2.20E-05,2.20E-05,2.20E-05,2.20E-05,2.20E-05,2.20E-05
CIV,0.0010227,0.0009586,0.0010724,0.0011407,0.0011386,0.0011828,0.0012055,0.0012043,0.0012037,0.0012022,0.0011906,0.001193,0.0012311,0.0013411,0.001308458,0.001327637,0.001346817,0.001365997,0.001385176,0.001404356,0.001423536
CAF,0.0002063,0.0001994,0.0002061,0.0001972,0.0001974,0.0001974,0.0001976,0.0001979,0.0001984,0.0001982,0.0001999,0.0002013,0.0001938,0.0002262,0.000205662,0.000206352,0.000207042,0.000207732,0.000208422,0.000209112,0.000209802
TCD,0.0005817,0.0005776,0.0006114,0.0005904,0.0005997,0.0006082,0.0006181,0.0006262,0.000526,0.0006042,0.000606,0.0006173,0.00063,0.0006305,0.000620308,0.000622708,0.000625108,0.000627508,0.000629908,0.000632308,0.000634708
CHL,0.0031783,0.0032496,0.0031976,0.0030559,0.0029588,0.003074,0.0031416,0.0031733,0.0031312,0.0029533,0.0028076,0.0025343,0.002688,0.0027141,0.002646377,0.002599384,0.00255239,0.002505397,0.002458403,0.00241141,0.002364416
CHN,0.1576226,0.1623998,0.1654946,0.152607,0.1601365,0.1681193,0.1713495,0.1787783,0.185799,0.1893755,0.2081897,0.2069878,0.2122435,0.2181166,0.220995546,0.22641692,0.231838293,0.237259667,0.242681041,0.248102414,0.253523788
COL,0.0052511,0.0054207,0.0054946,0.0054549,0.0057811,0.005862,0.0060657,0.0062215,0.0063741,0.006938,0.006992,0.0071812,0.0066263,0.0066779,0.007245385,0.007389341,0.007533297,0.007677253,0.007821209,0.007965165,0.008109121
COM,2.94E-05,2.97E-05,2.96E-05,2.34E-05,2.36E-05,2.39E-05,2.43E-05,2.46E-05,2.49E-05,2.52E-05,2.56E-05,2.59E-05,2.62E-05,2.65E-05,2.50E-05,2.49E-05,2.48E-05,2.47E-05,2.46E-05,2.45E-05,2.44E-05
COG,0.0003375,0.0003432,0.0003507,0.0004337,0.0003759,0.0003801,0.0003885,0.0003949,0.0004017,0.0004038,0.0004117,0.000423,0.0004345,0.0004443,0.000443185,0.000449508,0.000455831,0.000462154,0.000468477,0.0004748,0.000481123
CRI,0.0002855,0.0002586,0.00026,0.0002607,0.0002574,0.0002571,0.0002542,0.0002593,0.0002626,0.0002565,0.0002572,0.0002562,0.000254,0.0002579,0.000256069,0.000255819,0.000255568,0.000255318,0.000255067,0.000254816,0.000254566
HRV,0.0009985,0.0009568,0.0009459,0.0008712,0.0006142,0.001349,0.002089,0.0005952,0.0006084,0.0005853,0.0005695,0.000561,0.0005148,0.0004986,0.000470392,0.000419362,0.000368331,0.0003173,0.000266269,0.000215238,0.000164208
CUB,0.0014311,0.0014944,0.0014004,0.0013893,0.0013495,0.0013326,0.0013519,0.0013577,0.0013903,0.0013976,0.0032798,0.0013029,0.001089,0.0012781,0.001599458,0.001614616,0.001629775,0.001644934,0.001660093,0.001675252,0.00169041
CYP,0.000258,0.0002265,0.0002169,0.0001767,0.0001688,0.0001592,0.000157,0.0001504,0.0001816,0.0001785,0.0001677,0.0001677,0.0001679,0.0001778,0.000156927,0.000154107,0.000151286,0.000148466,0.000145646,0.000142825,0.000140005
CSK,,,,,,,,,,,,,,,,,,,,,
CSK,0.0029558,0.0030353,0.0030401,0.0029571,0.0029913,0.0027296,0.0024223,0.0024346,0.0023939,0.0022992,0.0020637,0.0019401,0.0019209,0.0017953,0.001664262,0.001550108,0.001435954,0.0013218,0.001207646,0.001093492,0.000979338
DNK,0.0015191,0.0013977,0.0013802,0.0013645,0.0013278,0.0012848,0.0012457,0.0012992,0.0012432,0.0012895,0.0012485,0.0012124,0.0010952,0.0010774,0.001105615,0.001082614,0.001059613,0.001036612,0.001013611,0.00099061,0.000967609
DJI,0.0001207,0.0001198,0.0001391,0.0001513,0.0001505,0.0001505,0.0001489,0.0001499,0.0001585,0.0001562,0.0001486,0.0001442,0.0001457,0.0001731,0.000162012,0.000163878,0.000165745,0.000167611,0.000169477,0.000171344,0.00017321
DMA,2.12E-06,2.09E-06,2.08E-06,2.00E-06,1.97E-06,1.94E-06,1.95E-06,1.92E-06,1.90E-06,1.87E-06,1.86E-06,1.84E-06,1.82E-06,1.82E-06,1.96E-06,1.95E-06,1.94E-06,1.93E-06,1.92E-06,1.91E-06,1.90E-06
DOM,0.0008588,0.0008243,0.0008455,0.0008083,0.0008223,0.0007995,0.0008191,0.0008183,0.0008204,0.0010195,0.0010023,0.0009948,0.000808,0.00081,0.000916869,0.000924858,0.000932847,0.000940836,0.000948825,0.000956814,0.000964803
COD,0.0032576,0.0032833,0.0035297,0.0041517,0.0036893,0.003604,0.0035423,0.0035913,0.0034804,0.0042607,0.0044819,0.0045172,0.0046886,0.0047241,0.004716138,0.004823449,0.00493076,0.005038071,0.005145382,0.005252693,0.005360004
VDR,0.0074544,0.0077202,0.007929,0.0079932,0.0080121,0.0081179,0.0082544,0.0081984,0.0082452,0.0081219,0.0081239,0.0083235,0.0085318,0.0088437,0.008624646,0.008687341,0.008750035,0.00881273,0.008875424,0.008938119,0.009000813
ECU,0.0015671,0.0015813,0.0016062,0.0014871,0.001499,0.0014364,0.001378,0.0013966,0.0014912,0.0015185,0.0016261,0.0015564,0.0015819,0.0015635,0.001544308,0.001548196,0.001552084,0.001555971,0.001559859,0.001563747,0.001567635
EGY,0.0091931,0.0095786,0.0098128,0.010105,0.0099975,0.0101249,0.0103809,0.0104729,0.0104981,0.0103461,0.010192,0.0101041,0.0101651,0.0098926,0.010312546,0.010338837,0.010365129,0.01039142,0.010417711,0.010444002,0.010470293
GNQ,4.09E-05,3.91E-05,5.06E-05,5.58E-05,5.29E-05,3.69E-05,4.10E-05,4.41E-05,4.70E-05,4.48E-05,4.53E-05,5.27E-05,4.93E-05,5.95E-05,5.16E-05,5.21E-05,5.27E-05,5.32E-05,5.38E-05,5.44E-05,5.49E-05
ERI,0.0018721,0.001732,0.0015951,0.0016026,0.0018541,0.0018554,0.001869,0.0022492,0.0022715,0.0022443,0.0018518,0.0021905,0.0018759,0.0022433,0.002264085,0.002308023,0.002351962,0.0023959,0.002439838,0.002483777,0.002527715
EST,0.0001848,0.0001679,0.0001633,0.0001749,0.0001822,0.0001709,0.0001741,0.0001745,0.0001765,0.0001823,0.0001711,0.0001669,0.0001769,0.0001812,0.000178196,0.000178788,0.00017938,0.000179971,0.000180563,0.000181155,0.000181747
ETH,0.0047372,0.0051994,0.0045984,0.004551,0.0038446,0.003943,0.0040632,0.0041017,0.0038799,0.0037616,0.0037779,0.0037708,0.0038137,0.0038374,0.00347395,0.003386244,0.003298538,0.003210832,0.003123126,0.00303542,0.002947714
TLS,,,,3.69E-05,3.78E-05,3.86E-05,4.13E-05,4.16E-05,4.19E-05,4.17E-05,4.16E-05,3.47E-05,4.03E-05,4.17E-05,,,4.11E-05,4.13E-05,4.15E-05,4.17E-05,4.19E-05
FJI,8.41E-05,8.28E-05,8.26E-05,6.43E-05,6.34E-05,6.26E-05,6.53E-05,6.42E-05,6.41E-05,6.39E-05,6.20E-05,6.21E-05,6.71E-05,6.21E-05,5.85E-05,5.73E-05,5.61E-05,5.49E-05,5.38E-05,5.26E-05,5.14E-05
FIN,0.0021581,0.0020681,0.002017,0.002059,0.0021361,0.0020448,0.0019558,0.0019583,0.0018608,0.0018691,0.001731,0.0016932,0.0016496,0.0015489,0.001581012,0.001536632,0.001492252,0.001447873,0.001403493,0.001359113,0.001314734
FRA,0.0208915,0.0188435,0.018026,0.0194958,0.0197906,0.0197478,0.0194705,0.0187619,0.0184784,0.0182395,0.0165736,0.01599,0.0146966,0.0142069,0.015095873,0.014699447,0.014303021,0.013906596,0.01351017,0.013113744,0.012717318
FSM,3.37E-06,3.41E-06,3.33E-06,1.35E-05,1.33E-05,1.32E-05,1.30E-05,1.28E-05,1.26E-05,1.24E-05,1.23E-05,1.21E-05,1.20E-05,1.20E-05,1.45E-05,1.49E-05,1.54E-05,1.59E-05,1.63E-05,1.68E-05,1.72E-05
GAB,0.0001883,0.0001666,0.0001673,0.0001628,0.0001601,0.0001605,0.0001754,0.0001741,0.0001761,0.0001756,0.0001764,0.0001889,0.0001907,0.000186,0.000189946,0.000192241,0.000194535,0.00019683,0.000199124,0.000201419,0.000203713
GMB,4.83E-05,4.64E-05,4.99E-05,8.26E-05,8.31E-05,8.39E-05,8.49E-05,8.56E-05,8.66E-05,8.86E-05,8.84E-05,0.0001057,8.96E-05,0.0001077,1.10E-04,1.13E-04,1.17E-04,1.21E-04,1.25E-04,1.29E-04,1.32E-04
DDR,,,,,,,,,,,,,,,,,,,,,
DEU,,,,,,,,,,,,,,,,,,,,,
GHA,0.0010388,0.0010198,0.0010093,0.0010577,0.001057,0.0010625,0.0010733,0.0010783,0.0011783,0.0011852,0.0011837,0.0012235,0.0012031,0.0012461,0.001264465,0.001284908,0.00130535,0.001325792,0.001346235,0.001366677,0.001387119
DEU,0.0277775,0.0262184,0.0262841,0.0253005,0.0246804,0.0238936,0.0231391,0.0224238,0.0216176,0.0210535,0.0192746,0.0195061,0.0187915,0.0179105,0.017164627,0.016428874,0.01569312,0.014957367,0.014221614,0.01348586,0.012750107
GNB,0.0001132,0.0001129,0.0001328,0.0001177,0.0001499,0.000151,0.0001526,0.0001538,0.0001553,0.0001549,0.0001296,0.0001307,0.0001153,0.0001168,0.000134004,0.00013366,0.000133317,0.000132974,0.00013263,0.000132287,0.000131943
GRC,0.0039753,0.0037432,0.0038224,0.0040685,0.003931,0.0039302,0.0040292,0.0039974,0.003934,0.0040059,0.0038666,0.0034881,0.0033422,0.002971,0.0034141,0.003361942,0.003309784,0.003257625,0.003205467,0.003153309,0.003101151
GEO,0.0004438,0.0005706,0.0004692,0.0004825,0.00047,0.0004406,0.0003832,0.0003961,0.0004165,0.0005391,0.0004742,0.0004523,0.0004518,0.000447,0.000433835,0.000429953,0.000426071,0.000422189,0.000418307,0.000414425,0.000410543
GRD,2.83E-06,2.84E-06,3.04E-06,3.00E-06,2.96E-06,2.91E-06,2.90E-06,2.88E-06,2.88E-06,2.86E-06,2.85E-06,2.83E-06,2.78E-06,2.74E-06,5.44E-06,5.64E-06,5.84E-06,6.04E-06,6.24E-06,6.44E-06,6.64E-06
GTM,0.0007781,0.000844,0.0009212,0.0009489,0.0009395,0.0009263,0.0009144,0.0009247,0.0008257,0.0008123,0.0008206,0.0008266,0.0008588,0.0008498,0.000822531,0.00081462,0.000806709,0.000798798,0.000790887,0.000782976,0.000775065
GIN,0.0004326,0.0004109,0.0004143,0.0005181,0.0005166,0.000516,0.000512,0.0005117,0.0005341,0.0005353,0.0005408,0.0006406,0.0005433,0.0006508,0.000630642,0.00064552,0.000660397,0.000675275,0.000690152,0.00070503,0.000719907
GUY,5.64E-05,5.56E-05,5.30E-05,4.25E-05,4.31E-05,4.30E-05,3.79E-05,3.78E-05,3.76E-05,3.71E-05,3.30E-05,3.37E-05,3.41E-05,3.36E-05,2.85E-05,2.68E-05,2.51E-05,2.34E-05,2.18E-05,2.01E-05,1.84E-05
HTI,0.0004144,0.0004974,0.0004394,0.0005591,0.0005603,0.0007009,0.000584,0.0005904,0.0007459,0.0006324,0.0006109,0.0005514,0.0005516,0.0005524,0.000622658,0.000628355,0.000634052,0.000639749,0.000645447,0.000651144,0.000656841
#N/A,,,,,,,,,,,,,,,,,,,,,
HND,0.0004335,0.0004343,0.0004366,0.0004131,0.0004474,0.0004497,0.0004547,0.0004571,0.0004637,0.0004657,0.000468,0.0004703,0.0005018,0.0005081,0.000501592,0.000507638,0.000513685,0.000519731,0.000525777,0.000531823,0.000537869
#N/A,,,,,,,,,,,,,,,,,,,,,
#N/A,,,,,,,,,,,,,,,,,,,,,
HUN,0.0019402,0.0018293,0.0018077,0.0017305,0.0017161,0.0016465,0.0016256,0.0015522,0.0015229,0.0015038,0.0012772,0.0012846,0.0012637,0.0011434,0.001133969,0.001077245,0.001020521,0.000963797,0.000907073,0.000850348,0.000793624
ISL,3.91E-05,4.66E-05,4.68E-05,2.40E-05,2.31E-05,2.29E-05,2.63E-05,2.66E-05,2.64E-05,3.19E-05,3.24E-05,3.16E-05,3.10E-05,3.08E-05,2.71E-05,2.65E-05,2.60E-05,2.54E-05,2.49E-05,2.44E-05,2.38E-05
IND,0.0679565,0.0686802,0.0697572,0.0728211,0.0732545,0.0736726,0.0759481,0.0762368,0.0771214,0.07803,0.0807002,0.0794719,0.0803661,0.0808987,0.083042365,0.084059859,0.085077353,0.086094847,0.087112341,0.088129835,0.089147329
IDN,0.0149957,0.0142483,0.0144428,0.0149402,0.0148465,0.0150144,0.014142,0.0142292,0.0143094,0.0144345,0.0143922,0.0143289,0.0145775,0.0144468,0.014375746,0.014359614,0.014343482,0.014327351,0.014311219,0.014295087,0.014278955
IRL,0.0006534,0.0006277,0.0005755,0.0005991,0.0005944,0.0005888,0.0005965,0.0006088,0.000625,0.0006312,0.000589,0.0005696,0.0005564,0.0005377,0.000567038,0.000563432,0.000559825,0.000556219,0.000552612,0.000549005,0.000545399
IRN,0.0130514,0.0128793,0.0133085,0.0130174,0.013277,0.0130136,0.0128966,0.0141106,0.013973,0.0140784,0.0140388,0.0140014,0.0150526,0.0157625,0.015164096,0.01535886,0.015553625,0.015748389,0.015943153,0.016137918,0.016332682
IRQ,0.0061649,0.0061786,0.0064085,0.0066789,0.0066403,0.0056035,0.0045582,0.0050392,0.0048718,0.007738,0.0075736,0.0076158,0.0057172,0.0062019,0.006517862,0.006560792,0.006603723,0.006646654,0.006689585,0.006732515,0.006775446
ISR,0.0039469,0.0040539,0.0041803,0.0042322,0.0041453,0.0038786,0.0040754,0.0041188,0.0039576,0.0042531,0.0040346,0.0040169,0.0040836,0.0042498,0.004103462,0.004104175,0.004104888,0.004105601,0.004106314,0.004107027,0.004107741
ITA,0.0188063,0.0171512,0.0169278,0.0180794,0.0181284,0.0179491,0.0177834,0.0171895,0.0169163,0.0152676,0.0145532,0.0137875,0.0136621,0.0128479,0.013239046,0.012819971,0.012400897,0.011981822,0.011562747,0.011143673,0.010724598
JAM,0.0001927,0.0002025,0.0002076,0.0002005,0.0001911,0.0001848,0.0001789,0.0001834,0.0001835,0.0001773,0.0001722,0.0001712,0.0001741,0.0001719,0.000163946,0.000161004,0.000158063,0.000155121,0.000152179,0.000149237,0.000146296
JOR,0.0015411,0.0014023,0.0013577,0.0013409,0.0013421,0.0013494,0.0013805,0.0014007,0.0014605,0.0014897,0.0013907,0.0013873,0.0013777,0.0013935,0.001418662,0.001422723,0.001426785,0.001430846,0.001434908,0.001438969,0.001443031
JPN,0.048296,0.0498948,0.0470631,0.0486104,0.0469896,0.0450076,0.0432995,0.0414682,0.0399738,0.0393901,0.0360672,0.0370358,0.0361619,0.035588,0.033043342,0.031757776,0.030472209,0.029186643,0.027901076,0.02661551,0.025329943
KEN,0.001477,0.0014564,0.0015084,0.0015505,0.0015636,0.0015795,0.0016312,0.0016476,0.0016945,0.0016887,0.0016894,0.0017216,0.0017554,0.0017948,0.001814312,0.001839635,0.001864959,0.001890282,0.001915606,0.00194093,0.001966253
KIR,2.84E-06,2.81E-06,2.78E-06,2.32E-06,2.32E-06,2.34E-06,2.35E-06,2.37E-06,2.37E-06,2.39E-06,2.39E-06,2.40E-06,2.40E-06,2.42E-06,2.42E-06,2.39E-06,2.36E-06,2.33E-06,2.30E-06,2.27E-06,2.24E-06
ROK,,,,,,,,,,,,,,,,,,,,,
RKS,,,,,,,,,,9.16E-05,9.05E-05,8.90E-05,8.98E-05,8.55E-05,,,,,,,
KWT,0.0019384,0.0018314,0.0020193,0.0018316,0.0018747,0.0018155,0.0017925,0.0017485,0.0017402,0.0020282,0.0016975,0.0017538,0.0017238,0.0017798,0.001731415,0.001719015,0.001706615,0.001694215,0.001681815,0.001669415,0.001657015
KGZ,0.0003464,0.0003702,0.0003803,0.0003849,0.0003808,0.0003855,0.0003568,0.0003552,0.0003487,0.0003366,0.0003238,0.0003169,0.0003282,0.0003326,0.000314077,0.00030839,0.000302703,0.000297016,0.00029133,0.000285643,0.000279956
KAZ,0.0029463,0.0034274,0.0035262,0.0033924,0.0033265,0.003396,0.0031124,0.0031166,0.003331,0.003209,0.0031607,0.0031994,0.0032574,0.003103,0.003092338,0.003066431,0.003040523,0.003014615,0.002988708,0.0029628,0.002936892
LAO,0.0006098,0.0004491,0.0004608,0.0004625,0.0004636,0.0005586,0.0004704,0.0004744,0.0004767,0.000476,0.0004747,0.0005677,0.0004822,0.0004857,0.000508715,0.000512132,0.000515548,0.000518965,0.000522381,0.000525798,0.000529214
LVA,0.0003459,0.0003365,0.0003538,0.0003542,0.0003454,0.0003491,0.0003452,0.000348,0.0003499,0.000349,0.0003228,0.0003035,0.0002853,0.0002933,0.000300162,0.000295393,0.000290625,0.000285857,0.000281089,0.000276321,0.000271553
LBR,0.0001976,0.0002808,0.0002885,0.0003312,0.0003418,0.0004241,0.0004112,0.0004007,0.0002613,0.0002566,0.0002186,0.0002212,0.0002246,0.0002708,0.000238031,0.000228833,0.000219635,0.000210437,0.00020124,0.000192042,0.000182844
LBN,0.0007601,0.0008046,0.0008957,0.0009788,0.0009656,0.000965,0.0009768,0.000979,0.000995,0.0008925,0.0009115,0.0009502,0.0009527,0.0009645,0.000973258,0.000977878,0.000982498,0.000987119,0.000991739,0.000996359,0.00100098
LSO,0.0001066,0.0001054,0.0001056,7.77E-05,7.78E-05,7.75E-05,8.32E-05,8.26E-05,8.25E-05,8.10E-05,8.27E-05,8.21E-05,8.11E-05,8.13E-05,7.59E-05,7.46E-05,7.34E-05,7.21E-05,7.08E-05,6.96E-05,6.83E-05
LBY,0.0020574,0.0019466,0.0018056,0.0015988,0.0015874,0.0015783,0.0016012,0.0015515,0.0015409,0.0015609,0.001604,0.0016589,0.0013629,0.0010642,0.001292677,0.001252497,0.001212316,0.001172136,0.001131956,0.001091776,0.001051596
LIE,1.07E-06,1.09E-06,1.08E-06,1.09E-06,1.07E-06,1.06E-06,1.08E-06,1.07E-06,2.13E-06,2.15E-06,2.13E-06,2.13E-06,2.08E-06,2.10E-06,9.60E-07,9.50E-07,9.40E-07,9.30E-07,9.20E-07,9.10E-07,9.00E-07
LTU,0.0004802,0.0005003,0.0005145,0.0004719,0.0004738,0.0004751,0.0004859,0.0004673,0.0004172,0.0004443,0.0004054,0.0004088,0.0004086,0.0003944,0.000383931,0.0003743,0.000364669,0.000355038,0.000345408,0.000335777,0.000326146
LUX,0.0006198,0.0005746,0.0006075,0.0005799,0.0005407,0.0005055,0.0004046,0.0004595,0.0004371,0.0003939,0.0003624,0.0003727,0.0003493,0.0003069,0.000282215,0.000257756,0.000233297,0.000208837,0.000184378,0.000159919,0.000135459
MRT,0.0002564,0.0002564,0.0002654,0.0002786,0.000281,0.0002837,0.0002866,0.0002896,0.0002928,0.0003043,0.0003031,0.0003022,0.00031,0.0003091,0.000318188,0.000322295,0.000326401,0.000330507,0.000334613,0.000338719,0.000342825
MKD,0.0003021,0.0003261,0.0003499,0.0003252,0.0003378,0.0003231,0.0003092,0.0003089,0.0003051,0.0002935,0.0002879,0.0002511,0.0002592,0.0002307,0.000241542,0.000233107,0.000224671,0.000216235,0.000207799,0.000199364,0.000190928
MDV,1.63E-05,1.51E-05,1.48E-05,1.52E-05,1.61E-05,1.46E-05,1.79E-05,1.92E-05,1.95E-05,9.75E-06,1.23E-05,9.83E-06,1.24E-05,1.25E-05,1.19E-05,1.15E-05,1.12E-05,1.08E-05,1.04E-05,1.00E-05,9.65E-06
MDG,0.0008629,0.0008602,0.0008394,0.0008054,0.0008143,0.0013073,0.0017833,0.0007975,0.0008125,0.0008231,0.0008317,0.0008373,0.000853,0.0008653,0.000876915,0.00086779,0.000858665,0.00084954,0.000840414,0.000831289,0.000822164
MYS,0.003673,0.0038405,0.0042117,0.0044341,0.0044567,0.0046218,0.0045728,0.0045952,0.0047566,0.0047776,0.0045788,0.0044324,0.004566,0.0045372,0.004752669,0.004790068,0.004827467,0.004864866,0.004902265,0.004939664,0.004977063
MUS,8.32E-05,7.18E-05,8.21E-05,5.31E-05,5.26E-05,5.28E-05,4.28E-05,4.34E-05,4.55E-05,4.67E-05,4.32E-05,4.30E-05,4.70E-05,4.77E-05,3.64E-05,3.42E-05,3.20E-05,2.98E-05,2.76E-05,2.54E-05,2.32E-05
MWI,0.0004641,0.0004637,0.0004625,0.0004965,0.0005005,0.0005056,0.000515,0.0005219,0.0005294,0.0005357,0.0005435,0.0006527,0.000556,0.0005616,0.000598942,0.00060929,0.000619638,0.000629986,0.000640334,0.000650681,0.000661029
#N/A,,,,,,,,,,,,,,,,,,,,,
MEX,0.0145863,0.0139242,0.0136882,0.0156695,0.0154903,0.0153559,0.0151594,0.0149429,0.0152907,0.0152171,0.0150032,0.0150348,0.0151336,0.0150392,0.015371869,0.015425554,0.015479238,0.015532923,0.015586608,0.015640292,0.015693977
MDA,0.0004832,0.0004951,0.0004724,0.0003711,0.0004152,0.0004229,0.0003851,0.0003251,0.0003506,0.0003292,0.0002658,0.0002393,0.0002359,0.0002345,0.000197731,0.000176064,0.000154397,0.00013273,0.000111063,8.94E-05,6.77E-05
MLI,0.0005022,0.0004893,0.0004734,0.0005102,0.0005199,0.0005299,0.0005438,0.0005545,0.0005668,0.0005739,0.0005853,0.000597,0.0006094,0.0006186,0.000632854,0.000644448,0.000656043,0.000667637,0.000679232,0.000690826,0.000702421
MLT,3.43E-05,3.42E-05,3.42E-05,3.62E-05,3.68E-05,3.76E-05,3.74E-05,3.65E-05,3.56E-05,3.53E-05,3.57E-05,3.50E-05,3.47E-05,3.41E-05,3.42E-05,3.42E-05,3.42E-05,3.42E-05,3.42E-05,3.42E-05,3.42E-05
MCO,2.56E-06,2.57E-06,2.51E-06,2.45E-06,2.43E-06,2.38E-06,2.37E-06,2.28E-06,2.27E-06,2.30E-06,2.20E-06,2.16E-06,2.03E-06,1.99E-06,1.79E-06,1.73E-06,1.67E-06,1.61E-06,1.55E-06,1.49E-06,1.43E-06
MNE,,,,,,,,4.37E-05,6.75E-05,0.0001079,9.02E-05,7.58E-05,7.50E-05,6.83E-05,,,,,,,8.36E-05
#N/A,,,,,,,,,,,,,,,,,,,,,
MNG,0.0003303,0.000252,0.0002517,0.0002727,0.0002681,0.0002694,0.0002724,0.0002759,0.0002775,0.0002771,0.0002806,0.00029,0.0003161,0.0003291,0.0003145,0.00031951,0.00032452,0.00032953,0.00033454,0.000339549,0.000344559
MAR,0.0039371,0.0038947,0.0040148,0.0038476,0.003812,0.0038491,0.0039297,0.0039317,0.0039579,0.0038939,0.0038446,0.0038112,0.003877,0.003883,0.003861738,0.003857952,0.003854165,0.003850378,0.003846591,0.003842804,0.003839018
MHL,1.84E-06,1.88E-06,1.62E-06,1.52E-06,1.49E-06,1.47E-06,1.45E-06,1.43E-06,1.42E-06,1.40E-06,1.40E-06,1.38E-06,1.36E-06,1.36E-06,-1.50E-06,-1.76E-06,-2.02E-06,-2.28E-06,-2.54E-06,-2.80E-06,-3.06E-06
MMR,0.005239,0.005012,0.005328,0.0067365,0.0070645,0.0065946,0.0066586,0.0063108,0.0061862,0.006546,0.0064776,0.0055265,0.0056615,0.005629,0.006063954,0.006054059,0.006044165,0.00603427,0.006024376,0.006014481,0.006004587
MOZ,0.001004,0.0009926,0.0009871,0.0009837,0.0009661,0.0009876,0.0009956,0.0010014,0.0010083,0.0010156,0.0010251,0.001223,0.0010349,0.0012405,0.001148165,0.00116426,0.001180355,0.001196451,0.001212546,0.001228641,0.001244736
NAM,0.0001137,0.0001577,0.0001576,0.0001449,0.0001518,0.0001563,0.0001571,0.000161,0.0001649,0.0001698,0.0001945,0.0002016,0.0002074,0.0002004,0.000205573,0.00021049,0.000215407,0.000220324,0.000225241,0.000230158,0.000235075
NRU,4.08E-07,4.02E-07,3.72E-07,3.10E-07,3.04E-07,2.99E-07,2.95E-07,2.72E-07,2.78E-07,2.65E-07,2.72E-07,2.67E-07,2.63E-07,2.60E-07,1.20E-08,-1.80E-08,-4.80E-08,-7.80E-08,-1.08E-07,-1.38E-07,-1.68E-07
NPL,0.0010803,0.0012181,0.0012181,0.0011986,0.0013017,0.0013332,0.0013682,0.0013705,0.0013759,0.0013653,0.0013564,0.0015722,0.0015922,0.0015938,0.001599365,0.001631536,0.001663707,0.001695878,0.001728049,0.00176022,0.001792391
NZL,0.0009289,0.0008854,0.0008823,0.0009023,0.0009286,0.0008846,0.0009167,0.0008898,0.0008362,0.0008495,0.0007923,0.0008142,0.0008537,0.0008621,0.0008231,0.000816535,0.00080997,0.000803405,0.000796841,0.000790276,0.000783711
NIC,0.0003802,0.0004104,0.0004199,0.0003933,0.0003905,0.0003898,0.0003872,0.0003869,0.0003802,0.0003744,0.0003554,0.0003518,0.0003514,0.0003474,0.000340292,0.000334635,0.000328978,0.000323321,0.000317664,0.000312007,0.000306349
NGA,0.0068512,0.0064555,0.0068119,0.0077726,0.0076702,0.0078137,0.0080583,0.0080707,0.0083818,0.0085233,0.0085619,0.0087109,0.0089669,0.0090817,0.009402385,0.009593062,0.009783738,0.009974415,0.010165092,0.010355769,0.010546446
NER,0.0004582,0.0004549,0.0004671,0.0004694,0.0004769,0.0004827,0.000489,0.0004958,0.0005033,0.0005111,0.0005207,0.0005294,0.0005424,0.0005847,0.000563562,0.000572341,0.00058112,0.000589899,0.000598678,0.000607457,0.000616236
NOR,0.001804,0.0016587,0.0016667,0.0018798,0.0018525,0.0017844,0.0018014,0.0017565,0.0017348,0.0016206,0.0016753,0.0016108,0.0016938,0.0016982,0.001662988,0.001654036,0.001645084,0.001636132,0.00162718,0.001618227,0.001609275
NLD,0.0057975,0.0055101,0.0056058,0.0054137,0.0054879,0.0054407,0.0053357,0.0050787,0.0050609,0.0048951,0.0046151,0.0045943,0.0043463,0.0041365,0.004201558,0.004081771,0.003961985,0.003842199,0.003722413,0.003602626,0.00348284
OMN,0.0008498,0.0009962,0.0011342,0.0011404,0.0010734,0.0010158,0.0012176,0.0011602,0.0011171,0.0012943,0.0011942,0.0012453,0.0013331,0.0016407,0.001431731,0.001465247,0.001498764,0.00153228,0.001565797,0.001599313,0.00163283
PAK,0.0132955,0.0132489,0.0132578,0.0136299,0.0137693,0.013862,0.0140777,0.0141407,0.0142811,0.0141299,0.013952,0.0140587,0.0141912,0.0145536,0.014530896,0.014616048,0.014701201,0.014786353,0.014871505,0.014956657,0.015041809
PLW,7.02E-07,6.90E-07,7.24E-07,7.07E-07,6.91E-07,6.78E-07,6.77E-07,6.84E-07,6.28E-07,6.11E-07,5.96E-07,5.85E-07,5.99E-07,5.91E-07,1.13E-06,1.17E-06,1.20E-06,1.23E-06,1.27E-06,1.30E-06,1.34E-06
PAN,0.0003334,0.0002718,0.0002722,0.0002695,0.0002517,0.0002523,0.0002549,0.0002556,0.0002562,0.0002577,0.0002622,0.0002651,0.0002824,0.0002897,0.000271808,0.000272821,0.000273834,0.000274847,0.00027586,0.000276874,0.000277887
#N/A,,,,,,,,,,,,,,,,,,,,,
PRY,0.0004704,0.0004935,0.0004948,0.0005351,0.0005348,0.0005044,0.0004631,0.000464,0.0004662,0.0004885,0.0005088,0.0005117,0.0005181,0.0005314,0.000506631,0.00050742,0.000508209,0.000508998,0.000509787,0.000510576,0.000511365
PER,0.0032066,0.0032001,0.003108,0.0032119,0.0031253,0.003039,0.0030109,0.0029977,0.003016,0.0032879,0.0032717,0.0032443,0.0033388,0.0033976,0.003304196,0.003322936,0.003341676,0.003360416,0.003379157,0.003397897,0.003416637
PHL,0.0056308,0.0055826,0.005608,0.0053533,0.0052075,0.005167,0.0051973,0.0052411,0.0053208,0.0053634,0.0053594,0.0055539,0.0055753,0.0056156,0.005465358,0.005475297,0.005485236,0.005495175,0.005505114,0.005515053,0.005524992
#N/A,,,,,,,,,,,,,,,,,,,,,
PNG,0.000219,0.0002162,0.0002167,0.0002038,0.0002046,0.0002126,0.0002226,0.000274,0.0002275,0.0002226,0.0002521,0.0002518,0.0002573,0.0002591,0.000263908,0.000268412,0.000272916,0.000277421,0.000281925,0.00028643,0.000290934
POL,0.008062,0.0082956,0.0079703,0.0070496,0.0069885,0.0069398,0.0064702,0.0066437,0.006702,0.0065514,0.0057734,0.0056609,0.0057246,0.005493,0.005182185,0.004974552,0.004766919,0.004559286,0.004351653,0.00414402,0.003936387
PRT,0.002043,0.0017832,0.0017305,0.0019677,0.0019791,0.0020234,0.0020776,0.0020121,0.002011,0.0019457,0.0019057,0.0017454,0.0017299,0.0017053,0.001824285,0.001814385,0.001804485,0.001794585,0.001784685,0.001774785,0.001764885
PRK,0.0099196,0.0103019,0.0109798,0.012353,0.0123697,0.012528,0.0127006,0.0127492,0.0127626,0.0125982,0.0123732,0.0121817,0.0131622,0.0132601,0.013416512,0.013571396,0.01372628,0.013881164,0.014036048,0.014190932,0.014345816
QAT,0.0008568,0.000816,0.0008897,0.0010296,0.0010482,0.001092,0.0008952,0.0009176,0.0008933,0.0010377,0.0011865,0.0014298,0.0015217,0.0015054,0.001451038,0.001501597,0.001552155,0.001602713,0.001653271,0.00170383,0.001754388
ROK,0.0233995,0.0234004,0.0232826,0.0241815,0.023525,0.0231716,0.0234705,0.023212,0.0230687,0.0226034,0.0220155,0.0225467,0.0233459,0.0232122,0.022640515,0.022566787,0.022493058,0.02241933,0.022345601,0.022271873,0.022198144
ROU,0.0042939,0.0046057,0.0038872,0.0035813,0.0035699,0.0035019,0.0034996,0.0034314,0.003168,0.0029585,0.0024988,0.0025155,0.0024663,0.0023578,0.002099885,0.001937869,0.001775854,0.001613838,0.001451823,0.001289808,0.001127792
RUS,0.051515,0.0515117,0.0535273,0.049657,0.0497054,0.0476593,0.0408001,0.0411584,0.0410956,0.0410097,0.0393509,0.0394878,0.0402336,0.0400789,0.035797773,0.03459003,0.033382286,0.032174543,0.030966799,0.029759056,0.028551313
VDR,,,,,,,,,,,,,,,,,,,,,
RWA,0.0005941,0.0008185,0.0008517,0.0009177,0.0007663,0.0007652,0.0007775,0.0007865,0.0006416,0.0006433,0.0006492,0.0006464,0.0006573,0.0006628,0.000594062,0.000573609,0.000553156,0.000532703,0.000512251,0.000491798,0.000471345
ZAF,0.0074509,0.00741,0.0075082,0.0078927,0.0079741,0.0079432,0.0077549,0.0076173,0.0074643,0.0073428,0.0074341,0.0070938,0.0070918,0.0069406,0.007066546,0.007004978,0.00694341,0.006881842,0.006820274,0.006758705,0.006697137
SLV,0.0005738,0.0005914,0.0006035,0.0004821,0.0004671,0.0004611,0.0004563,0.0004529,0.0004435,0.0004346,0.0004268,0.0004194,0.0004209,0.0004124,0.000373827,0.000360505,0.000347184,0.000333863,0.000320541,0.00030722,0.000293898
SAU,0.0107827,0.0112029,0.0115701,0.0105053,0.0101286,0.0104053,0.011185,0.0115048,0.0117657,0.0117789,0.0122051,0.0126661,0.0126323,0.0137426,0.013128277,0.013341188,0.013554099,0.01376701,0.013979921,0.014192832,0.014405743
#N/A,,,,,,,,,,,,,,,,,,,,,
SEN,0.0006322,0.0006019,0.0006218,0.0006266,0.000677,0.0006845,0.0006925,0.0006967,0.0007125,0.0007187,0.0007208,0.0007242,0.0007406,0.0007411,0.000767585,0.00077879,0.000789996,0.000801201,0.000812407,0.000823612,0.000834818
SYC,4.67E-06,4.61E-06,4.64E-06,1.29E-05,1.27E-05,4.46E-06,4.80E-06,4.68E-06,3.97E-06,3.47E-06,3.22E-06,4.94E-06,3.04E-06,3.57E-06,2.49E-06,2.06E-06,1.64E-06,1.21E-06,7.88E-07,3.63E-07,-6.20E-08
#N/A,,,,,,,,,,,,,,,,,,,,,
SLE,0.0002386,0.0002418,0.000275,0.0003256,0.0003288,0.0003322,0.0003354,0.0003385,0.0003238,0.0003212,0.0003203,0.0003197,0.0003219,0.0003226,0.000340392,0.00034389,0.000347388,0.000350886,0.000354384,0.000357881,0.000361379
SGP,0.0028158,0.0026462,0.0026031,0.0027137,0.002718,0.0027752,0.0029889,0.0029987,0.002974,0.0029452,0.0028419,0.0027626,0.0029141,0.0030085,0.003015438,0.00304083,0.003066221,0.003091612,0.003117003,0.003142395,0.003167786
#N/A,1.71E-06,1.64E-06,1.89E-06,1.59E-06,1.62E-06,1.57E-06,1.59E-06,1.45E-06,1.44E-06,1.46E-06,1.48E-06,1.45E-06,1.46E-06,1.47E-06,4.89E-06,5.14E-06,5.39E-06,5.64E-06,5.89E-06,6.14E-06,6.39E-06
SVK,0.0016184,0.0016099,0.0017396,0.0015755,0.0015427,0.0014309,0.0013814,0.0014029,0.0013462,0.0012774,0.001184,0.0011731,0.0010867,0.0010607,0.001001323,0.000948644,0.000895965,0.000843286,0.000790607,0.000737927,0.000685248
#N/A,4.63E-06,4.65E-06,4.74E-06,4.68E-06,4.68E-06,4.64E-06,4.65E-06,4.67E-06,4.68E-06,4.69E-06,4.71E-06,4.71E-06,4.69E-06,4.67E-06,5.82E-06,5.91E-06,6.00E-06,6.09E-06,6.18E-06,6.27E-06,6.36E-06
SVN,0.0003741,0.0003652,0.0003466,0.0003288,0.0003167,0.0003218,0.0003295,0.0003384,0.000339,0.0003299,0.0003051,0.0003059,0.000303,0.0002811,0.000292258,0.000287734,0.00028321,0.000278687,0.000274163,0.00026964,0.000265116
SMR,2.19E-06,2.23E-06,2.26E-06,2.23E-06,2.26E-06,2.25E-06,2.28E-06,2.23E-06,2.20E-06,2.15E-06,2.05E-06,2.04E-06,1.96E-06,1.89E-06,2.62E-06,2.65E-06,2.68E-06,2.71E-06,2.74E-06,2.77E-06,2.80E-06
SLB,1.26E-05,1.28E-05,1.22E-05,1.21E-05,1.23E-05,1.24E-05,1.25E-05,1.27E-05,1.28E-05,1.29E-05,1.31E-05,1.32E-05,1.33E-05,1.34E-05,1.34E-05,1.35E-05,1.36E-05,1.37E-05,1.38E-05,1.39E-05,1.40E-05
SOM,0.0007977,0.0008053,0.0005052,0.0006301,0.0006394,0.000692,0.0005612,0.0005704,0.0006587,0.0006775,0.0004862,0.0006224,0.0006696,0.0006865,0.000619088,0.00061737,0.000615652,0.000613934,0.000612216,0.000610498,0.00060878
ESP,0.0101219,0.0100209,0.0098896,0.0107764,0.0103428,0.010426,0.0103975,0.010248,0.0103071,0.0101439,0.0097917,0.0085416,0.0084359,0.0081208,0.008652623,0.008488248,0.008323874,0.008159499,0.007995124,0.007830749,0.007666375
LKA,0.0017033,0.0018314,0.0018938,0.0020674,0.0020055,0.0018365,0.0017003,0.0017177,0.0020569,0.002115,0.0020506,0.0020931,0.0021537,0.0021227,0.002134162,0.002157233,0.002180304,0.002203376,0.002226447,0.002249519,0.00227259
SSD,,,,,,,,,,,,,0.0004559,0.0017923,,,,,,,
STP,1.21E-05,6.62E-06,6.59E-06,6.31E-06,6.35E-06,6.42E-06,6.50E-06,6.57E-06,6.65E-06,6.76E-06,6.87E-06,6.97E-06,7.06E-06,7.16E-06,6.23E-06,6.20E-06,6.17E-06,6.14E-06,6.11E-06,6.08E-06,6.05E-06
SDN,0.0024526,0.0025013,0.0027332,0.002494,0.0024168,0.002429,0.0025614,0.002886,0.0028968,0.00292,0.0025451,0.0025973,0.0026208,0.0029977,0.002835796,0.002860697,0.002885597,0.002910498,0.002935398,0.002960299,0.002985199
SUR,5.60E-05,6.19E-05,6.56E-05,4.31E-05,4.21E-05,4.22E-05,4.23E-05,4.20E-05,4.19E-05,4.22E-05,4.19E-05,4.59E-05,4.67E-05,4.90E-05,4.05E-05,3.96E-05,3.87E-05,3.78E-05,3.69E-05,3.60E-05,3.51E-05
#N/A,3.31E-06,3.29E-06,3.14E-06,3.04E-06,3.01E-06,3.00E-06,2.98E-06,2.94E-06,2.91E-06,2.88E-06,2.85E-06,2.81E-06,2.77E-06,2.73E-06,1.34E-06,1.19E-06,1.04E-06,8.90E-07,7.40E-07,5.90E-07,4.40E-07
#N/A,6.57E-05,9.55E-05,5.08E-05,5.89E-05,5.76E-05,5.66E-05,5.65E-05,5.86E-05,5.87E-05,5.91E-05,5.90E-05,5.82E-05,5.82E-05,5.79E-05,5.35E-05,5.25E-05,5.15E-05,5.05E-05,4.96E-05,4.86E-05,4.76E-05
SWE,0.0036421,0.0039448,0.0041333,0.0032253,0.0030422,0.002948,0.0028961,0.002767,0.0027194,0.0025412,0.0020156,0.0021802,0.0022039,0.0021301,0.001719558,0.001561395,0.001403231,0.001245068,0.001086905,0.000928742,0.000770579
CHE,0.0016296,0.0015034,0.0014647,0.0016763,0.0016512,0.0015444,0.0014106,0.0013547,0.0012825,0.0014704,0.0013999,0.0013973,0.0015342,0.0014276,0.001383888,0.001371508,0.001359127,0.001346746,0.001334365,0.001321985,0.001309604
SYR,0.004107,0.0042647,0.0045748,0.0042135,0.0043665,0.0042808,0.004267,0.0043546,0.0043551,0.004248,0.004288,0.0045754,0.0049392,0.0048405,0.004678754,0.004714531,0.004750308,0.004786085,0.004821862,0.004857638,0.004893415
TJK,0.0003576,0.0003536,0.0003558,0.0003367,0.0003362,0.000346,0.0003417,0.0003442,0.0003476,0.0003522,0.0003446,0.0003459,0.0003574,0.0003635,0.000353788,0.0003546,0.000355412,0.000356223,0.000357035,0.000357846,0.000358658
TWN,0.011175,0.0116907,0.0104213,0.009284,0.0081508,0.008015,0.0077849,0.007592,0.00765,0.0074629,0.0069168,0.0069421,0.0069292,0.0069907,0.005834292,0.005504791,0.00517529,0.004845789,0.004516288,0.004186787,0.003857286
TZA,0.001858,0.0018547,0.0018243,0.0017651,0.0018099,0.0018319,0.001827,0.001858,0.00189,0.0019459,0.0019866,0.0020418,0.0020512,0.0021146,0.002085531,0.002110925,0.00213632,0.002161714,0.002187109,0.002212503,0.002237898
THA,0.0072109,0.0072467,0.0106502,0.0073315,0.0075253,0.0076116,0.0077029,0.0076394,0.0078205,0.0078294,0.0077681,0.0077689,0.0077715,0.0077178,0.007547381,0.007500481,0.007453582,0.007406682,0.007359783,0.007312884,0.007265984
TKM,0.0006521,0.000667,0.0007091,0.0007128,0.0008119,0.0008056,0.0007553,0.0007561,0.0007932,0.0007376,0.0008259,0.0007344,0.0008728,0.0007789,0.000824669,0.000833022,0.000841375,0.000849727,0.00085808,0.000866433,0.000874786
TGO,0.0002987,0.0002686,0.0002998,0.0003215,0.0003071,0.0003093,0.00032,0.0003222,0.0003255,0.0003276,0.0003296,0.0003308,0.0003345,0.0003371,0.000346096,0.000350114,0.000354132,0.000358151,0.000362169,0.000366187,0.000370205
TON,3.75E-06,3.72E-06,3.39E-06,2.70E-06,2.70E-06,2.67E-06,2.66E-06,2.65E-06,2.63E-06,2.62E-06,2.62E-06,2.58E-06,2.56E-06,2.53E-06,-5.70E-07,-9.00E-07,-1.23E-06,-1.56E-06,-1.89E-06,-2.22E-06,-2.55E-06
TTO,0.0005026,0.000516,0.0005078,0.0005203,0.0005223,0.0004958,0.0004764,0.0005505,0.0005439,0.0005114,0.0005029,0.0005043,0.0005158,0.0004905,0.000506896,0.000506146,0.000505396,0.000504646,0.000503896,0.000503146,0.000502396
TUN,0.0008751,0.0008723,0.000901,0.0009915,0.0009668,0.0009562,0.0009614,0.0009586,0.0009511,0.0009558,0.0009583,0.0009349,0.0009457,0.000965,0.000967458,0.000970297,0.000973136,0.000975975,0.000978814,0.000981653,0.000984492
TUR,0.0163819,0.0146565,0.0135269,0.014344,0.0145365,0.0145388,0.0146786,0.015189,0.0153242,0.0151803,0.014774,0.0154321,0.0151071,0.0152386,0.015516935,0.015617963,0.015718991,0.015820019,0.015921047,0.016022075,0.016123103
#N/A,,,,,,,,,,,,,,,,,,,,,
TUV,,3.03E-07,2.46E-07,2.77E-07,2.74E-07,2.70E-07,2.66E-07,2.63E-07,2.60E-07,2.57E-07,2.54E-07,2.50E-07,2.47E-07,2.44E-07,-4.38E-07,-4.95E-07,-5.52E-07,-6.09E-07,-6.66E-07,-7.23E-07,-7.80E-07
ARE,0.0022976,0.002453,0.0025087,0.0021046,0.0022027,0.0021913,0.0031554,0.0031892,0.0032074,0.0036268,0.0029811,0.0038965,0.0033158,0.0028829,0.003633519,0.003738138,0.003842758,0.003947377,0.004051996,0.004156615,0.004261235
UGA,0.0012518,0.0012449,0.001348,0.0014231,0.0014729,0.0014345,0.0013876,0.001403,0.0014257,0.0014422,0.0014541,0.0014562,0.0014832,0.0015158,0.001515896,0.001529253,0.001542609,0.001555966,0.001569323,0.001582679,0.001596036
GBR,0.0231577,0.0221931,0.0213525,0.0192999,0.0191593,0.0191981,0.0199509,0.019684,0.0188802,0.0174505,0.0162162,0.0156342,0.0152462,0.015277,0.01457685,0.014026926,0.013477003,0.012927079,0.012377155,0.011827232,0.011277308
UKR,0.0142698,0.0148746,0.0151345,0.0146317,0.0145989,0.0136791,0.0118251,0.0114395,0.0111927,0.0098393,0.0088726,0.0088143,0.0086808,0.0082312,0.007028431,0.006364203,0.005699976,0.005035748,0.004371521,0.003707293,0.003043066
URY,0.0005177,0.0005259,0.000523,0.0005347,0.0005329,0.0005462,0.0005337,0.0005213,0.0005322,0.0005252,0.0005207,0.0005195,0.0005192,0.0005186,0.000519327,0.000518208,0.000517088,0.000515969,0.00051485,0.000513731,0.000512612
USA,0.1426249,0.1428047,0.1414571,0.1537646,0.1519185,0.1515293,0.1565189,0.1544305,0.1497976,0.1478703,0.1459863,0.1480978,0.143291,0.1393526,0.145676623,0.145313732,0.144950841,0.144587949,0.144225058,0.143862167,0.143499276
UZB,0.0026678,0.0029561,0.0029296,0.0028834,0.0027618,0.0027135,0.0022946,0.002279,0.0022521,0.0028093,0.002718,0.0023508,0.0023823,0.0026664,0.002361785,0.00232559,0.002289396,0.002253201,0.002217007,0.002180812,0.002144618
VUT,5.57E-06,5.61E-06,5.57E-06,5.54E-06,5.59E-06,5.64E-06,5.70E-06,5.77E-06,5.83E-06,5.90E-06,5.98E-06,6.02E-06,6.08E-06,6.12E-06,5.09E-06,5.05E-06,5.01E-06,4.97E-06,4.93E-06,4.89E-06,4.85E-06
VEN,0.0050862,0.0047359,0.005171,0.0051201,0.0047743,0.0046298,0.0047901,0.0047387,0.0046035,0.0049267,0.0049084,0.0044171,0.0045295,0.0049272,0.004633938,0.004611619,0.004589299,0.004566979,0.004544659,0.00452234,0.00450002
#N/A,,,,,,,,,,,,,,,,,,,,,
WSM,5.32E-06,5.34E-06,5.33E-06,5.14E-06,5.08E-06,5.02E-06,4.98E-06,4.95E-06,4.93E-06,4.88E-06,4.87E-06,4.82E-06,4.78E-06,4.76E-06,5.21E-06,5.20E-06,5.19E-06,5.18E-06,5.17E-06,5.16E-06,5.15E-06
YEM,,,,,,,,,,,,,,,,,,,,,
YEM,0.0014138,0.0014158,0.0013549,0.0015439,0.0015615,0.0015708,0.00155,0.0015915,0.0016132,0.0016697,0.0016053,0.0017409,0.0016838,0.0017423,0.001771965,0.001798251,0.001824536,0.001850821,0.001877106,0.001903391,0.001929676
YMD,,,,,,,,,,,,,,,,,,,,,
SCG,0.0020397,0.0020743,0.0019015,0.0015413,0.0015184,0.0015505,0.0014522,0.0015172,0.0012524,0.0010754,0.0009838,0.0009925,0.0010019,0.0008547,0.000717985,0.000625871,0.000533758,0.000441645,0.000349532,0.000257419,0.000165305
ZMB,0.0007559,0.0007168,0.0007593,0.0007623,0.0007332,0.0007329,0.0007413,0.0007674,0.000766,0.0007714,0.0007749,0.0007843,0.0007996,0.000812,0.000805012,0.000810987,0.000816962,0.000822937,0.000828913,0.000834888,0.000840863
#N/A,,,,,,,,,,,,,,,,,,,,,
ZWE,0.0011057,0.0010628,0.0010785,0.0011185,0.0010072,0.0009714,0.0009457,0.0009224,0.001064,0.0010318,0.0010202,0.0008534,0.000867,0.0008802,0.000873492,0.000857364,0.000841235,0.000825107,0.000808978,0.000792849,0.000776721