Code,Year,Conflict (deaths)
AFG,1990,1489.99929
AFG,1991,3370.000153
AFG,1992,4343.997795
AFG,1993,4097.000207
AFG,1994,8959.000461
AFG,1995,5508.000168
AFG,1996,3254.9995870000002
AFG,1997,6722.996878
AFG,1998,12065.009890000001
AFG,1999,5104.000043999999
AFG,2000,5429.002257
AFG,2001,5727.006858
AFG,2002,985.000023
AFG,2003,864.0000767999999
AFG,2004,1042.999637
AFG,2005,2078.000062
AFG,2006,5677.0012130000005
AFG,2007,8216.000975
AFG,2008,6748.999931
AFG,2009,7562.996178
AFG,2010,8117.000620000001
AFG,2011,9061.000023
AFG,2012,11332.99
AFG,2013,11816.97473
AFG,2014,17949.99611
AFG,2015,23661.95147
AFG,2016,28050.866789999996
AFG,2017,1662.000127
ALB,1990,0.0
ALB,1991,0.0
ALB,1992,1.0
ALB,1993,1.999999874
ALB,1994,18.00000016
ALB,1995,2.000000051
ALB,1996,7.999999405
ALB,1997,2025.997193
ALB,1998,7.000000204
ALB,1999,11.99999997
ALB,2000,0.999999856
ALB,2001,5.000000167
ALB,2002,1.000000003
ALB,2003,0.0
ALB,2004,3.9999999660000003
ALB,2005,0.0
ALB,2006,0.0
ALB,2007,0.0
ALB,2008,0.0
ALB,2009,0.0
ALB,2010,0.0
ALB,2011,0.0
ALB,2012,0.0
ALB,2013,0.0
ALB,2014,1.0
ALB,2015,0.0
ALB,2016,0.0
ALB,2017,0.0
DZA,1990,3.999999995
DZA,1991,75.99999971
DZA,1992,510.0000125
DZA,1993,826.0
DZA,1994,2428.000154
DZA,1995,3424.9992380000003
DZA,1996,1620.000164
DZA,1997,4904.99967
DZA,1998,4430.000811
DZA,1999,1518.99995
DZA,2000,2534.000207
DZA,2001,1330.000005
DZA,2002,1613.000229
DZA,2003,931.9999426
DZA,2004,576.9999903
DZA,2005,323.99999449999996
DZA,2006,405.9999934
DZA,2007,699.0000237
DZA,2008,505.0000125
DZA,2009,637.0000069
DZA,2010,318.0000018
DZA,2011,341.0000022
DZA,2012,289.0000013
DZA,2013,216.0000006
DZA,2014,113.999999
DZA,2015,114.0
DZA,2016,92.00000004
DZA,2017,134.99999630000002
ASM,1990,0.0
ASM,1991,0.0
ASM,1992,0.0
ASM,1993,0.0
ASM,1994,0.0
ASM,1995,0.0
ASM,1996,0.0
ASM,1997,0.0
ASM,1998,0.0
ASM,1999,0.0
ASM,2000,0.0
ASM,2001,0.0
ASM,2002,0.0
ASM,2003,1.000000005
ASM,2004,1.000000014
ASM,2005,2.00000001
ASM,2006,1.9999999730000002
ASM,2007,1.9999999590000002
ASM,2008,0.9999999959999999
ASM,2009,0.0
ASM,2010,0.0
ASM,2011,0.0
ASM,2012,0.0
ASM,2013,1.000000008
ASM,2014,0.0
ASM,2015,0.0
ASM,2016,0.0
ASM,2017,0.0
AND,1990,0.0
AND,1991,0.0
AND,1992,0.0
AND,1993,0.0
AND,1994,0.0
AND,1995,0.0
AND,1996,0.0
AND,1997,0.0
AND,1998,0.0
AND,1999,0.0
AND,2000,0.0
AND,2001,0.0
AND,2002,0.0
AND,2003,0.0
AND,2004,0.0
AND,2005,0.0
AND,2006,0.0
AND,2007,0.0
AND,2008,0.0
AND,2009,0.0
AND,2010,0.0
AND,2011,0.0
AND,2012,0.0
AND,2013,0.0
AND,2014,0.0
AND,2015,0.0
AND,2016,0.0
AND,2017,0.0
AGO,1990,2755.999916
AGO,1991,595.0000982999999
AGO,1992,2424.999911
AGO,1993,12398.03499
AGO,1994,4116.997104
AGO,1995,266.9999881
AGO,1996,93.000002
AGO,1997,2921.9979719999997
AGO,1998,14042.925269999998
AGO,1999,7265.968158
AGO,2000,3377.998233
AGO,2001,3067.001012
AGO,2002,599.9999911
AGO,2003,81.00000031
AGO,2004,49.99999999
AGO,2005,11.0
AGO,2006,12.00000007
AGO,2007,34.0
AGO,2008,5.0
AGO,2009,28.0
AGO,2010,13.99999996
AGO,2011,5.0
AGO,2012,4.0
AGO,2013,4.0
AGO,2014,0.0
AGO,2015,1.0000000009999999
AGO,2016,31.00000005
AGO,2017,55.99999981
ATG,1990,0.0
ATG,1991,0.0
ATG,1992,0.0
ATG,1993,0.0
ATG,1994,0.0
ATG,1995,0.0
ATG,1996,0.999999857
ATG,1997,0.0
ATG,1998,0.0
ATG,1999,0.0
ATG,2000,0.0
ATG,2001,0.0
ATG,2002,0.0
ATG,2003,0.0
ATG,2004,0.0
ATG,2005,0.0
ATG,2006,0.0
ATG,2007,0.0
ATG,2008,0.0
ATG,2009,0.0
ATG,2010,0.0
ATG,2011,0.0
ATG,2012,0.0
ATG,2013,0.0
ATG,2014,0.0
ATG,2015,0.0
ATG,2016,0.0
ATG,2017,0.0
ARG,1990,1.0
ARG,1991,1.0
ARG,1992,32.00000003
ARG,1993,0.0
ARG,1994,86.00000025
ARG,1995,0.0
ARG,1996,1.0
ARG,1997,3.0
ARG,1998,0.0
ARG,1999,0.0
ARG,2000,0.0
ARG,2001,0.0
ARG,2002,0.0
ARG,2003,0.0
ARG,2004,0.0
ARG,2005,0.0
ARG,2006,0.0
ARG,2007,0.0
ARG,2008,0.0
ARG,2009,0.0
ARG,2010,0.0
ARG,2011,0.0
ARG,2012,0.0
ARG,2013,0.0
ARG,2014,0.0
ARG,2015,0.0
ARG,2016,0.0
ARG,2017,0.0
ARM,1990,227.9999591
ARM,1991,251.0000472
ARM,1992,935.0012622000002
ARM,1993,288.0000199
ARM,1994,45.00000023
ARM,1995,11.00000001
ARM,1996,4.000000009
ARM,1997,4.568629424
ARM,1998,2.284314721
ARM,1999,10.95018625
ARM,2000,2.950186149
ARM,2001,6.613671853
ARM,2002,1.14215736
ARM,2003,3.426472085
ARM,2004,3.948993272
ARM,2005,1.0
ARM,2006,3.0131447560000004
ARM,2007,3.6928206539999997
ARM,2008,4.621763787
ARM,2009,5.355790782
ARM,2010,18.77454038
ARM,2011,8.593645984
ARM,2012,9.0
ARM,2013,6.00000006
ARM,2014,22.00000008
ARM,2015,51.00001835
ARM,2016,119.99998909999998
ARM,2017,0.0
AUS,1990,1.99999998
AUS,1991,4.000000015
AUS,1992,1.999999995
AUS,1993,0.0
AUS,1994,5.999999979
AUS,1995,0.0
AUS,1996,2.0
AUS,1997,0.0
AUS,1998,0.0
AUS,1999,0.0
AUS,2000,1.000000014
AUS,2001,1.000000008
AUS,2002,0.0
AUS,2003,0.0
AUS,2004,0.0
AUS,2005,0.0
AUS,2006,0.0
AUS,2007,0.0
AUS,2008,0.0
AUS,2009,2.000000022
AUS,2010,10.0
AUS,2011,11.0
AUS,2012,1.000000008
AUS,2013,0.0
AUS,2014,4.0
AUS,2015,3.0000000960000004
AUS,2016,0.0
AUS,2017,0.0
AUT,1990,0.0
AUT,1991,0.0
AUT,1992,0.0
AUT,1993,0.0
AUT,1994,0.0
AUT,1995,5.999999995
AUT,1996,0.0
AUT,1997,0.0
AUT,1998,0.0
AUT,1999,0.0
AUT,2000,0.0
AUT,2001,0.0
AUT,2002,0.0
AUT,2003,0.0
AUT,2004,0.0
AUT,2005,0.0
AUT,2006,0.0
AUT,2007,0.0
AUT,2008,0.0
AUT,2009,1.0000000009999999
AUT,2010,0.0
AUT,2011,0.0
AUT,2012,0.0
AUT,2013,1.9999997859999998
AUT,2014,0.0
AUT,2015,0.0
AUT,2016,0.0
AUT,2017,0.0
AZE,1990,199.00001980000002
AZE,1991,286.9999921
AZE,1992,3949.0081880000002
AZE,1993,3038.988162
AZE,1994,4650.020775999999
AZE,1995,53.99999987
AZE,1996,7.00000005
AZE,1997,30.0
AZE,1998,34.0
AZE,1999,18.00000007
AZE,2000,13.0
AZE,2001,8.605492095
AZE,2002,5.331465261
AZE,2003,12.907552699999998
AZE,2004,9.743081338
AZE,2005,24.0
AZE,2006,5.0
AZE,2007,12.0
AZE,2008,35.00000023
AZE,2009,8.0
AZE,2010,19.99999994
AZE,2011,21.0
AZE,2012,16.0
AZE,2013,11.0
AZE,2014,46.00000004
AZE,2015,63.00000066
AZE,2016,138.0000084
AZE,2017,0.0
BHS,1990,0.0
BHS,1991,0.0
BHS,1992,0.0
BHS,1993,0.0
BHS,1994,0.0
BHS,1995,0.0
BHS,1996,0.0
BHS,1997,0.999999987
BHS,1998,0.0
BHS,1999,0.0
BHS,2000,0.0
BHS,2001,0.0
BHS,2002,0.0
BHS,2003,0.0
BHS,2004,0.0
BHS,2005,0.0
BHS,2006,0.0
BHS,2007,0.0
BHS,2008,0.0
BHS,2009,0.0
BHS,2010,0.0
BHS,2011,0.0
BHS,2012,0.0
BHS,2013,0.0
BHS,2014,0.0
BHS,2015,0.0
BHS,2016,0.0
BHS,2017,0.0
BHR,1990,0.0
BHR,1991,0.999999985
BHR,1992,0.0
BHR,1993,0.0
BHR,1994,0.0
BHR,1995,0.999999985
BHR,1996,7.999999485
BHR,1997,4.9999997160000005
BHR,1998,0.0
BHR,1999,0.0
BHR,2000,0.0
BHR,2001,0.0
BHR,2002,0.0
BHR,2003,0.0
BHR,2004,0.0
BHR,2005,0.0
BHR,2006,0.0
BHR,2007,0.0
BHR,2008,0.999999992
BHR,2009,0.0
BHR,2010,0.0
BHR,2011,0.0
BHR,2012,4.999999821
BHR,2013,3.9999998289999996
BHR,2014,8.999999971
BHR,2015,5.000000212
BHR,2016,0.999999999
BHR,2017,10.99999876
BGD,1990,157.9999998
BGD,1991,164.0
BGD,1992,324.9999974
BGD,1993,12.0
BGD,1994,56.00000001
BGD,1995,41.00000001
BGD,1996,127.0000001
BGD,1997,19.0
BGD,1998,5.0
BGD,1999,31.00000001
BGD,2000,25.0
BGD,2001,60.99999999
BGD,2002,26.0
BGD,2003,10.0
BGD,2004,81.99999999
BGD,2005,137.9999999
BGD,2006,101.0
BGD,2007,19.0
BGD,2008,22.0
BGD,2009,20.0
BGD,2010,17.0
BGD,2011,9.0
BGD,2012,7.999999999
BGD,2013,26.0
BGD,2014,39.99999999
BGD,2015,102.0
BGD,2016,151.0000001
BGD,2017,118.99999960000001
BRB,1990,0.0
BRB,1991,0.0
BRB,1992,2.999999817
BRB,1993,0.0
BRB,1994,0.0
BRB,1995,0.0
BRB,1996,0.0
BRB,1997,0.0
BRB,1998,0.0
BRB,1999,0.0
BRB,2000,0.0
BRB,2001,0.0
BRB,2002,0.0
BRB,2003,0.0
BRB,2004,0.0
BRB,2005,0.0
BRB,2006,0.0
BRB,2007,0.0
BRB,2008,0.0
BRB,2009,0.0
BRB,2010,0.0
BRB,2011,0.0
BRB,2012,0.0
BRB,2013,0.0
BRB,2014,0.0
BRB,2015,0.0
BRB,2016,0.0
BRB,2017,0.0
BLR,1990,0.0
BLR,1991,0.0
BLR,1992,0.0
BLR,1993,0.0
BLR,1994,0.0
BLR,1995,0.0
BLR,1996,0.0
BLR,1997,1.0
BLR,1998,0.0
BLR,1999,0.0
BLR,2000,0.0
BLR,2001,0.0
BLR,2002,10.62993141
BLR,2003,9.335517634
BLR,2004,0.0
BLR,2005,0.0
BLR,2006,0.0
BLR,2007,7.1669865260000005
BLR,2008,11.58921497
BLR,2009,10.86777109
BLR,2010,7.666861027
BLR,2011,26.01864338
BLR,2012,0.0
BLR,2013,6.8981124089999994
BLR,2014,6.346881862
BLR,2015,0.0
BLR,2016,0.0
BLR,2017,0.0
BEL,1990,2.0
BEL,1991,1.0
BEL,1992,1.0000000009999999
BEL,1993,0.0
BEL,1994,0.0
BEL,1995,0.0
BEL,1996,0.0
BEL,1997,3.999999987
BEL,1998,0.0
BEL,1999,0.0
BEL,2000,0.0
BEL,2001,0.0
BEL,2002,0.0
BEL,2003,0.0
BEL,2004,0.0
BEL,2005,1.999999871
BEL,2006,0.0
BEL,2007,0.0
BEL,2008,0.0
BEL,2009,0.0
BEL,2010,0.0
BEL,2011,0.0
BEL,2012,1.0
BEL,2013,0.0
BEL,2014,4.000000007
BEL,2015,0.0
BEL,2016,70.00000023
BEL,2017,0.0
BLZ,1990,0.0
BLZ,1991,2.0000000140000003
BLZ,1992,0.999999943
BLZ,1993,0.0
BLZ,1994,0.0
BLZ,1995,0.0
BLZ,1996,0.0
BLZ,1997,0.0
BLZ,1998,67.00007251
BLZ,1999,3.99999982
BLZ,2000,12.99999278
BLZ,2001,0.0
BLZ,2002,0.0
BLZ,2003,0.0
BLZ,2004,0.0
BLZ,2005,3.000000144
BLZ,2006,0.0
BLZ,2007,0.0
BLZ,2008,0.0
BLZ,2009,0.0
BLZ,2010,5.999999979
BLZ,2011,0.0
BLZ,2012,0.0
BLZ,2013,0.0
BLZ,2014,0.0
BLZ,2015,0.0
BLZ,2016,0.0
BLZ,2017,0.0
BEN,1990,0.0
BEN,1991,0.0
BEN,1992,0.0
BEN,1993,0.0
BEN,1994,0.0
BEN,1995,0.0
BEN,1996,0.0
BEN,1997,0.0
BEN,1998,0.0
BEN,1999,0.0
BEN,2000,0.0
BEN,2001,0.0
BEN,2002,0.0
BEN,2003,0.0
BEN,2004,0.0
BEN,2005,0.0
BEN,2006,0.0
BEN,2007,0.0
BEN,2008,0.0
BEN,2009,1.0
BEN,2010,0.0
BEN,2011,0.0
BEN,2012,0.0
BEN,2013,4.999999995
BEN,2014,0.0
BEN,2015,3.000000006
BEN,2016,13.00000016
BEN,2017,12.99999994
BMU,1990,0.0
BMU,1991,0.0
BMU,1992,0.0
BMU,1993,0.0
BMU,1994,0.0
BMU,1995,0.0
BMU,1996,0.0
BMU,1997,0.0
BMU,1998,0.0
BMU,1999,0.0
BMU,2000,0.0
BMU,2001,0.0
BMU,2002,0.0
BMU,2003,0.0
BMU,2004,0.0
BMU,2005,0.0
BMU,2006,0.0
BMU,2007,0.0
BMU,2008,0.0
BMU,2009,0.0
BMU,2010,0.0
BMU,2011,0.0
BMU,2012,0.0
BMU,2013,0.0
BMU,2014,0.0
BMU,2015,0.0
BMU,2016,0.0
BMU,2017,0.0
BTN,1990,0.0
BTN,1991,0.0
BTN,1992,0.0
BTN,1993,0.0
BTN,1994,0.0
BTN,1995,0.0
BTN,1996,0.0
BTN,1997,4.0
BTN,1998,0.0
BTN,1999,0.0
BTN,2000,0.0
BTN,2001,0.0
BTN,2002,0.0
BTN,2003,0.0
BTN,2004,0.0
BTN,2005,0.0
BTN,2006,4.000000002
BTN,2007,0.0
BTN,2008,4.99999989
BTN,2009,0.0
BTN,2010,0.0
BTN,2011,0.0
BTN,2012,0.0
BTN,2013,0.0
BTN,2014,0.0
BTN,2015,0.0
BTN,2016,0.0
BTN,2017,0.0
BOL,1990,6.000000019
BOL,1991,6.999999976000001
BOL,1992,5.000000012
BOL,1993,0.0
BOL,1994,1.0
BOL,1995,0.0
BOL,1996,0.0
BOL,1997,3.999999999
BOL,1998,0.0
BOL,1999,0.0
BOL,2000,0.0
BOL,2001,0.0
BOL,2002,0.0
BOL,2003,0.0
BOL,2004,2.0
BOL,2005,0.0
BOL,2006,0.0
BOL,2007,0.0
BOL,2008,0.0
BOL,2009,0.0
BOL,2010,0.0
BOL,2011,0.0
BOL,2012,0.0
BOL,2013,0.0
BOL,2014,0.0
BOL,2015,0.0
BOL,2016,0.0
BOL,2017,0.0
BIH,1990,0.0
BIH,1991,27.0
BIH,1992,7718.987653
BIH,1993,5812.008934
BIH,1994,3143.000158
BIH,1995,9757.013205
BIH,1996,2.0
BIH,1997,4.999999988
BIH,1998,2.000000001
BIH,1999,1.0
BIH,2000,1.0
BIH,2001,0.0
BIH,2002,0.0
BIH,2003,0.0
BIH,2004,0.0
BIH,2005,0.0
BIH,2006,0.0
BIH,2007,1.0
BIH,2008,2.000000001
BIH,2009,0.0
BIH,2010,1.0
BIH,2011,0.0
BIH,2012,0.0
BIH,2013,0.0
BIH,2014,0.0
BIH,2015,4.000000001
BIH,2016,0.0
BIH,2017,0.0
BWA,1990,6.999999985
BWA,1991,0.0
BWA,1992,0.0
BWA,1993,0.0
BWA,1994,0.0
BWA,1995,0.0
BWA,1996,0.0
BWA,1997,0.0
BWA,1998,0.0
BWA,1999,0.0
BWA,2000,0.0
BWA,2001,0.0
BWA,2002,0.0
BWA,2003,0.0
BWA,2004,0.0
BWA,2005,0.0
BWA,2006,0.0
BWA,2007,0.0
BWA,2008,0.0
BWA,2009,0.0
BWA,2010,0.0
BWA,2011,0.0
BWA,2012,0.0
BWA,2013,0.0
BWA,2014,0.0
BWA,2015,0.0
BWA,2016,0.0
BWA,2017,0.0
BRA,1990,39.0
BRA,1991,26.00000008
BRA,1992,240.99988219999997
BRA,1993,61.0
BRA,1994,39.00000024
BRA,1995,31.99999971
BRA,1996,39.99999999
BRA,1997,33.99999995
BRA,1998,5.000000036
BRA,1999,17.99999981
BRA,2000,0.0
BRA,2001,12.00000001
BRA,2002,0.0
BRA,2003,0.0
BRA,2004,1.0
BRA,2005,35.0
BRA,2006,14.00000156
BRA,2007,4.0
BRA,2008,7.0
BRA,2009,0.0
BRA,2010,0.0
BRA,2011,0.9999999359999999
BRA,2012,11.99999997
BRA,2013,3.000000228
BRA,2014,4.000000005
BRA,2015,2.9999999980000003
BRA,2016,1.000000002
BRA,2017,0.0
BRN,1990,0.0
BRN,1991,0.0
BRN,1992,0.0
BRN,1993,0.0
BRN,1994,0.0
BRN,1995,0.0
BRN,1996,0.08083992
BRN,1997,0.047922649000000005
BRN,1998,0.044406664000000005
BRN,1999,0.053516885
BRN,2000,0.052194115
BRN,2001,0.03204078
BRN,2002,0.06813334900000001
BRN,2003,0.038563678
BRN,2004,0.026793542000000004
BRN,2005,0.055150464
BRN,2006,0.053544247999999996
BRN,2007,0.04514017
BRN,2008,0.051524695999999995
BRN,2009,0.120484552
BRN,2010,0.071970462
BRN,2011,0.0
BRN,2012,0.0
BRN,2013,0.0
BRN,2014,0.0
BRN,2015,0.0
BRN,2016,0.0
BRN,2017,0.0
BGR,1990,0.0
BGR,1991,0.0
BGR,1992,0.0
BGR,1993,0.0
BGR,1994,1.0
BGR,1995,3.0
BGR,1996,8.999999999
BGR,1997,0.0
BGR,1998,0.0
BGR,1999,0.0
BGR,2000,3.999999996
BGR,2001,0.0
BGR,2002,1.0
BGR,2003,0.0
BGR,2004,0.0
BGR,2005,0.0
BGR,2006,0.0
BGR,2007,0.0
BGR,2008,0.0
BGR,2009,0.0
BGR,2010,0.0
BGR,2011,0.0
BGR,2012,7.999999998
BGR,2013,0.0
BGR,2014,0.999999998
BGR,2015,0.0
BGR,2016,0.0
BGR,2017,0.0
BFA,1990,0.0
BFA,1991,1.0
BFA,1992,0.0
BFA,1993,0.0
BFA,1994,0.0
BFA,1995,0.0
BFA,1996,0.0
BFA,1997,0.0
BFA,1998,0.0
BFA,1999,0.0
BFA,2000,0.0
BFA,2001,0.0
BFA,2002,0.0
BFA,2003,0.0
BFA,2004,10.00000004
BFA,2005,0.0
BFA,2006,13.99999997
BFA,2007,0.0
BFA,2008,14.00000013
BFA,2009,0.0
BFA,2010,0.0
BFA,2011,2.999999999
BFA,2012,27.00000002
BFA,2013,2.999999999
BFA,2014,7.000000018
BFA,2015,25.00000023
BFA,2016,87.00000059
BFA,2017,99.00000143
BDI,1990,7.0
BDI,1991,394.9999934
BDI,1992,122.00000779999999
BDI,1993,5.0
BDI,1994,12764.86357
BDI,1995,13082.98732
BDI,1996,13870.85296
BDI,1997,13777.95628
BDI,1998,13095.0321
BDI,1999,13324.889459999999
BDI,2000,14136.812680000001
BDI,2001,13679.98615
BDI,2002,13231.9297
BDI,2003,13262.82259
BDI,2004,12763.822390000001
BDI,2005,12910.80761
BDI,2006,237.00000440000002
BDI,2007,34.99999954
BDI,2008,272.00001089999995
BDI,2009,48.00000386
BDI,2010,205.99995900000002
BDI,2011,197.99994630000003
BDI,2012,28.00000025
BDI,2013,24.99999974
BDI,2014,58.0000003
BDI,2015,660.000119
BDI,2016,365.9999662
BDI,2017,236.9999435
KHM,1990,377.0000011
KHM,1991,337.99997030000003
KHM,1992,257.0000048
KHM,1993,483.9999903
KHM,1994,797.000163
KHM,1995,743.9999994
KHM,1996,889.9999902000001
KHM,1997,554.9999291
KHM,1998,308.99999469999995
KHM,1999,0.999999999
KHM,2000,15.99999992
KHM,2001,4.000000011
KHM,2002,3.999999995
KHM,2003,2.000000001
KHM,2004,0.0
KHM,2005,0.0
KHM,2006,0.0
KHM,2007,2.0
KHM,2008,3.0000000019999997
KHM,2009,1.9999999990000001
KHM,2010,0.185852127
KHM,2011,10.0
KHM,2012,1.0
KHM,2013,0.0
KHM,2014,0.0
KHM,2015,4.999999997
KHM,2016,1.999999995
KHM,2017,1.0
CMR,1990,0.0
CMR,1991,36.00000058
CMR,1992,6.000000008
CMR,1993,0.0
CMR,1994,101.00000059999999
CMR,1995,4.999999988
CMR,1996,56.0
CMR,1997,5.999999989
CMR,1998,1.0
CMR,1999,1.0
CMR,2000,18.0000002
CMR,2001,0.0
CMR,2002,0.0
CMR,2003,0.0
CMR,2004,18.99999996
CMR,2005,48.00000043
CMR,2006,30.99999975
CMR,2007,66.00000005
CMR,2008,128.9999975
CMR,2009,18.99999993
CMR,2010,5.999999998
CMR,2011,17.00000007
CMR,2012,17.99999998
CMR,2013,14.00000005
CMR,2014,1124.000014
CMR,2015,1582.999888
CMR,2016,702.9999604
CMR,2017,446.00002530000006
CAN,1990,0.0
CAN,1991,0.0
CAN,1992,0.999999958
CAN,1993,0.0
CAN,1994,0.999999875
CAN,1995,2.00000012
CAN,1996,0.0
CAN,1997,0.0
CAN,1998,0.999999979
CAN,1999,0.0
CAN,2000,0.0
CAN,2001,0.0
CAN,2002,1.000000009
CAN,2003,0.0
CAN,2004,1.000000067
CAN,2005,0.0
CAN,2006,36.00000003
CAN,2007,29.9999998
CAN,2008,32.00000028
CAN,2009,32.00000035
CAN,2010,15.99999997
CAN,2011,0.0
CAN,2012,1.000000056
CAN,2013,0.0
CAN,2014,7.000000002999999
CAN,2015,0.0
CAN,2016,1.0
CAN,2017,0.0
CPV,1990,0.0
CPV,1991,0.0
CPV,1992,0.0
CPV,1993,0.0
CPV,1994,0.0
CPV,1995,0.0
CPV,1996,0.0
CPV,1997,0.0
CPV,1998,0.0
CPV,1999,0.0
CPV,2000,0.0
CPV,2001,0.0
CPV,2002,0.0
CPV,2003,0.0
CPV,2004,0.0
CPV,2005,0.0
CPV,2006,0.0
CPV,2007,0.0
CPV,2008,0.0
CPV,2009,0.0
CPV,2010,0.0
CPV,2011,0.0
CPV,2012,0.0
CPV,2013,0.0
CPV,2014,0.0
CPV,2015,0.0
CPV,2016,0.0
CPV,2017,0.0
CAF,1990,0.0
CAF,1991,3.000000013
CAF,1992,4.000000002
CAF,1993,4.0
CAF,1994,1.9999999880000001
CAF,1995,0.0
CAF,1996,1.999999997
CAF,1997,17.18067597
CAF,1998,17.18067597
CAF,1999,7.000000012
CAF,2000,14.00000006
CAF,2001,288.00000539999996
CAF,2002,384.9999423
CAF,2003,33.00000226
CAF,2004,86.36134734
CAF,2005,8.0
CAF,2006,195.9999745
CAF,2007,313.9999885
CAF,2008,120.9999957
CAF,2009,260.0000077
CAF,2010,306.000012
CAF,2011,111.0000027
CAF,2012,148.9999993
CAF,2013,4044.0042200000003
CAF,2014,4063.994692
CAF,2015,454.99998930000004
CAF,2016,486.99988679999996
CAF,2017,1879.0059670000003
TCD,1990,686.0
TCD,1991,135.00000319999998
TCD,1992,1367.000932
TCD,1993,313.000002
TCD,1994,526.9999897
TCD,1995,53.0
TCD,1996,4.999999999
TCD,1997,243.00003790000002
TCD,1998,224.0000039
TCD,1999,431.00000480000006
TCD,2000,1009.999998
TCD,2001,235.9999961
TCD,2002,299.9999975
TCD,2003,37.99999919
TCD,2004,208.9999821
TCD,2005,443.99978319999997
TCD,2006,2367.999717
TCD,2007,377.9999874
TCD,2008,1057.000014
TCD,2009,136.9999987
TCD,2010,4.0
TCD,2011,9.999999998
TCD,2012,2.000000001
TCD,2013,4.999999995
TCD,2014,15.99999988
TCD,2015,529.0000282999999
TCD,2016,29.00000003
TCD,2017,296.9999732
CHL,1990,7.999999999
CHL,1991,15.99999997
CHL,1992,12.00000001
CHL,1993,0.0
CHL,1994,0.0
CHL,1995,1.0
CHL,1996,2.0
CHL,1997,0.0
CHL,1998,0.0
CHL,1999,1.000000014
CHL,2000,0.999999877
CHL,2001,0.0
CHL,2002,0.0
CHL,2003,0.0
CHL,2004,0.0
CHL,2005,0.0
CHL,2006,0.0
CHL,2007,0.0
CHL,2008,0.0
CHL,2009,0.0
CHL,2010,0.0
CHL,2011,0.0
CHL,2012,0.0
CHL,2013,2.0
CHL,2014,1.0
CHL,2015,0.0
CHL,2016,0.0
CHL,2017,0.0
CHN,1990,24.00000002
CHN,1991,0.0
CHN,1992,10.0
CHN,1993,0.0
CHN,1994,21.0
CHN,1995,6.000000001
CHN,1996,22.99999999
CHN,1997,42.00000028
CHN,1998,100.000001
CHN,1999,305.00003829999997
CHN,2000,200.9999965
CHN,2001,524.9999806
CHN,2002,101.9657917
CHN,2003,1.0
CHN,2004,13.99999998
CHN,2005,25.00000006
CHN,2006,0.0
CHN,2007,19.99999998
CHN,2008,114.0000054
CHN,2009,392.9999817
CHN,2010,18.99999997
CHN,2011,55.99999835
CHN,2012,73.89587663
CHN,2013,212.6917099
CHN,2014,731.1216943
CHN,2015,336.06995489999997
CHN,2016,25.99999995
CHN,2017,0.0
COL,1990,1364.999996
COL,1991,1612.999799
COL,1992,2118.999898
COL,1993,257.0
COL,1994,1426.000183
COL,1995,1463.0000619999998
COL,1996,2007.999646
COL,1997,2044.999659
COL,1998,2047.0000969999999
COL,1999,2208.000097
COL,2000,2154.000125
COL,2001,2419.000184
COL,2002,3200.99997
COL,2003,1265.999957
COL,2004,1603.00001
COL,2005,1649.999963
COL,2006,661.9999958999999
COL,2007,422.9999933
COL,2008,336.99999760000003
COL,2009,526.0000066
COL,2010,498.00000030000007
COL,2011,269.9999995
COL,2012,387.00000719999997
COL,2013,277.0000023
COL,2014,292.0000015
COL,2015,246.9999988
COL,2016,75.99999981
COL,2017,0.0
COM,1990,0.0
COM,1991,0.0
COM,1992,1.000000002
COM,1993,0.0
COM,1994,0.0
COM,1995,0.0
COM,1996,0.0
COM,1997,56.00003027
COM,1998,0.0
COM,1999,0.0
COM,2000,0.0
COM,2001,0.0
COM,2002,0.0
COM,2003,0.0
COM,2004,0.0
COM,2005,0.0
COM,2006,0.0
COM,2007,0.0
COM,2008,0.0
COM,2009,0.0
COM,2010,0.0
COM,2011,0.0
COM,2012,0.0
COM,2013,0.0
COM,2014,0.0
COM,2015,0.0
COM,2016,0.0
COM,2017,0.0
COG,1990,0.0
COG,1991,0.0
COG,1992,1.9999999919999998
COG,1993,135.0
COG,1994,29.99999954
COG,1995,2.0
COG,1996,1.000000004
COG,1997,10414.23301
COG,1998,3784.001125
COG,1999,984.9987997000002
COG,2000,500.00000980000004
COG,2001,3.0
COG,2002,234.999995
COG,2003,43.99999969
COG,2004,8.999999967
COG,2005,15.00000024
COG,2006,0.0
COG,2007,1.9999999880000001
COG,2008,1.0
COG,2009,100.0000075
COG,2010,0.0
COG,2011,1.0
COG,2012,2.0
COG,2013,41.99999891
COG,2014,10.99999999
COG,2015,0.0
COG,2016,60.99999999
COG,2017,24.99999949
CRI,1990,0.0
CRI,1991,0.0
CRI,1992,0.0
CRI,1993,0.0
CRI,1994,1.0
CRI,1995,0.0
CRI,1996,1.0000000009999999
CRI,1997,1.999999995
CRI,1998,0.0
CRI,1999,0.0
CRI,2000,0.0
CRI,2001,1.000000002
CRI,2002,0.0
CRI,2003,0.0
CRI,2004,0.0
CRI,2005,0.0
CRI,2006,0.0
CRI,2007,0.0
CRI,2008,0.0
CRI,2009,0.0
CRI,2010,0.0
CRI,2011,0.0
CRI,2012,0.0
CRI,2013,0.0
CRI,2014,0.0
CRI,2015,0.0
CRI,2016,0.0
CRI,2017,0.0
CIV,1990,8.0
CIV,1991,0.0
CIV,1992,1.0
CIV,1993,1.0
CIV,1994,7.999999984
CIV,1995,44.00000071
CIV,1996,5.0
CIV,1997,16.00000011
CIV,1998,13.00000001
CIV,1999,51.00000041
CIV,2000,111.0000007
CIV,2001,32.00000044
CIV,2002,1323.000204
CIV,2003,1050.999823
CIV,2004,515.0000834
CIV,2005,154.0000128
CIV,2006,46.00000021
CIV,2007,4.0
CIV,2008,14.00000003
CIV,2009,2.0
CIV,2010,49.00000015
CIV,2011,1071.999888
CIV,2012,27.99999998
CIV,2013,21.99999996
CIV,2014,28.999999699999996
CIV,2015,15.00000002
CIV,2016,17.00000001
CIV,2017,24.00000011
HRV,1990,0.0
HRV,1991,3485.9894950000003
HRV,1992,2177.998561
HRV,1993,754.9998982999999
HRV,1994,225.0000097
HRV,1995,964.0004624
HRV,1996,155.99999580000002
HRV,1997,40.99999919
HRV,1998,28.000000399999994
HRV,1999,15.00000008
HRV,2000,8.999999955
HRV,2001,4.000000001
HRV,2002,2.000000026
HRV,2003,4.0000000710000005
HRV,2004,10.99999988
HRV,2005,5.000000035
HRV,2006,0.999999993
HRV,2007,2.999999982
HRV,2008,3.000000064
HRV,2009,3.999999978
HRV,2010,4.000000036
HRV,2011,1.9999999830000001
HRV,2012,3.9999999739999996
HRV,2013,3.000000006
HRV,2014,0.0
HRV,2015,1.0000000279999999
HRV,2016,2.9999999460000004
HRV,2017,0.0
CUB,1990,0.0
CUB,1991,0.0
CUB,1992,3.000000008
CUB,1993,0.0
CUB,1994,2.9999999980000003
CUB,1995,0.0
CUB,1996,0.0
CUB,1997,1.999999923
CUB,1998,0.0
CUB,1999,0.0
CUB,2000,0.0
CUB,2001,0.0
CUB,2002,0.0
CUB,2003,0.0
CUB,2004,0.0
CUB,2005,0.0
CUB,2006,0.0
CUB,2007,1.0
CUB,2008,0.0
CUB,2009,0.0
CUB,2010,0.0
CUB,2011,0.0
CUB,2012,0.0
CUB,2013,0.0
CUB,2014,0.0
CUB,2015,0.0
CUB,2016,0.0
CUB,2017,0.0
CYP,1990,0.0
CYP,1991,0.0
CYP,1992,0.0
CYP,1993,0.0
CYP,1994,2.0000000190000002
CYP,1995,0.0
CYP,1996,2.9999999539999997
CYP,1997,0.0
CYP,1998,0.0
CYP,1999,0.03013269
CYP,2000,0.039508628999999997
CYP,2001,0.0
CYP,2002,0.0
CYP,2003,0.0
CYP,2004,0.0
CYP,2005,0.0
CYP,2006,0.0
CYP,2007,0.0
CYP,2008,0.0
CYP,2009,1.000000004
CYP,2010,0.0
CYP,2011,0.0
CYP,2012,0.0
CYP,2013,0.0
CYP,2014,0.0
CYP,2015,0.0
CYP,2016,0.0
CYP,2017,0.0
CZE,1990,0.0
CZE,1991,1.9999999919999998
CZE,1992,0.0
CZE,1993,0.0
CZE,1994,0.0
CZE,1995,1.0
CZE,1996,1.9999999990000001
CZE,1997,1.0
CZE,1998,0.0
CZE,1999,0.0
CZE,2000,0.0
CZE,2001,1.000000022
CZE,2002,0.0
CZE,2003,0.0
CZE,2004,0.0
CZE,2005,0.0
CZE,2006,0.0
CZE,2007,0.0
CZE,2008,0.0
CZE,2009,0.0
CZE,2010,0.0
CZE,2011,0.0
CZE,2012,0.0
CZE,2013,1.0
CZE,2014,5.999999985
CZE,2015,0.0
CZE,2016,0.0
CZE,2017,0.0
COD,1990,147.0000033
COD,1991,35.0
COD,1992,74.99999986
COD,1993,105.99999409999998
COD,1994,185.9999955
COD,1995,94.99999974
COD,1996,34473.01672
COD,1997,39485.7044
COD,1998,10028.99671
COD,1999,9008.997145000001
COD,2000,2786.999493
COD,2001,2162.000479
COD,2002,6351.001517000001
COD,2003,3744.999797
COD,2004,898.0000332999998
COD,2005,569.999999
COD,2006,458.99999569999994
COD,2007,963.9999977
COD,2008,3679.998679
COD,2009,9032.999401000001
COD,2010,1757.000091
COD,2011,639.9999905000001
COD,2012,2195.999819
COD,2013,2893.999862
COD,2014,1937.9999239999997
COD,2015,1150.000041
COD,2016,1244.0000539999999
COD,2017,2790.9994460000003
DNK,1990,0.0
DNK,1991,0.0
DNK,1992,1.0
DNK,1993,0.0
DNK,1994,0.0
DNK,1995,0.0
DNK,1996,0.0
DNK,1997,0.0
DNK,1998,0.0
DNK,1999,0.0
DNK,2000,0.0
DNK,2001,0.0
DNK,2002,0.0
DNK,2003,0.0
DNK,2004,0.0
DNK,2005,0.0
DNK,2006,0.0
DNK,2007,2.000000183
DNK,2008,12.99999982
DNK,2009,2.9999990569999997
DNK,2010,0.0
DNK,2011,3.0000007269999998
DNK,2012,0.0
DNK,2013,0.0
DNK,2014,0.0
DNK,2015,1.9999999990000001
DNK,2016,1.0
DNK,2017,0.0
DJI,1990,60.99999959
DJI,1991,66.99979302
DJI,1992,356.99610010000004
DJI,1993,33.00001334
DJI,1994,44.99999393
DJI,1995,0.0
DJI,1996,0.0
DJI,1997,22.00000115
DJI,1998,19.00000176
DJI,1999,37.99999159
DJI,2000,0.0
DJI,2001,0.0
DJI,2002,1.9999999780000002
DJI,2003,0.0
DJI,2004,0.0
DJI,2005,0.0
DJI,2006,0.0
DJI,2007,0.0
DJI,2008,35.00000204
DJI,2009,3.999999947
DJI,2010,3.000000066
DJI,2011,0.0
DJI,2012,0.9999999940000001
DJI,2013,0.0
DJI,2014,2.0000000119999997
DJI,2015,27.00000197
DJI,2016,0.0
DJI,2017,0.9999999970000001
DMA,1990,0.0
DMA,1991,0.9999998390000001
DMA,1992,0.0
DMA,1993,0.0
DMA,1994,0.0
DMA,1995,0.0
DMA,1996,0.0
DMA,1997,0.0
DMA,1998,0.0
DMA,1999,0.0
DMA,2000,0.0
DMA,2001,0.0
DMA,2002,0.0
DMA,2003,0.0
DMA,2004,0.0
DMA,2005,0.0
DMA,2006,0.0
DMA,2007,0.0
DMA,2008,0.0
DMA,2009,0.0
DMA,2010,0.0
DMA,2011,0.0
DMA,2012,0.0
DMA,2013,0.0
DMA,2014,0.0
DMA,2015,0.0
DMA,2016,0.0
DMA,2017,0.0
DOM,1990,2.9999999969999998
DOM,1991,1.0000000009999999
DOM,1992,0.999999999
DOM,1993,0.0
DOM,1994,1.9999999990000001
DOM,1995,0.0
DOM,1996,2.9999999969999998
DOM,1997,3.000000015
DOM,1998,0.0
DOM,1999,0.0
DOM,2000,0.0
DOM,2001,0.0
DOM,2002,0.0
DOM,2003,0.0
DOM,2004,0.0
DOM,2005,0.0
DOM,2006,0.999995034
DOM,2007,0.0
DOM,2008,0.0
DOM,2009,0.0
DOM,2010,0.0
DOM,2011,0.0
DOM,2012,0.0
DOM,2013,1.0000000279999999
DOM,2014,0.0
DOM,2015,0.0
DOM,2016,0.0
DOM,2017,0.0
ECU,1990,2.999999987
ECU,1991,0.0
ECU,1992,2.000000001
ECU,1993,0.0
ECU,1994,0.0
ECU,1995,14.99999967
ECU,1996,7.9999996179999995
ECU,1997,0.999999999
ECU,1998,0.0
ECU,1999,0.0
ECU,2000,0.0
ECU,2001,0.0
ECU,2002,0.0
ECU,2003,0.0
ECU,2004,0.0
ECU,2005,0.0
ECU,2006,0.0
ECU,2007,0.0
ECU,2008,25.0
ECU,2009,0.0
ECU,2010,0.0
ECU,2011,0.0
ECU,2012,0.0
ECU,2013,1.0
ECU,2014,0.0
ECU,2015,0.0
ECU,2016,1.0
ECU,2017,0.0
EGY,1990,24.99999997
EGY,1991,8.0
EGY,1992,62.000000199999995
EGY,1993,108.0
EGY,1994,334.9999944
EGY,1995,361.00001000000003
EGY,1996,245.99999780000002
EGY,1997,235.9999998
EGY,1998,31.00000001
EGY,1999,5.999999999
EGY,2000,2.0
EGY,2001,3.999999999
EGY,2002,23.00000011
EGY,2003,0.0
EGY,2004,61.99999986
EGY,2005,129.0000001
EGY,2006,23.99999994
EGY,2007,0.0
EGY,2008,16.0
EGY,2009,11.0
EGY,2010,45.00000003
EGY,2011,118.00000190000002
EGY,2012,116.0000003
EGY,2013,384.0000077
EGY,2014,262.99999959999997
EGY,2015,223.999997
EGY,2016,366.9999991
EGY,2017,1188.999833
SLV,1990,1146.999808
SLV,1991,514.0002766
SLV,1992,26.99999898
SLV,1993,0.0
SLV,1994,21.99999969
SLV,1995,2.999999992
SLV,1996,25.9999991
SLV,1997,1.0
SLV,1998,0.0
SLV,1999,0.0
SLV,2000,0.0
SLV,2001,0.0
SLV,2002,0.0
SLV,2003,0.0
SLV,2004,0.0
SLV,2005,0.0
SLV,2006,0.0
SLV,2007,0.0
SLV,2008,0.0
SLV,2009,0.0
SLV,2010,0.0
SLV,2011,0.0
SLV,2012,0.0
SLV,2013,0.0
SLV,2014,0.0
SLV,2015,0.0
SLV,2016,0.0
SLV,2017,0.0
GNQ,1990,0.0
GNQ,1991,0.0
GNQ,1992,0.9999999890000001
GNQ,1993,0.0
GNQ,1994,0.0
GNQ,1995,0.0
GNQ,1996,0.0
GNQ,1997,0.0
GNQ,1998,6.000000046
GNQ,1999,0.0
GNQ,2000,0.0
GNQ,2001,0.0
GNQ,2002,0.0
GNQ,2003,1.000000004
GNQ,2004,11.99999998
GNQ,2005,0.0
GNQ,2006,0.0
GNQ,2007,0.0
GNQ,2008,0.0
GNQ,2009,2.999999952
GNQ,2010,7.000000316
GNQ,2011,0.0
GNQ,2012,1.000000003
GNQ,2013,0.0
GNQ,2014,0.0
GNQ,2015,0.0
GNQ,2016,0.0
GNQ,2017,0.0
ERI,1990,30702.0
ERI,1991,6042.000009
ERI,1992,0.0
ERI,1993,21.0
ERI,1994,0.0
ERI,1995,0.0
ERI,1996,19.99999983
ERI,1997,30.99999701
ERI,1998,113.00003729999999
ERI,1999,24082.55725
ERI,2000,1812.000061
ERI,2001,0.538822232
ERI,2002,1.538822235
ERI,2003,81.99999673
ERI,2004,57.07764718
ERI,2005,161.26938909999998
ERI,2006,2.053882215
ERI,2007,11.00000014
ERI,2008,224.38822059999998
ERI,2009,8.323293352
ERI,2010,86.99998986
ERI,2011,25.99999958
ERI,2012,0.0
ERI,2013,80.00000904
ERI,2014,10.00000004
ERI,2015,9.999999808
ERI,2016,25.00000056
ERI,2017,0.0
EST,1990,0.0
EST,1991,0.0
EST,1992,0.0
EST,1993,0.0
EST,1994,0.0
EST,1995,0.0
EST,1996,1.0
EST,1997,0.0
EST,1998,0.0
EST,1999,0.0
EST,2000,0.0
EST,2001,0.999999999
EST,2002,0.0
EST,2003,0.0
EST,2004,0.0
EST,2005,0.0
EST,2006,0.0
EST,2007,2.000000048
EST,2008,0.999999955
EST,2009,3.999999919
EST,2010,0.9999999159999999
EST,2011,1.999999919
EST,2012,0.0
EST,2013,0.0
EST,2014,0.0
EST,2015,0.0
EST,2016,0.0
EST,2017,0.0
ETH,1990,19170.99996
ETH,1991,6383.003208
ETH,1992,504.00013499999994
ETH,1993,62.0
ETH,1994,82.00000163
ETH,1995,47.99999992
ETH,1996,185.00004219999997
ETH,1997,33.97545138
ETH,1998,4043.4022990000003
ETH,1999,41258.20457
ETH,2000,51183.00138
ETH,2001,378.67514669999997
ETH,2002,615.0117961
ETH,2003,895.3356787999999
ETH,2004,583.9733664
ETH,2005,245.2486828
ETH,2006,210.1953371
ETH,2007,858.3589107
ETH,2008,1005.852617
ETH,2009,1004.5892539999999
ETH,2010,561.8843968
ETH,2011,385.4136842
ETH,2012,442.99981529999997
ETH,2013,398.380909
ETH,2014,107.5692209
ETH,2015,404.1218034
ETH,2016,776.9977021000001
ETH,2017,1061.000202
FJI,1990,0.0
FJI,1991,0.0
FJI,1992,1.0
FJI,1993,0.0
FJI,1994,0.0
FJI,1995,0.0
FJI,1996,0.0
FJI,1997,0.0
FJI,1998,0.0
FJI,1999,0.0
FJI,2000,6.999999997000001
FJI,2001,0.0
FJI,2002,0.0
FJI,2003,0.0
FJI,2004,0.0
FJI,2005,0.0
FJI,2006,0.0
FJI,2007,0.0
FJI,2008,0.0
FJI,2009,0.0
FJI,2010,0.0
FJI,2011,0.0
FJI,2012,0.0
FJI,2013,0.0
FJI,2014,0.0
FJI,2015,0.0
FJI,2016,0.0
FJI,2017,0.0
FIN,1990,0.0
FIN,1991,0.0
FIN,1992,0.0
FIN,1993,0.0
FIN,1994,0.0
FIN,1995,0.0
FIN,1996,1.000000271
FIN,1997,2.999999963
FIN,1998,0.99999972
FIN,1999,2.0000008869999997
FIN,2000,2.9999999639999997
FIN,2001,2.999999513
FIN,2002,10.99999796
FIN,2003,1.00000015
FIN,2004,2.0000003769999997
FIN,2005,2.9999999739999996
FIN,2006,0.999999902
FIN,2007,11.99999985
FIN,2008,3.0000000510000002
FIN,2009,0.999999851
FIN,2010,1.000000067
FIN,2011,2.000000001
FIN,2012,5.000000838
FIN,2013,1.9999994509999999
FIN,2014,1.000001256
FIN,2015,0.0
FIN,2016,0.0
FIN,2017,0.0
FRA,1990,8.000000219
FRA,1991,12.00000004
FRA,1992,17.00000028
FRA,1993,6.999999915
FRA,1994,12.99999987
FRA,1995,27.0
FRA,1996,22.99999994
FRA,1997,3.0000020419999998
FRA,1998,5.999999988
FRA,1999,0.99999999
FRA,2000,17.99999945
FRA,2001,4.999999925
FRA,2002,7.000000084
FRA,2003,5.999998768999999
FRA,2004,7.999999165
FRA,2005,6.000001245
FRA,2006,8.000000457
FRA,2007,9.000000194
FRA,2008,10.99999999
FRA,2009,11.0
FRA,2010,16.0
FRA,2011,25.99999998
FRA,2012,12.0
FRA,2013,3.999999292
FRA,2014,2.999999978
FRA,2015,295.0000031
FRA,2016,182.000001
FRA,2017,0.0
GAB,1990,0.0
GAB,1991,0.0
GAB,1992,0.0
GAB,1993,0.0
GAB,1994,0.0
GAB,1995,0.0
GAB,1996,0.0
GAB,1997,7.99999977
GAB,1998,0.0
GAB,1999,1.999999969
GAB,2000,0.0
GAB,2001,0.0
GAB,2002,0.0
GAB,2003,0.0
GAB,2004,0.0
GAB,2005,0.0
GAB,2006,0.0
GAB,2007,0.0
GAB,2008,0.0
GAB,2009,0.0
GAB,2010,0.0
GAB,2011,0.0
GAB,2012,0.0
GAB,2013,0.0
GAB,2014,0.0
GAB,2015,1.0000000009999999
GAB,2016,0.0
GAB,2017,0.0
GMB,1990,0.0
GMB,1991,0.0
GMB,1992,0.0
GMB,1993,0.0
GMB,1994,13.0000006
GMB,1995,0.0
GMB,1996,0.0
GMB,1997,0.9999999959999999
GMB,1998,0.0
GMB,1999,0.0
GMB,2000,2.0000000119999997
GMB,2001,2.0000000119999997
GMB,2002,0.9999999959999999
GMB,2003,0.0
GMB,2004,0.9999999970000001
GMB,2005,3.000000023
GMB,2006,0.0
GMB,2007,0.0
GMB,2008,0.0
GMB,2009,0.0
GMB,2010,0.0
GMB,2011,0.0
GMB,2012,8.000000055
GMB,2013,0.0
GMB,2014,0.0
GMB,2015,0.0
GMB,2016,0.0
GMB,2017,3.0000000160000004
GEO,1990,0.0
GEO,1991,53.99999975
GEO,1992,880.0002947999999
GEO,1993,1836.9996350000001
GEO,1994,29.00000002
GEO,1995,66.00000038
GEO,1996,2.9999999969999998
GEO,1997,44.99999902
GEO,1998,191.99999
GEO,1999,45.81194457
GEO,2000,23.81194493
GEO,2001,70.05972379
GEO,2002,150.99999430000003
GEO,2003,19.99999998
GEO,2004,32.00000084
GEO,2005,27.10451901
GEO,2006,30.81194503
GEO,2007,8.324778028999999
GEO,2008,634.0001614
GEO,2009,7.121791743999999
GEO,2010,6.999999998
GEO,2011,4.653752927
GEO,2012,21.14931384
GEO,2013,12.00000012
GEO,2014,2.420903918
GEO,2015,2.4358352819999998
GEO,2016,1.0
GEO,2017,0.0
DEU,1990,2.0
DEU,1991,9.999999996
DEU,1992,21.0
DEU,1993,0.0
DEU,1994,2.0
DEU,1995,24.00000052
DEU,1996,15.00000043
DEU,1997,16.00000076
DEU,1998,8.999999268
DEU,1999,7.999999988
DEU,2000,11.99999994
DEU,2001,6.000000105
DEU,2002,10.00000001
DEU,2003,4.0000001119999995
DEU,2004,6.000000036
DEU,2005,6.000000007000001
DEU,2006,6.000000097999999
DEU,2007,3.000000025
DEU,2008,6.00000006
DEU,2009,2.9999999980000003
DEU,2010,5.999999896
DEU,2011,9.000000021
DEU,2012,2.000000099
DEU,2013,1.0
DEU,2014,1.00000003
DEU,2015,2.999999973
DEU,2016,39.00000001
DEU,2017,0.0
GHA,1990,0.0
GHA,1991,0.0
GHA,1992,0.0
GHA,1993,0.0
GHA,1994,12.99999999
GHA,1995,2.000000001
GHA,1996,2.9999999980000003
GHA,1997,3.000000006
GHA,1998,4.000000015
GHA,1999,0.0
GHA,2000,33.00000017
GHA,2001,17.99999994
GHA,2002,37.99999984
GHA,2003,7.000000002999999
GHA,2004,2.000000001
GHA,2005,2.0
GHA,2006,2.999999999
GHA,2007,5.999999995
GHA,2008,28.99999979
GHA,2009,20.99999986
GHA,2010,3.999999995
GHA,2011,4.99999999
GHA,2012,14.99999999
GHA,2013,15.99999997
GHA,2014,11.99999998
GHA,2015,25.00000004
GHA,2016,27.00000019
GHA,2017,48.99999986
GRC,1990,3.0000001569999997
GRC,1991,15.00000005
GRC,1992,2.0
GRC,1993,0.0
GRC,1994,3.0
GRC,1995,0.0
GRC,1996,2.000000088
GRC,1997,2.0000000019999997
GRC,1998,0.0
GRC,1999,0.999999999
GRC,2000,2.0
GRC,2001,0.0
GRC,2002,0.0
GRC,2003,0.0
GRC,2004,0.0
GRC,2005,0.0
GRC,2006,0.0
GRC,2007,0.0
GRC,2008,0.0
GRC,2009,1.0
GRC,2010,4.0000000060000005
GRC,2011,0.0
GRC,2012,0.0
GRC,2013,2.0
GRC,2014,0.0
GRC,2015,1.0
GRC,2016,66.00000022
GRC,2017,0.0
GRL,1990,0.0
GRL,1991,0.0
GRL,1992,0.0
GRL,1993,0.0
GRL,1994,0.0
GRL,1995,0.0
GRL,1996,0.0
GRL,1997,0.0
GRL,1998,0.0
GRL,1999,0.0
GRL,2000,0.0
GRL,2001,0.0
GRL,2002,0.0
GRL,2003,0.0
GRL,2004,0.0
GRL,2005,0.0
GRL,2006,0.0
GRL,2007,0.0
GRL,2008,0.0
GRL,2009,0.0
GRL,2010,0.0
GRL,2011,0.0
GRL,2012,0.0
GRL,2013,0.0
GRL,2014,0.0
GRL,2015,0.0
GRL,2016,0.0
GRL,2017,0.0
GRD,1990,0.0
GRD,1991,0.0
GRD,1992,0.0
GRD,1993,0.0
GRD,1994,0.0
GRD,1995,0.0
GRD,1996,0.0
GRD,1997,0.0
GRD,1998,0.0
GRD,1999,0.0
GRD,2000,0.0
GRD,2001,0.0
GRD,2002,0.0
GRD,2003,0.0
GRD,2004,0.0
GRD,2005,0.0
GRD,2006,0.0
GRD,2007,0.0
GRD,2008,0.0
GRD,2009,0.0
GRD,2010,0.0
GRD,2011,0.0
GRD,2012,0.0
GRD,2013,0.0
GRD,2014,0.0
GRD,2015,0.0
GRD,2016,0.0
GRD,2017,0.0
GUM,1990,0.0
GUM,1991,1.000000008
GUM,1992,0.0
GUM,1993,0.0
GUM,1994,0.0
GUM,1995,0.0
GUM,1996,0.0
GUM,1997,0.0
GUM,1998,0.0
GUM,1999,0.0
GUM,2000,0.0
GUM,2001,0.0
GUM,2002,0.0
GUM,2003,0.0
GUM,2004,1.0
GUM,2005,1.000000005
GUM,2006,0.0
GUM,2007,2.99999997
GUM,2008,3.999999958
GUM,2009,1.0000000009999999
GUM,2010,2.000000011
GUM,2011,0.0
GUM,2012,0.0
GUM,2013,2.000000005
GUM,2014,0.0
GUM,2015,0.0
GUM,2016,0.0
GUM,2017,0.0
GTM,1990,749.0003062000001
GTM,1991,498.9998175
GTM,1992,420.99993780000005
GTM,1993,218.000059
GTM,1994,308.9999644
GTM,1995,162.0000034
GTM,1996,33.0000004
GTM,1997,24.00000021
GTM,1998,1.0
GTM,1999,2.9999999969999998
GTM,2000,12.00000095
GTM,2001,17.99999865
GTM,2002,23.00000068
GTM,2003,30.00000472
GTM,2004,27.00000105
GTM,2005,2.0
GTM,2006,5.000000009
GTM,2007,5.0
GTM,2008,0.0
GTM,2009,0.0
GTM,2010,0.0
GTM,2011,27.0
GTM,2012,1.9999999990000001
GTM,2013,4.000000005
GTM,2014,0.0
GTM,2015,0.0
GTM,2016,0.0
GTM,2017,0.0
GIN,1990,0.0
GIN,1991,0.0
GIN,1992,0.0
GIN,1993,0.0
GIN,1994,1.999999996
GIN,1995,0.0
GIN,1996,29.00000003
GIN,1997,0.0
GIN,1998,38.99999889
GIN,1999,93.99998876
GIN,2000,1152.999402
GIN,2001,489.0000295
GIN,2002,14.00000006
GIN,2003,0.0
GIN,2004,4.000000011
GIN,2005,3.9999999930000003
GIN,2006,17.00000034
GIN,2007,44.99999972
GIN,2008,3.99999998
GIN,2009,160.0000024
GIN,2010,1.9999999990000001
GIN,2011,4.999999992
GIN,2012,9.999999983
GIN,2013,95.99999189
GIN,2014,0.0
GIN,2015,7.999999978
GIN,2016,1.0000000009999999
GIN,2017,28.00000013
GNB,1990,0.0
GNB,1991,0.0
GNB,1992,2.0
GNB,1993,0.0
GNB,1994,0.0
GNB,1995,0.0
GNB,1996,0.0
GNB,1997,0.0
GNB,1998,604.9999703
GNB,1999,199.9998821
GNB,2000,14.00000048
GNB,2001,13.00000108
GNB,2002,0.9999999909999999
GNB,2003,3.000000052
GNB,2004,5.999999936
GNB,2005,4.999999837
GNB,2006,67.99998338
GNB,2007,0.0
GNB,2008,4.999999901
GNB,2009,4.999999952
GNB,2010,0.0
GNB,2011,1.999999996
GNB,2012,8.000000267999999
GNB,2013,0.0
GNB,2014,22.00000108
GNB,2015,0.0
GNB,2016,0.0
GNB,2017,0.0
GUY,1990,0.0
GUY,1991,0.0
GUY,1992,0.0
GUY,1993,0.0
GUY,1994,0.0
GUY,1995,0.0
GUY,1996,0.0
GUY,1997,0.0
GUY,1998,1.000000587
GUY,1999,0.0
GUY,2000,0.0
GUY,2001,0.0
GUY,2002,4.000000194
GUY,2003,0.0
GUY,2004,0.0
GUY,2005,0.0
GUY,2006,6.000000063
GUY,2007,0.0
GUY,2008,52.00000276
GUY,2009,0.0
GUY,2010,0.0
GUY,2011,0.0
GUY,2012,0.0
GUY,2013,0.0
GUY,2014,0.0
GUY,2015,0.0
GUY,2016,0.0
GUY,2017,0.0
HTI,1990,15.00000002
HTI,1991,367.00001569999995
HTI,1992,17.99999945
HTI,1993,37.0
HTI,1994,130.9999956
HTI,1995,16.99999979
HTI,1996,14.00000013
HTI,1997,8.999999995
HTI,1998,0.0
HTI,1999,13.99999996
HTI,2000,5.000000001
HTI,2001,0.0
HTI,2002,0.0
HTI,2003,3.9999999930000003
HTI,2004,237.9999716
HTI,2005,41.00000081
HTI,2006,81.99999547
HTI,2007,1.0
HTI,2008,6.000000009
HTI,2009,0.999999999
HTI,2010,0.0
HTI,2011,0.0
HTI,2012,0.0
HTI,2013,0.0
HTI,2014,0.0
HTI,2015,0.0
HTI,2016,6.999999978
HTI,2017,0.0
HND,1990,2.9999999980000003
HND,1991,18.00000024
HND,1992,5.00000001
HND,1993,0.0
HND,1994,10.00000004
HND,1995,8.000000013
HND,1996,11.00000013
HND,1997,13.99999994
HND,1998,0.0
HND,1999,0.0
HND,2000,0.0
HND,2001,0.0
HND,2002,0.0
HND,2003,23.0
HND,2004,56.00000078
HND,2005,0.0
HND,2006,0.0
HND,2007,0.0
HND,2008,0.0
HND,2009,2.000000001
HND,2010,0.0
HND,2011,2.0000000019999997
HND,2012,0.0
HND,2013,5.00000001
HND,2014,0.0
HND,2015,0.0
HND,2016,1.9999999990000001
HND,2017,0.0
HUN,1990,0.999999998
HUN,1991,0.999999999
HUN,1992,0.0
HUN,1993,0.0
HUN,1994,0.0
HUN,1995,0.0
HUN,1996,0.0
HUN,1997,3.000000001
HUN,1998,0.0
HUN,1999,0.0
HUN,2000,0.0
HUN,2001,1.0
HUN,2002,1.000000003
HUN,2003,0.0
HUN,2004,0.0
HUN,2005,0.0
HUN,2006,0.0
HUN,2007,0.0
HUN,2008,0.0
HUN,2009,2.000000001
HUN,2010,1.000000004
HUN,2011,0.0
HUN,2012,0.0
HUN,2013,0.0
HUN,2014,0.0
HUN,2015,0.0
HUN,2016,0.0
HUN,2017,0.0
ISL,1990,0.0
ISL,1991,0.0
ISL,1992,0.0
ISL,1993,0.0
ISL,1994,0.0
ISL,1995,0.0
ISL,1996,0.0
ISL,1997,0.0
ISL,1998,0.0
ISL,1999,0.0
ISL,2000,0.0
ISL,2001,0.0
ISL,2002,0.0
ISL,2003,0.0
ISL,2004,0.0
ISL,2005,0.0
ISL,2006,0.0
ISL,2007,0.0
ISL,2008,0.0
ISL,2009,0.0
ISL,2010,0.0
ISL,2011,0.0
ISL,2012,0.0
ISL,2013,0.0
ISL,2014,0.0
ISL,2015,0.0
ISL,2016,0.0
ISL,2017,0.0
IND,1990,3805.0953189999996
IND,1991,4830.603381
IND,1992,4849.38914
IND,1993,1923.504361
IND,1994,1805.1801879999998
IND,1995,1393.396739
IND,1996,1845.852564
IND,1997,3211.240558
IND,1998,2804.1395789999997
IND,1999,3965.2908840000005
IND,2000,5458.141406000001
IND,2001,5500.778217
IND,2002,4691.936581
IND,2003,3974.14357
IND,2004,3268.929773
IND,2005,3664.798519
IND,2006,3691.0206479999997
IND,2007,3031.282674
IND,2008,2609.000025
IND,2009,2964.861343
IND,2010,3465.0004670000003
IND,2011,1967.3296690000002
IND,2012,1327.017168
IND,2013,1403.159566
IND,2014,1685.621384
IND,2015,1414.482338
IND,2016,2043.821189
IND,2017,766.0000036
IDN,1990,212.0000084
IDN,1991,447.0000436000001
IDN,1992,85.99999905
IDN,1993,27.0
IDN,1994,13.00000016
IDN,1995,103.0000035
IDN,1996,62.00000001
IDN,1997,718.433041
IDN,1998,988.7021824999999
IDN,1999,4012.762339
IDN,2000,715.5096501
IDN,2001,1484.058518
IDN,2002,1041.885047
IDN,2003,1178.629719
IDN,2004,1094.999985
IDN,2005,333.6795512
IDN,2006,32.00000233
IDN,2007,22.9999991
IDN,2008,6.999999996000001
IDN,2009,46.85780172
IDN,2010,9.999999025
IDN,2011,71.99997167
IDN,2012,54.99999901
IDN,2013,51.00000053
IDN,2014,79.99999846
IDN,2015,451.99939079999996
IDN,2016,30.99999983
IDN,2017,23.99999982
IRN,1990,1026.576184
IRN,1991,672.6117846
IRN,1992,452.43735539999994
IRN,1993,397.2458919
IRN,1994,411.52974900000004
IRN,1995,235.8811108
IRN,1996,211.8822609
IRN,1997,154.92982719999998
IRN,1998,129.1986017
IRN,1999,112.00582759999999
IRN,2000,141.89592280000002
IRN,2001,125.054824
IRN,2002,121.8241199
IRN,2003,177.308924
IRN,2004,85.39168036
IRN,2005,29.66968111
IRN,2006,379.0000427
IRN,2007,96.00000006
IRN,2008,146.4543939
IRN,2009,311.0173818
IRN,2010,239.7936761
IRN,2011,223.9999983
IRN,2012,30.50691972
IRN,2013,65.99999609
IRN,2014,28.99999827
IRN,2015,77.00000086
IRN,2016,121.99999960000001
IRN,2017,93.99999948
IRQ,1990,2029.725368
IRQ,1991,23678.993280000002
IRQ,1992,1053.405943
IRQ,1993,840.2973856000001
IRQ,1994,813.2290667000001
IRQ,1995,688.2087235
IRQ,1996,485.54138389999997
IRQ,1997,450.3748926
IRQ,1998,306.96621160000007
IRQ,1999,293.2152276
IRQ,2000,335.2038174
IRQ,2001,306.2667835
IRQ,2002,297.9661984
IRQ,2003,762.5333931
IRQ,2004,2366.214866
IRQ,2005,3465.292907
IRQ,2006,23266.94223
IRQ,2007,25603.130119999998
IRQ,2008,8793.001070999999
IRQ,2009,5701.986620000001
IRQ,2010,6238.001533
IRQ,2011,6032.006982
IRQ,2012,7307.993299
IRQ,2013,16889.95102
IRQ,2014,33297.02646
IRQ,2015,26413.05561
IRQ,2016,28579.9092
IRQ,2017,33240.11405
IRL,1990,0.0
IRL,1991,3.00000001
IRL,1992,0.0
IRL,1993,0.0
IRL,1994,3.99999998
IRL,1995,1.0
IRL,1996,1.0
IRL,1997,0.0
IRL,1998,1.0000000009999999
IRL,1999,0.9999999829999999
IRL,2000,0.0
IRL,2001,0.0
IRL,2002,0.0
IRL,2003,0.0
IRL,2004,0.0
IRL,2005,0.0
IRL,2006,1.0000000009999999
IRL,2007,0.0
IRL,2008,0.0
IRL,2009,0.0
IRL,2010,0.0
IRL,2011,1.0
IRL,2012,0.0
IRL,2013,0.0
IRL,2014,0.0
IRL,2015,0.0
IRL,2016,2.000000004
IRL,2017,0.0
ISR,1990,100.00000379999999
ISR,1991,76.00000468
ISR,1992,108.0000024
ISR,1993,88.0
ISR,1994,176.0000003
ISR,1995,95.00000073
ISR,1996,204.99999519999997
ISR,1997,55.99999905
ISR,1998,44.00001115
ISR,1999,11.00000056
ISR,2000,119.0000008
ISR,2001,487.000171
ISR,2002,1212.00022
ISR,2003,625.0001315000001
ISR,2004,573.0000877
ISR,2005,254.9999957
ISR,2006,666.000016
ISR,2007,320.0000102
ISR,2008,751.0000279
ISR,2009,706.999948
ISR,2010,67.99999991
ISR,2011,94.00000054
ISR,2012,87.00000071
ISR,2013,9.999999998
ISR,2014,1730.999909
ISR,2015,35.00000016
ISR,2016,27.00000016
ISR,2017,20.9999997
ITA,1990,1.0
ITA,1991,0.0
ITA,1992,16.99999999
ITA,1993,1.000000002
ITA,1994,4.000000003
ITA,1995,1.000000008
ITA,1996,0.0
ITA,1997,0.0
ITA,1998,3.000000004
ITA,1999,1.0
ITA,2000,0.9999999909999999
ITA,2001,0.0
ITA,2002,1.0
ITA,2003,17.0
ITA,2004,1.0
ITA,2005,2.000000004
ITA,2006,0.0
ITA,2007,0.0
ITA,2008,1.000000011
ITA,2009,0.0
ITA,2010,11.99999998
ITA,2011,1.0
ITA,2012,0.0
ITA,2013,3.000000239
ITA,2014,2.000000186
ITA,2015,0.0
ITA,2016,1.0
ITA,2017,0.0
JAM,1990,0.0
JAM,1991,0.0
JAM,1992,4.999999993
JAM,1993,0.0
JAM,1994,1.99999999
JAM,1995,1.000000004
JAM,1996,0.999999999
JAM,1997,10.00000072
JAM,1998,0.0
JAM,1999,0.0
JAM,2000,0.0
JAM,2001,0.0
JAM,2002,0.0
JAM,2003,0.0
JAM,2004,0.0
JAM,2005,0.0
JAM,2006,0.0
JAM,2007,0.0
JAM,2008,0.0
JAM,2009,0.0
JAM,2010,0.0
JAM,2011,0.0
JAM,2012,0.0
JAM,2013,0.0
JAM,2014,0.0
JAM,2015,0.0
JAM,2016,0.0
JAM,2017,0.0
JPN,1990,6.00000054
JPN,1991,4.000000167
JPN,1992,2.000000597
JPN,1993,1.999999808
JPN,1994,10.99999984
JPN,1995,15.00000007
JPN,1996,0.0
JPN,1997,0.0
JPN,1998,0.0
JPN,1999,0.0
JPN,2000,0.0
JPN,2001,0.0
JPN,2002,0.0
JPN,2003,0.0
JPN,2004,0.0
JPN,2005,0.0
JPN,2006,0.0
JPN,2007,0.0
JPN,2008,0.0
JPN,2009,0.0
JPN,2010,0.0
JPN,2011,0.0
JPN,2012,0.0
JPN,2013,0.0
JPN,2014,0.0
JPN,2015,24.00000117
JPN,2016,22.99999998
JPN,2017,3.9999999489999998
JOR,1990,0.0
JOR,1991,0.9999999970000001
JOR,1992,2.000000001
JOR,1993,0.0
JOR,1994,0.0
JOR,1995,1.000000003
JOR,1996,0.0
JOR,1997,0.0
JOR,1998,0.0
JOR,1999,0.0
JOR,2000,0.0
JOR,2001,1.0000000009999999
JOR,2002,2.99999999
JOR,2003,0.0
JOR,2004,0.9999999340000001
JOR,2005,121.00001329999999
JOR,2006,0.999999999
JOR,2007,0.0
JOR,2008,0.0
JOR,2009,0.0
JOR,2010,2.000000027
JOR,2011,0.0
JOR,2012,1.0
JOR,2013,4.999999985
JOR,2014,1.0000000009999999
JOR,2015,7.9999999729999995
JOR,2016,68.99999744
JOR,2017,34.99999963
KAZ,1990,0.0
KAZ,1991,0.0
KAZ,1992,8.999999998
KAZ,1993,0.0
KAZ,1994,0.0
KAZ,1995,0.0
KAZ,1996,0.0
KAZ,1997,2.0
KAZ,1998,0.0
KAZ,1999,3.938246796
KAZ,2000,5.938246797000001
KAZ,2001,19.69123399
KAZ,2002,0.0
KAZ,2003,0.0
KAZ,2004,33.57665741
KAZ,2005,42.79355905
KAZ,2006,27.28128927
KAZ,2007,14.99999998
KAZ,2008,28.81014453
KAZ,2009,20.20305173
KAZ,2010,84.68816595
KAZ,2011,36.05214876
KAZ,2012,56.9103032
KAZ,2013,1.969123399
KAZ,2014,6.891931895
KAZ,2015,11.81474039
KAZ,2016,9.99999999
KAZ,2017,0.0
KEN,1990,6.999999916
KEN,1991,0.0
KEN,1992,158.0000021
KEN,1993,1.0
KEN,1994,45.99990474
KEN,1995,5.999999997000001
KEN,1996,4.999999959
KEN,1997,427.6577666
KEN,1998,784.9506477000001
KEN,1999,343.0010134
KEN,2000,428.0006736
KEN,2001,475.00042980000006
KEN,2002,397.9998241
KEN,2003,154.0000347
KEN,2004,178.0000273
KEN,2005,326.99999460000004
KEN,2006,290.00048260000005
KEN,2007,580.4362428999999
KEN,2008,1895.68582
KEN,2009,329.9754272
KEN,2010,178.65121299999998
KEN,2011,169.6653815
KEN,2012,508.78199060000003
KEN,2013,709.9999231
KEN,2014,530.9999495
KEN,2015,647.3726295
KEN,2016,202.99999519999997
KEN,2017,390.9993271
KIR,1990,0.0
KIR,1991,0.0
KIR,1992,0.0
KIR,1993,0.0
KIR,1994,0.0
KIR,1995,6.9999998429999994
KIR,1996,0.0
KIR,1997,0.0
KIR,1998,0.0
KIR,1999,0.0
KIR,2000,0.0
KIR,2001,0.0
KIR,2002,0.0
KIR,2003,0.0
KIR,2004,0.0
KIR,2005,0.0
KIR,2006,0.0
KIR,2007,0.0
KIR,2008,0.0
KIR,2009,0.0
KIR,2010,0.0
KIR,2011,0.0
KIR,2012,0.0
KIR,2013,0.0
KIR,2014,0.0
KIR,2015,0.0
KIR,2016,0.0
KIR,2017,0.0
KWT,1990,1329.0
KWT,1991,461.00007180000006
KWT,1992,2.00000001
KWT,1993,0.0
KWT,1994,0.0
KWT,1995,7.999999847000001
KWT,1996,14.99999868
KWT,1997,8.999999607000001
KWT,1998,8.000000093999999
KWT,1999,8.99999929
KWT,2000,7.000000588
KWT,2001,5.000000036
KWT,2002,6.0000000579999995
KWT,2003,5.999999216
KWT,2004,9.000000713
KWT,2005,11.99999823
KWT,2006,18.00000082
KWT,2007,11.99999907
KWT,2008,1.000000058
KWT,2009,3.000000008
KWT,2010,0.0
KWT,2011,1.000000013
KWT,2012,0.0
KWT,2013,0.999999984
KWT,2014,0.999999992
KWT,2015,54.00000244
KWT,2016,1.0
KWT,2017,0.0
KGZ,1990,0.0
KGZ,1991,0.0
KGZ,1992,0.0
KGZ,1993,0.0
KGZ,1994,0.0
KGZ,1995,0.0
KGZ,1996,0.0
KGZ,1997,0.0
KGZ,1998,0.0
KGZ,1999,15.00000001
KGZ,2000,175.9999969
KGZ,2001,7.004176407999999
KGZ,2002,2.999999989
KGZ,2003,0.999999999
KGZ,2004,3.502088213
KGZ,2005,12.25730867
KGZ,2006,7.000000002999999
KGZ,2007,0.560334114
KGZ,2008,0.49029235
KGZ,2009,0.21012529300000002
KGZ,2010,424.00003990000005
KGZ,2011,39.99999985
KGZ,2012,17.51044115
KGZ,2013,1.0000000009999999
KGZ,2014,3.45146175
KGZ,2015,5.202505864
KGZ,2016,1.0
KGZ,2017,0.0
LAO,1990,254.9999353
LAO,1991,0.0
LAO,1992,2.99999998
LAO,1993,3.0
LAO,1994,1.999999993
LAO,1995,0.0
LAO,1996,5.000000022
LAO,1997,2.0
LAO,1998,0.0
LAO,1999,2.0
LAO,2000,7.999999987000001
LAO,2001,0.0
LAO,2002,4.0
LAO,2003,14.99999976
LAO,2004,4.0
LAO,2005,0.0
LAO,2006,73.0000002
LAO,2007,0.0
LAO,2008,0.0
LAO,2009,0.0
LAO,2010,0.0
LAO,2011,0.0
LAO,2012,0.0
LAO,2013,0.0
LAO,2014,0.0
LAO,2015,3.999999983
LAO,2016,7.0000000060000005
LAO,2017,2.000000005
LVA,1990,0.0
LVA,1991,4.000000001
LVA,1992,0.0
LVA,1993,0.0
LVA,1994,1.0
LVA,1995,0.0
LVA,1996,0.0
LVA,1997,0.0
LVA,1998,0.0
LVA,1999,0.0
LVA,2000,1.0000000009999999
LVA,2001,0.0
LVA,2002,0.0
LVA,2003,0.0
LVA,2004,0.999999986
LVA,2005,0.0
LVA,2006,2.000000061
LVA,2007,0.0
LVA,2008,1.000000046
LVA,2009,1.9999998890000001
LVA,2010,0.0
LVA,2011,0.0
LVA,2012,0.0
LVA,2013,0.0
LVA,2014,0.0
LVA,2015,0.0
LVA,2016,0.0
LVA,2017,0.0
LBN,1990,877.9996651
LBN,1991,143.0000304
LBN,1992,181.00002790000002
LBN,1993,137.0000009
LBN,1994,153.00003600000002
LBN,1995,124.99998629999999
LBN,1996,250.99999010000002
LBN,1997,118.99999740000001
LBN,1998,70.99999954
LBN,1999,65.99999994
LBN,2000,37.99999922
LBN,2001,4.0
LBN,2002,33.94807043
LBN,2003,3.999999996
LBN,2004,2.5974034880000003
LBN,2005,24.99999986
LBN,2006,758.9999552
LBN,2007,199.7403803
LBN,2008,197.90916289999998
LBN,2009,21.79221044
LBN,2010,5.1948069310000005
LBN,2011,5.00000001
LBN,2012,47.33768599
LBN,2013,239.0000574
LBN,2014,268.00003280000004
LBN,2015,189.99999119999998
LBN,2016,47.00000144
LBN,2017,386.0000491
LSO,1990,0.0
LSO,1991,0.0
LSO,1992,0.0
LSO,1993,0.0
LSO,1994,0.0
LSO,1995,0.0
LSO,1996,0.0
LSO,1997,5.999999953
LSO,1998,117.00000659999999
LSO,1999,15.99999923
LSO,2000,0.0
LSO,2001,0.0
LSO,2002,9.000000007999999
LSO,2003,0.0
LSO,2004,0.0
LSO,2005,0.0
LSO,2006,2.000000005
LSO,2007,0.0
LSO,2008,0.0
LSO,2009,4.000000034
LSO,2010,1.0000000009999999
LSO,2011,0.0
LSO,2012,5.000000057
LSO,2013,0.0
LSO,2014,0.999999995
LSO,2015,3.000000015
LSO,2016,0.0
LSO,2017,4.000000053
LBR,1990,3684.003114
LBR,1991,271.9999988
LBR,1992,434.99977069999994
LBR,1993,2565.00066
LBR,1994,3770.006339
LBR,1995,2196.0
LBR,1996,1097.0
LBR,1997,13.0
LBR,1998,14.0
LBR,1999,191.00003610000002
LBR,2000,101.0
LBR,2001,481.99999969999993
LBR,2002,2286.000102
LBR,2003,3217.000227
LBR,2004,18.00000019
LBR,2005,3.000000009
LBR,2006,0.0
LBR,2007,0.999999999
LBR,2008,24.99999954
LBR,2009,0.0
LBR,2010,1.0000000009999999
LBR,2011,13.99999992
LBR,2012,0.0
LBR,2013,1.0000000009999999
LBR,2014,4.000000008
LBR,2015,1.0
LBR,2016,13.00000017
LBR,2017,3.9999999760000002
LBY,1990,0.0
LBY,1991,0.0
LBY,1992,0.0
LBY,1993,0.0
LBY,1994,0.0
LBY,1995,0.0
LBY,1996,2451.003975
LBY,1997,7.999999975
LBY,1998,1.999999998
LBY,1999,0.0
LBY,2000,1.999999986
LBY,2001,0.0
LBY,2002,0.0
LBY,2003,0.0
LBY,2004,0.0
LBY,2005,0.0
LBY,2006,0.0
LBY,2007,0.0
LBY,2008,40.00000291
LBY,2009,0.0
LBY,2010,0.0
LBY,2011,47807.61741
LBY,2012,850.0004702
LBY,2013,363.0002895
LBY,2014,2957.009527
LBY,2015,51.00000052
LBY,2016,1830.0000109999999
LBY,2017,1525.000078
LTU,1990,0.0
LTU,1991,21.00000004
LTU,1992,0.0
LTU,1993,0.0
LTU,1994,3.000000069
LTU,1995,1.00000002
LTU,1996,0.0
LTU,1997,1.9999999480000001
LTU,1998,0.0
LTU,1999,0.0
LTU,2000,0.0
LTU,2001,0.0
LTU,2002,0.0
LTU,2003,0.0
LTU,2004,0.0
LTU,2005,0.0
LTU,2006,0.0
LTU,2007,0.0
LTU,2008,1.000000003
LTU,2009,0.0
LTU,2010,0.0
LTU,2011,0.0
LTU,2012,0.0
LTU,2013,0.0
LTU,2014,0.0
LTU,2015,0.0
LTU,2016,0.0
LTU,2017,0.0
LUX,1990,0.0
LUX,1991,0.0
LUX,1992,0.0
LUX,1993,0.999997473
LUX,1994,0.0
LUX,1995,0.0
LUX,1996,0.0
LUX,1997,0.0
LUX,1998,0.0
LUX,1999,0.0
LUX,2000,0.0
LUX,2001,0.0
LUX,2002,0.0
LUX,2003,0.0
LUX,2004,0.0
LUX,2005,0.0
LUX,2006,0.0
LUX,2007,0.0
LUX,2008,0.0
LUX,2009,0.0
LUX,2010,0.0
LUX,2011,0.0
LUX,2012,0.0
LUX,2013,0.0
LUX,2014,0.0
LUX,2015,0.0
LUX,2016,0.0
LUX,2017,0.0
MKD,1990,0.0
MKD,1991,26.99999845
MKD,1992,0.99999998
MKD,1993,0.999999992
MKD,1994,0.0
MKD,1995,2.999999963
MKD,1996,0.0
MKD,1997,0.0
MKD,1998,0.0
MKD,1999,6.0
MKD,2000,5.999999998
MKD,2001,107.00000390000001
MKD,2002,22.99999933
MKD,2003,15.00000006
MKD,2004,0.0
MKD,2005,0.0
MKD,2006,5.999999997000001
MKD,2007,11.99999998
MKD,2008,3.00000001
MKD,2009,0.0
MKD,2010,0.0
MKD,2011,0.0
MKD,2012,5.000000015
MKD,2013,0.0
MKD,2014,0.0
MKD,2015,0.0
MKD,2016,0.0
MKD,2017,0.0
MDG,1990,0.0
MDG,1991,3.9999999969999998
MDG,1992,16.00000008
MDG,1993,0.0
MDG,1994,0.0
MDG,1995,4.000000009
MDG,1996,1.0
MDG,1997,0.0
MDG,1998,0.0
MDG,1999,0.0
MDG,2000,1.0
MDG,2001,0.0
MDG,2002,6.000000011
MDG,2003,0.0
MDG,2004,1.0
MDG,2005,1.9999999990000001
MDG,2006,0.0
MDG,2007,2.999999996
MDG,2008,2.0000000019999997
MDG,2009,70.99999874
MDG,2010,3.0000000019999997
MDG,2011,0.0
MDG,2012,23.0
MDG,2013,107.9999959
MDG,2014,440.00005489999995
MDG,2015,168.9999854
MDG,2016,173.9999992
MDG,2017,172.0000144
MWI,1990,0.0
MWI,1991,0.0
MWI,1992,31.99999968
MWI,1993,0.0
MWI,1994,0.0
MWI,1995,0.0
MWI,1996,0.0
MWI,1997,0.0
MWI,1998,0.0
MWI,1999,0.0
MWI,2000,1.0
MWI,2001,2.0000000019999997
MWI,2002,1.0
MWI,2003,0.0
MWI,2004,0.0
MWI,2005,0.0
MWI,2006,0.0
MWI,2007,0.0
MWI,2008,2.9999999930000003
MWI,2009,0.0
MWI,2010,0.0
MWI,2011,0.999999999
MWI,2012,0.0
MWI,2013,1.9999999990000001
MWI,2014,2.999999999
MWI,2015,12.0
MWI,2016,21.99999981
MWI,2017,11.99999995
MYS,1990,0.0
MYS,1991,0.0
MYS,1992,0.0
MYS,1993,0.0
MYS,1994,0.0
MYS,1995,0.0
MYS,1996,0.0
MYS,1997,0.0
MYS,1998,0.0
MYS,1999,0.0
MYS,2000,5.000000008
MYS,2001,1.0
MYS,2002,0.0
MYS,2003,0.0
MYS,2004,0.0
MYS,2005,0.0
MYS,2006,0.0
MYS,2007,0.0
MYS,2008,0.0
MYS,2009,0.0
MYS,2010,0.0
MYS,2011,0.0
MYS,2012,2.0
MYS,2013,72.0
MYS,2014,1.0
MYS,2015,1.0
MYS,2016,5.999999999
MYS,2017,0.0
MDV,1990,0.0
MDV,1991,0.0
MDV,1992,0.0
MDV,1993,0.0
MDV,1994,0.0
MDV,1995,0.0
MDV,1996,0.0
MDV,1997,0.0
MDV,1998,0.0
MDV,1999,0.0
MDV,2000,0.0
MDV,2001,0.0
MDV,2002,0.0
MDV,2003,0.0
MDV,2004,0.0
MDV,2005,0.0
MDV,2006,0.0
MDV,2007,0.0
MDV,2008,0.0
MDV,2009,0.0
MDV,2010,0.0
MDV,2011,0.0
MDV,2012,0.0
MDV,2013,0.0
MDV,2014,0.0
MDV,2015,0.0
MDV,2016,0.0
MDV,2017,0.0
MLI,1990,341.9999981
MLI,1991,230.99999350000002
MLI,1992,82.00000021
MLI,1993,0.0
MLI,1994,829.9999029
MLI,1995,3.999999995
MLI,1996,0.0
MLI,1997,5000.018645
MLI,1998,10002.049640000001
MLI,1999,2008.999707
MLI,2000,2002.997675
MLI,2001,2002.002225
MLI,2002,2004.9982929999999
MLI,2003,1513.000399
MLI,2004,499.9998124
MLI,2005,11.99999999
MLI,2006,199.99998290000002
MLI,2007,59.00000062
MLI,2008,117.0000001
MLI,2009,136.9999976
MLI,2010,31.00000015
MLI,2011,37.00000022
MLI,2012,335.9999188
MLI,2013,1119.999991
MLI,2014,233.99999989999998
MLI,2015,248.99998440000002
MLI,2016,136.9999982
MLI,2017,869.9999616
MLT,1990,0.0
MLT,1991,1.000003918
MLT,1992,1.000000019
MLT,1993,0.0
MLT,1994,0.0
MLT,1995,1.000000002
MLT,1996,0.0
MLT,1997,0.0
MLT,1998,0.0
MLT,1999,0.0
MLT,2000,0.0
MLT,2001,0.0
MLT,2002,0.0
MLT,2003,0.0
MLT,2004,0.0
MLT,2005,0.0
MLT,2006,0.0
MLT,2007,0.0
MLT,2008,0.0
MLT,2009,0.0
MLT,2010,0.0
MLT,2011,0.0
MLT,2012,0.0
MLT,2013,0.0
MLT,2014,0.0
MLT,2015,0.0
MLT,2016,0.0
MLT,2017,0.0
MHL,1990,0.0
MHL,1991,0.0
MHL,1992,0.0
MHL,1993,0.0
MHL,1994,0.0
MHL,1995,0.0
MHL,1996,0.0
MHL,1997,0.0
MHL,1998,0.0
MHL,1999,0.0
MHL,2000,0.0
MHL,2001,0.0
MHL,2002,0.0
MHL,2003,0.0
MHL,2004,0.0
MHL,2005,0.0
MHL,2006,0.0
MHL,2007,0.0
MHL,2008,0.0
MHL,2009,0.0
MHL,2010,0.0
MHL,2011,0.0
MHL,2012,0.0
MHL,2013,0.0
MHL,2014,0.0
MHL,2015,0.0
MHL,2016,0.0
MHL,2017,0.0
MRT,1990,19.0
MRT,1991,0.0
MRT,1992,0.0
MRT,1993,0.0
MRT,1994,0.0
MRT,1995,0.0
MRT,1996,0.0
MRT,1997,3.000000022
MRT,1998,0.0
MRT,1999,0.0
MRT,2000,0.0
MRT,2001,0.0
MRT,2002,0.0
MRT,2003,17.99999918
MRT,2004,0.0
MRT,2005,48.99999837
MRT,2006,0.0
MRT,2007,7.999999917999999
MRT,2008,23.99999989
MRT,2009,1.999999997
MRT,2010,1.999999998
MRT,2011,11.99999965
MRT,2012,2.000000001
MRT,2013,0.0
MRT,2014,0.0
MRT,2015,0.9999999970000001
MRT,2016,0.0
MRT,2017,2.000000006
MUS,1990,0.0
MUS,1991,0.0
MUS,1992,0.0
MUS,1993,0.0
MUS,1994,0.0
MUS,1995,0.0
MUS,1996,0.0
MUS,1997,0.0
MUS,1998,0.0
MUS,1999,0.0
MUS,2000,0.0
MUS,2001,0.0
MUS,2002,0.0
MUS,2003,0.0
MUS,2004,0.0
MUS,2005,0.0
MUS,2006,0.0
MUS,2007,0.0
MUS,2008,0.0
MUS,2009,0.0
MUS,2010,0.0
MUS,2011,0.0
MUS,2012,0.0
MUS,2013,0.0
MUS,2014,0.0
MUS,2015,0.0
MUS,2016,0.0
MUS,2017,0.0
MEX,1990,12.00000291
MEX,1991,19.99999858
MEX,1992,8.999999646000001
MEX,1993,4.999999937
MEX,1994,234.9999747
MEX,1995,81.99999791
MEX,1996,139.0000001
MEX,1997,65.00000001
MEX,1998,107.0
MEX,1999,0.0
MEX,2000,21.00000024
MEX,2001,0.0
MEX,2002,0.0
MEX,2003,0.0
MEX,2004,0.0
MEX,2005,0.0
MEX,2006,0.0
MEX,2007,0.0
MEX,2008,0.0
MEX,2009,0.0
MEX,2010,0.0
MEX,2011,0.0
MEX,2012,0.0
MEX,2013,0.0
MEX,2014,0.0
MEX,2015,0.0
MEX,2016,0.0
MEX,2017,0.0
FSM,1990,0.0
FSM,1991,0.0
FSM,1992,0.0
FSM,1993,0.0
FSM,1994,0.0
FSM,1995,0.0
FSM,1996,0.0
FSM,1997,0.0
FSM,1998,0.0
FSM,1999,0.0
FSM,2000,0.0
FSM,2001,0.0
FSM,2002,0.0
FSM,2003,0.0
FSM,2004,0.0
FSM,2005,0.0
FSM,2006,0.0
FSM,2007,0.0
FSM,2008,0.0
FSM,2009,0.0
FSM,2010,0.0
FSM,2011,0.0
FSM,2012,0.0
FSM,2013,0.0
FSM,2014,0.0
FSM,2015,0.0
FSM,2016,0.0
FSM,2017,0.0
MDA,1990,0.0
MDA,1991,0.0
MDA,1992,595.0000073
MDA,1993,0.0
MDA,1994,0.999999999
MDA,1995,0.0
MDA,1996,0.999999984
MDA,1997,0.0
MDA,1998,0.0
MDA,1999,0.0
MDA,2000,0.9999999890000001
MDA,2001,0.0
MDA,2002,0.0
MDA,2003,0.0
MDA,2004,0.0
MDA,2005,0.0
MDA,2006,1.9999999990000001
MDA,2007,0.0
MDA,2008,0.0
MDA,2009,0.0
MDA,2010,0.0
MDA,2011,0.0
MDA,2012,1.0000000009999999
MDA,2013,0.0
MDA,2014,0.0
MDA,2015,0.0
MDA,2016,0.0
MDA,2017,0.0
MNG,1990,0.0
MNG,1991,0.0
MNG,1992,0.0
MNG,1993,0.0
MNG,1994,0.0
MNG,1995,0.0
MNG,1996,0.0
MNG,1997,0.0
MNG,1998,0.0
MNG,1999,0.715185275
MNG,2000,0.715185275
MNG,2001,3.575926361
MNG,2002,0.0
MNG,2003,0.0
MNG,2004,1.787963187
MNG,2005,6.257871182000001
MNG,2006,0.7151852759999999
MNG,2007,0.28607411
MNG,2008,0.25031484600000004
MNG,2009,0.107277791
MNG,2010,14.30370553
MNG,2011,3.21833375
MNG,2012,8.939815949
MNG,2013,0.35759263799999996
MNG,2014,1.251574231
MNG,2015,2.145555826
MNG,2016,0.0
MNG,2017,0.0
MNE,1990,0.0
MNE,1991,0.0
MNE,1992,0.0
MNE,1993,0.0
MNE,1994,0.0
MNE,1995,0.0
MNE,1996,0.0
MNE,1997,0.0
MNE,1998,0.0
MNE,1999,9.0
MNE,2000,1.0
MNE,2001,0.999999999
MNE,2002,0.0
MNE,2003,0.0
MNE,2004,0.0
MNE,2005,0.0
MNE,2006,0.0
MNE,2007,0.0
MNE,2008,0.0
MNE,2009,0.0
MNE,2010,0.0
MNE,2011,0.0
MNE,2012,0.0
MNE,2013,0.0
MNE,2014,0.0
MNE,2015,0.0
MNE,2016,0.0
MNE,2017,0.0
MAR,1990,0.0
MAR,1991,22.00000004
MAR,1992,2.000000001
MAR,1993,0.0
MAR,1994,0.0
MAR,1995,0.0
MAR,1996,0.0
MAR,1997,5.999999999
MAR,1998,10.0
MAR,1999,0.0
MAR,2000,1.0
MAR,2001,0.0
MAR,2002,0.0
MAR,2003,88.99999897
MAR,2004,0.0
MAR,2005,0.0
MAR,2006,1.9999999990000001
MAR,2007,2.000000001
MAR,2008,0.0
MAR,2009,0.0
MAR,2010,13.99999998
MAR,2011,18.00000001
MAR,2012,1.000000011
MAR,2013,2.000000025
MAR,2014,1.9999999990000001
MAR,2015,2.0
MAR,2016,3.0000000019999997
MAR,2017,2.0
MOZ,1990,1943.9996420000002
MOZ,1991,2122.001814
MOZ,1992,675.9998962999999
MOZ,1993,0.0
MOZ,1994,0.0
MOZ,1995,14.99999994
MOZ,1996,0.0
MOZ,1997,0.0
MOZ,1998,0.0
MOZ,1999,0.0
MOZ,2000,1.0
MOZ,2001,0.0
MOZ,2002,0.0
MOZ,2003,0.0
MOZ,2004,3.0
MOZ,2005,12.0
MOZ,2006,2.000000001
MOZ,2007,5.999999979
MOZ,2008,0.0
MOZ,2009,0.0
MOZ,2010,6.999999979
MOZ,2011,0.0
MOZ,2012,7.0000000060000005
MOZ,2013,50.99999943
MOZ,2014,32.99999996
MOZ,2015,3.999999999
MOZ,2016,57.00000016
MOZ,2017,172.0000107
MMR,1990,615.9999922999999
MMR,1991,1095.999987
MMR,1992,1887.9999879999998
MMR,1993,143.0000004
MMR,1994,792.9999827
MMR,1995,479.9999687
MMR,1996,610.9999993
MMR,1997,803.9999999
MMR,1998,494.9999999
MMR,1999,358.9999998
MMR,2000,668.0000003
MMR,2001,338.9999996
MMR,2002,546.9999934
MMR,2003,264.99999959999997
MMR,2004,179.0
MMR,2005,358.0000023
MMR,2006,449.99999569999994
MMR,2007,663.9999968
MMR,2008,114.00000020000002
MMR,2009,263.0000097
MMR,2010,197.9999992
MMR,2011,807.0000039
MMR,2012,856.9999995999999
MMR,2013,318.9999962
MMR,2014,263.9999983
MMR,2015,758.9997262999999
MMR,2016,215.0000045
MMR,2017,30.99999997
NAM,1990,0.0
NAM,1991,2.999999934
NAM,1992,0.0
NAM,1993,0.0
NAM,1994,0.0
NAM,1995,0.0
NAM,1996,2.0
NAM,1997,0.0
NAM,1998,30.00000093
NAM,1999,53.00000993
NAM,2000,155.99993490000003
NAM,2001,12.99999946
NAM,2002,9.99999994
NAM,2003,10.9999999
NAM,2004,0.0
NAM,2005,0.0
NAM,2006,0.0
NAM,2007,0.0
NAM,2008,0.0
NAM,2009,0.0
NAM,2010,0.0
NAM,2011,0.0
NAM,2012,1.0000000009999999
NAM,2013,0.0
NAM,2014,2.0000000019999997
NAM,2015,2.99999996
NAM,2016,0.0
NAM,2017,1.0
NPL,1990,13.99999999
NPL,1991,2.0
NPL,1992,9.000000001
NPL,1993,3.0
NPL,1994,4.0
NPL,1995,0.0
NPL,1996,83.00000003
NPL,1997,63.00000001
NPL,1998,357.0000115
NPL,1999,317.9999986
NPL,2000,455.99999569999994
NPL,2001,735.9999948
NPL,2002,4900.999588000001
NPL,2003,1724.99996
NPL,2004,3057.999819
NPL,2005,1574.000013
NPL,2006,678.9999932999999
NPL,2007,45.00000005
NPL,2008,133.0
NPL,2009,28.99999999
NPL,2010,30.00000003
NPL,2011,15.99999999
NPL,2012,9.0
NPL,2013,3.000000001
NPL,2014,0.0
NPL,2015,1.0
NPL,2016,5.999999999
NPL,2017,0.0
NLD,1990,4.0000000060000005
NLD,1991,0.0
NLD,1992,0.0
NLD,1993,0.0
NLD,1994,0.0
NLD,1995,3.999999873
NLD,1996,0.0
NLD,1997,0.0
NLD,1998,0.0
NLD,1999,0.0
NLD,2000,0.0
NLD,2001,0.999999979
NLD,2002,1.999999876
NLD,2003,0.0
NLD,2004,1.0
NLD,2005,0.0
NLD,2006,0.9999992679999999
NLD,2007,6.999999635
NLD,2008,6.000000191
NLD,2009,10.99999994
NLD,2010,2.999999991
NLD,2011,0.0
NLD,2012,0.0
NLD,2013,1.0000000009999999
NLD,2014,186.00000780000002
NLD,2015,0.0
NLD,2016,2.999999985
NLD,2017,0.0
NZL,1990,0.981484177
NZL,1991,0.0
NZL,1992,0.0
NZL,1993,0.0
NZL,1994,0.0
NZL,1995,0.0
NZL,1996,1.000000075
NZL,1997,0.9999998809999999
NZL,1998,0.0
NZL,1999,0.999999967
NZL,2000,3.000000115
NZL,2001,0.0
NZL,2002,0.0
NZL,2003,0.0
NZL,2004,0.0
NZL,2005,1.000000187
NZL,2006,0.0
NZL,2007,0.999999968
NZL,2008,1.0000000070000001
NZL,2009,0.0
NZL,2010,0.0
NZL,2011,7.0000000270000005
NZL,2012,0.0
NZL,2013,1.999999595
NZL,2014,0.0
NZL,2015,0.99999961
NZL,2016,0.0
NZL,2017,0.0
NIC,1990,61.99999778
NIC,1991,54.00000333
NIC,1992,21.99999951
NIC,1993,0.0
NIC,1994,11.99999995
NIC,1995,6.000000083
NIC,1996,18.0000005
NIC,1997,6.99999998
NIC,1998,0.0
NIC,1999,0.0
NIC,2000,2.0
NIC,2001,0.0
NIC,2002,0.0
NIC,2003,0.9999999390000001
NIC,2004,0.0
NIC,2005,0.0
NIC,2006,0.0
NIC,2007,0.0
NIC,2008,0.0
NIC,2009,0.0
NIC,2010,0.0
NIC,2011,0.0
NIC,2012,0.0
NIC,2013,0.0
NIC,2014,5.000000005
NIC,2015,0.0
NIC,2016,0.0
NIC,2017,0.0
NER,1990,200.0000596
NER,1991,47.99999978
NER,1992,62.99999959
NER,1993,6.000000002
NER,1994,103.000004
NER,1995,89.00000099
NER,1996,15.99999973
NER,1997,82.99999961
NER,1998,297.9999806
NER,1999,14.0000003
NER,2000,8.999999997
NER,2001,3.0000000030000002
NER,2002,2.999999999
NER,2003,0.0
NER,2004,4.0
NER,2005,0.999999999
NER,2006,9.000000044
NER,2007,115.00000179999999
NER,2008,59.99999739
NER,2009,6.000000009
NER,2010,37.00000097
NER,2011,39.99999934
NER,2012,27.99999977
NER,2013,67.99999963
NER,2014,4.0
NER,2015,622.0000294
NER,2016,339.99999360000004
NER,2017,308.0000017
NGA,1990,80.0
NGA,1991,9.999999995
NGA,1992,136.000002
NGA,1993,3.0
NGA,1994,70.99999981
NGA,1995,2.0
NGA,1996,28.99999998
NGA,1997,92.99999988
NGA,1998,917.9999554
NGA,1999,2699.00005
NGA,2000,192.9999989
NGA,2001,706.0000024
NGA,2002,257.9999997
NGA,2003,385.00001010000005
NGA,2004,1431.00022
NGA,2005,77.00000009
NGA,2006,51.00000004
NGA,2007,157.0
NGA,2008,233.0000007
NGA,2009,1653.0001109999998
NGA,2010,902.0000120999999
NGA,2011,1629.000072
NGA,2012,3063.000105
NGA,2013,4450.999718
NGA,2014,14075.99791
NGA,2015,0.0
NGA,2016,4961.000099
NGA,2017,4057.999597
PRK,1990,0.0
PRK,1991,0.0
PRK,1992,0.0
PRK,1993,0.0
PRK,1994,3.0
PRK,1995,0.0
PRK,1996,0.0
PRK,1997,0.0
PRK,1998,0.0
PRK,1999,0.0
PRK,2000,0.0
PRK,2001,0.0
PRK,2002,0.0
PRK,2003,0.0
PRK,2004,0.0
PRK,2005,0.0
PRK,2006,0.0
PRK,2007,0.0
PRK,2008,0.0
PRK,2009,0.0
PRK,2010,0.0
PRK,2011,0.0
PRK,2012,0.0
PRK,2013,0.0
PRK,2014,0.0
PRK,2015,0.0
PRK,2016,0.0
PRK,2017,0.0
MNP,1990,0.0
MNP,1991,0.0
MNP,1992,0.0
MNP,1993,0.0
MNP,1994,0.0
MNP,1995,0.0
MNP,1996,0.0
MNP,1997,0.0
MNP,1998,0.0
MNP,1999,0.0
MNP,2000,0.0
MNP,2001,0.0
MNP,2002,0.0
MNP,2003,0.0
MNP,2004,0.9999999890000001
MNP,2005,2.000000054
MNP,2006,0.0
MNP,2007,1.9999999940000002
MNP,2008,0.0
MNP,2009,0.0
MNP,2010,0.0
MNP,2011,0.0
MNP,2012,0.0
MNP,2013,0.0
MNP,2014,0.0
MNP,2015,0.0
MNP,2016,0.0
MNP,2017,0.0
NOR,1990,0.0
NOR,1991,0.999999692
NOR,1992,0.0
NOR,1993,0.0
NOR,1994,0.0
NOR,1995,0.0
NOR,1996,0.0
NOR,1997,0.0
NOR,1998,0.0
NOR,1999,0.99999898
NOR,2000,0.0
NOR,2001,0.999999995
NOR,2002,0.0
NOR,2003,0.0
NOR,2004,0.0
NOR,2005,0.0
NOR,2006,0.0
NOR,2007,1.000000231
NOR,2008,0.999999995
NOR,2009,1.000000057
NOR,2010,4.999999995
NOR,2011,77.99987943
NOR,2012,0.0
NOR,2013,0.0
NOR,2014,0.0
NOR,2015,0.0
NOR,2016,0.0
NOR,2017,0.0
OMN,1990,0.0
OMN,1991,0.0
OMN,1992,0.0
OMN,1993,0.0
OMN,1994,0.0
OMN,1995,0.0
OMN,1996,0.0
OMN,1997,0.0
OMN,1998,0.0
OMN,1999,0.0
OMN,2000,0.0
OMN,2001,0.0
OMN,2002,0.0
OMN,2003,0.0
OMN,2004,0.0
OMN,2005,0.0
OMN,2006,0.0
OMN,2007,0.0
OMN,2008,0.0
OMN,2009,0.289879105
OMN,2010,0.0
OMN,2011,0.0
OMN,2012,0.0
OMN,2013,0.0
OMN,2014,0.0
OMN,2015,0.0
OMN,2016,0.0
OMN,2017,0.0
PAK,1990,217.0000005
PAK,1991,215.9999993
PAK,1992,148.9999999
PAK,1993,3.0
PAK,1994,378.9999977
PAK,1995,766.9999991000001
PAK,1996,347.0000002
PAK,1997,335.0000026
PAK,1998,115.0000001
PAK,1999,140.9999999
PAK,2000,87.00000008
PAK,2001,101.0000001
PAK,2002,148.9999999
PAK,2003,355.0000005
PAK,2004,696.000005
PAK,2005,281.0000008
PAK,2006,740.9999921
PAK,2007,2220.999923
PAK,2008,4935.999949
PAK,2009,8399.999682
PAK,2010,8015.000641
PAK,2011,4773.999914
PAK,2012,6019.000545
PAK,2013,5525.999914
PAK,2014,5708.999944
PAK,2015,3834.000039
PAK,2016,1905.9999870000001
PAK,2017,473.99999840000004
PSE,1990,480.6379942
PSE,1991,462.639745
PSE,1992,512.638912
PSE,1993,420.6400926
PSE,1994,234.77990419999998
PSE,1995,164.3799427
PSE,1996,138.37999680000001
PSE,1997,130.379998
PSE,1998,163.3799769
PSE,1999,232.37990919999996
PSE,2000,2329.8580239999997
PSE,2001,3267.828606
PSE,2002,4389.85995
PSE,2003,3300.843347
PSE,2004,3758.836833
PSE,2005,2471.870694
PSE,2006,4928.008873
PSE,2007,2719.018994
PSE,2008,6431.734067
PSE,2009,6130.309918999999
PSE,2010,667.8295339
PSE,2011,743.8300997
PSE,2012,1123.829826
PSE,2013,40.125456799999995
PSE,2014,910.7651911
PSE,2015,276.9999954
PSE,2016,198.99993469999998
PSE,2017,127.9999939
PAN,1990,2.00000001
PAN,1991,2.000000001
PAN,1992,2.9999999969999998
PAN,1993,0.0
PAN,1994,20.99999938
PAN,1995,3.000000011
PAN,1996,4.999999971
PAN,1997,3.000000011
PAN,1998,0.0
PAN,1999,0.0
PAN,2000,0.0
PAN,2001,0.0
PAN,2002,0.0
PAN,2003,0.0
PAN,2004,0.0
PAN,2005,0.0
PAN,2006,0.0
PAN,2007,0.0
PAN,2008,0.0
PAN,2009,0.999999998
PAN,2010,0.0
PAN,2011,0.0
PAN,2012,0.0
PAN,2013,0.0
PAN,2014,0.0
PAN,2015,0.0
PAN,2016,0.0
PAN,2017,0.0
PNG,1990,72.99999952
PNG,1991,32.00000002
PNG,1992,67.00000155
PNG,1993,40.00000092
PNG,1994,42.99999997
PNG,1995,38.99999999
PNG,1996,127.0
PNG,1997,12.0
PNG,1998,0.0
PNG,1999,0.0
PNG,2000,0.0
PNG,2001,4.0
PNG,2002,0.0
PNG,2003,0.0
PNG,2004,0.0
PNG,2005,0.0
PNG,2006,0.0
PNG,2007,0.0
PNG,2008,0.0
PNG,2009,0.0
PNG,2010,0.0
PNG,2011,0.0
PNG,2012,0.0
PNG,2013,0.0
PNG,2014,0.0
PNG,2015,0.0
PNG,2016,0.0
PNG,2017,0.0
PRY,1990,0.0
PRY,1991,0.0
PRY,1992,0.0
PRY,1993,0.0
PRY,1994,0.9999999970000001
PRY,1995,0.0
PRY,1996,0.0
PRY,1997,0.999999999
PRY,1998,0.0
PRY,1999,2.000000022
PRY,2000,0.0
PRY,2001,0.0
PRY,2002,0.0
PRY,2003,0.0
PRY,2004,0.0
PRY,2005,0.0
PRY,2006,0.0
PRY,2007,0.0
PRY,2008,0.0
PRY,2009,0.0
PRY,2010,2.0
PRY,2011,0.0
PRY,2012,1.0000000009999999
PRY,2013,11.99999993
PRY,2014,5.999999937
PRY,2015,13.00000033
PRY,2016,9.999999837
PRY,2017,0.0
PER,1990,2367.999911
PER,1991,2715.000474
PER,1992,2002.999654
PER,1993,779.0
PER,1994,450.00000250000005
PER,1995,377.0000393
PER,1996,179.000004
PER,1997,163.0000019
PER,1998,39.9999999
PER,1999,108.99999950000002
PER,2000,8.999999995
PER,2001,36.99999985
PER,2002,21.99999996
PER,2003,19.99999997
PER,2004,9.000000007
PER,2005,22.00000007
PER,2006,17.99999999
PER,2007,50.00000019
PER,2008,40.0
PER,2009,73.00000064
PER,2010,29.0
PER,2011,15.0
PER,2012,40.00000059
PER,2013,8.999999991000001
PER,2014,17.99999999
PER,2015,14.99999998
PER,2016,22.00000002
PER,2017,0.0
PHL,1990,1803.999891
PHL,1991,1981.000059
PHL,1992,840.0000391000001
PHL,1993,275.0000004
PHL,1994,426.9999971
PHL,1995,389.0000046
PHL,1996,294.0000017
PHL,1997,419.9999968
PHL,1998,114.0
PHL,1999,257.9999998
PHL,2000,2050.999985
PHL,2001,945.9999605
PHL,2002,887.0000035
PHL,2003,1407.000047
PHL,2004,676.0000052999999
PHL,2005,535.9999974
PHL,2006,458.9999973
PHL,2007,598.0000037000001
PHL,2008,786.0000176
PHL,2009,1155.000023
PHL,2010,526.9999925
PHL,2011,509.99999850000006
PHL,2012,514.9999999
PHL,2013,968.9999708999999
PHL,2014,955.9999892999999
PHL,2015,1055.999918
PHL,2016,841.0000064
PHL,2017,1137.9999990000001
POL,1990,1.0
POL,1991,0.0
POL,1992,4.000000001
POL,1993,0.0
POL,1994,0.0
POL,1995,0.0
POL,1996,0.0
POL,1997,2.0
POL,1998,0.0
POL,1999,0.0
POL,2000,0.0
POL,2001,0.0
POL,2002,0.0
POL,2003,0.0
POL,2004,14.0
POL,2005,0.0
POL,2006,1.0000000009999999
POL,2007,0.999999999
POL,2008,5.999999976000001
POL,2009,0.0
POL,2010,0.0
POL,2011,13.0
POL,2012,0.0
POL,2013,0.0
POL,2014,0.0
POL,2015,0.0
POL,2016,0.0
POL,2017,0.0
PRT,1990,0.0
PRT,1991,0.0
PRT,1992,0.0
PRT,1993,0.0
PRT,1994,4.000000022
PRT,1995,1.000000053
PRT,1996,0.0
PRT,1997,1.000000086
PRT,1998,0.0
PRT,1999,0.9999999970000001
PRT,2000,0.0
PRT,2001,0.0
PRT,2002,0.999999965
PRT,2003,0.0
PRT,2004,0.0
PRT,2005,0.0
PRT,2006,0.0
PRT,2007,0.0
PRT,2008,1.000000046
PRT,2009,0.0
PRT,2010,0.0
PRT,2011,0.999999986
PRT,2012,0.0
PRT,2013,0.0
PRT,2014,0.0
PRT,2015,0.0
PRT,2016,0.0
PRT,2017,0.0
PRI,1990,0.0
PRI,1991,0.0
PRI,1992,0.999999999
PRI,1993,0.0
PRI,1994,0.0
PRI,1995,0.0
PRI,1996,0.999999999
PRI,1997,6.0
PRI,1998,0.0
PRI,1999,0.999999933
PRI,2000,0.0
PRI,2001,0.999999999
PRI,2002,1.0000000009999999
PRI,2003,0.999999946
PRI,2004,3.9999999689999997
PRI,2005,12.99999985
PRI,2006,3.999999981
PRI,2007,10.99999996
PRI,2008,1.000000003
PRI,2009,1.0
PRI,2010,0.0
PRI,2011,4.999999974
PRI,2012,5.00000003
PRI,2013,1.000000002
PRI,2014,0.0
PRI,2015,0.0
PRI,2016,0.0
PRI,2017,0.0
QAT,1990,0.0
QAT,1991,0.0
QAT,1992,0.0
QAT,1993,0.0
QAT,1994,0.0
QAT,1995,0.0
QAT,1996,0.0
QAT,1997,0.0
QAT,1998,0.0
QAT,1999,0.0
QAT,2000,0.0
QAT,2001,0.9999999690000001
QAT,2002,0.0
QAT,2003,0.0
QAT,2004,0.0
QAT,2005,2.0000000819999997
QAT,2006,0.0
QAT,2007,0.0
QAT,2008,0.0
QAT,2009,0.0
QAT,2010,0.0
QAT,2011,0.0
QAT,2012,0.0
QAT,2013,0.0
QAT,2014,3.0000000680000003
QAT,2015,0.0
QAT,2016,0.0
QAT,2017,0.0
ROU,1990,0.0
ROU,1991,1.0
ROU,1992,0.0
ROU,1993,0.0
ROU,1994,0.0
ROU,1995,0.0
ROU,1996,0.0
ROU,1997,0.0
ROU,1998,0.0
ROU,1999,0.0
ROU,2000,0.0
ROU,2001,3.99999999
ROU,2002,0.999999998
ROU,2003,0.999999999
ROU,2004,0.0
ROU,2005,1.0
ROU,2006,2.000000001
ROU,2007,0.0
ROU,2008,0.0
ROU,2009,0.0
ROU,2010,0.0
ROU,2011,0.0
ROU,2012,1.000000005
ROU,2013,0.0
ROU,2014,0.9999999959999999
ROU,2015,1.000000002
ROU,2016,0.0
ROU,2017,0.0
RUS,1990,3.909756629
RUS,1991,16.01683103
RUS,1992,36.17930755
RUS,1993,146.5479213
RUS,1994,276.7093087
RUS,1995,2056.922309
RUS,1996,2900.712788
RUS,1997,74.29395103
RUS,1998,59.30020555
RUS,1999,7148.462593000001
RUS,2000,6679.459669
RUS,2001,2026.1952239999998
RUS,2002,2640.02921
RUS,2003,1193.7912509999999
RUS,2004,2504.7861199999998
RUS,2005,1054.342702
RUS,2006,408.53849080000003
RUS,2007,301.1025336
RUS,2008,582.2207275000001
RUS,2009,888.003147
RUS,2010,794.6608431
RUS,2011,591.3363616
RUS,2012,831.774046
RUS,2013,655.6692096
RUS,2014,431.36274569999995
RUS,2015,294.0994916
RUS,2016,245.5387037
RUS,2017,131.0
RWA,1990,2643.999183
RWA,1991,1101.999012
RWA,1992,1083.9997740000001
RWA,1993,958.9999732000001
RWA,1994,504228.9835
RWA,1995,4341.985117
RWA,1996,437.9999336
RWA,1997,6271.033131
RWA,1998,2607.998533
RWA,1999,50.00000208
RWA,2000,2016.99898
RWA,2001,2047.000224
RWA,2002,800.9989137
RWA,2003,502.9999154
RWA,2004,16.00000004
RWA,2005,4.000000021
RWA,2006,13.0000001
RWA,2007,17.99999981
RWA,2008,9.000000125
RWA,2009,6.000000018
RWA,2010,19.00000027
RWA,2011,2.999999995
RWA,2012,31.00000017
RWA,2013,10.99999995
RWA,2014,3.999999999
RWA,2015,2.999999999
RWA,2016,8.000000082
RWA,2017,3.9999999980000003
LCA,1990,0.0
LCA,1991,0.0
LCA,1992,0.0
LCA,1993,0.0
LCA,1994,0.0
LCA,1995,0.0
LCA,1996,0.0
LCA,1997,0.0
LCA,1998,0.0
LCA,1999,0.0
LCA,2000,1.999999791
LCA,2001,0.0
LCA,2002,0.0
LCA,2003,0.0
LCA,2004,0.0
LCA,2005,0.0
LCA,2006,0.0
LCA,2007,0.0
LCA,2008,0.0
LCA,2009,0.0
LCA,2010,0.0
LCA,2011,0.0
LCA,2012,0.0
LCA,2013,0.0
LCA,2014,0.0
LCA,2015,0.0
LCA,2016,0.0
LCA,2017,0.0
VCT,1990,0.0
VCT,1991,0.0
VCT,1992,0.0
VCT,1993,0.0
VCT,1994,0.0
VCT,1995,0.0
VCT,1996,0.0
VCT,1997,0.0
VCT,1998,0.0
VCT,1999,0.0
VCT,2000,0.0
VCT,2001,0.0
VCT,2002,0.0
VCT,2003,0.0
VCT,2004,0.0
VCT,2005,0.0
VCT,2006,0.0
VCT,2007,0.0
VCT,2008,0.0
VCT,2009,0.0
VCT,2010,0.0
VCT,2011,0.0
VCT,2012,0.0
VCT,2013,0.0
VCT,2014,0.0
VCT,2015,0.0
VCT,2016,0.0
VCT,2017,0.0
WSM,1990,0.0
WSM,1991,0.0
WSM,1992,0.0
WSM,1993,0.0
WSM,1994,0.0
WSM,1995,0.0
WSM,1996,0.0
WSM,1997,0.0
WSM,1998,0.0
WSM,1999,0.0
WSM,2000,0.0
WSM,2001,0.0
WSM,2002,0.0
WSM,2003,0.0
WSM,2004,0.0
WSM,2005,0.0
WSM,2006,0.0
WSM,2007,0.0
WSM,2008,0.0
WSM,2009,0.0
WSM,2010,0.0
WSM,2011,0.0
WSM,2012,0.0
WSM,2013,0.0
WSM,2014,0.0
WSM,2015,0.0
WSM,2016,0.0
WSM,2017,0.0
STP,1990,0.0
STP,1991,0.0
STP,1992,0.0
STP,1993,0.0
STP,1994,0.0
STP,1995,0.0
STP,1996,0.0
STP,1997,0.0
STP,1998,0.0
STP,1999,0.0
STP,2000,0.0
STP,2001,0.0
STP,2002,0.0
STP,2003,0.0
STP,2004,0.0
STP,2005,0.0
STP,2006,0.0
STP,2007,0.0
STP,2008,0.0
STP,2009,0.0
STP,2010,0.0
STP,2011,0.0
STP,2012,0.0
STP,2013,0.0
STP,2014,0.0
STP,2015,0.0
STP,2016,0.0
STP,2017,0.0
SAU,1990,0.0
SAU,1991,91.0
SAU,1992,0.0
SAU,1993,0.0
SAU,1994,0.0
SAU,1995,13.99999998
SAU,1996,19.00000006
SAU,1997,0.0
SAU,1998,0.0
SAU,1999,0.0
SAU,2000,1.0
SAU,2001,2.0
SAU,2002,1.0
SAU,2003,81.00000049
SAU,2004,154.9999974
SAU,2005,32.00000001
SAU,2006,14.99999999
SAU,2007,5.0000000060000005
SAU,2008,2.000000017
SAU,2009,5.000000007
SAU,2010,1.00000016
SAU,2011,2.9999999969999998
SAU,2012,3.999999999
SAU,2013,1.0
SAU,2014,20.00000002
SAU,2015,323.0000198
SAU,2016,1978.999773
SAU,2017,2588.9995949999998
SEN,1990,104.0000013
SEN,1991,21.00000001
SEN,1992,199.0000187
SEN,1993,284.9999996
SEN,1994,4.999999997
SEN,1995,348.00001010000005
SEN,1996,5.0
SEN,1997,440.0000041999999
SEN,1998,372.99999269999995
SEN,1999,38.00000024
SEN,2000,75.00000104
SEN,2001,78.00000846
SEN,2002,82.00000038
SEN,2003,39.99999997
SEN,2004,3.0
SEN,2005,1.0
SEN,2006,8.000000002
SEN,2007,7.000000016
SEN,2008,14.0
SEN,2009,28.00000008
SEN,2010,22.99999999
SEN,2011,50.99999974
SEN,2012,24.00000002
SEN,2013,13.99999998
SEN,2014,16.00000008
SEN,2015,0.999999999
SEN,2016,17.00000003
SEN,2017,0.0
SRB,1990,0.0
SRB,1991,34.99999982
SRB,1992,1.0
SRB,1993,0.0
SRB,1994,0.0
SRB,1995,2.0
SRB,1996,10.99999999
SRB,1997,17.99999993
SRB,1998,1502.999825
SRB,1999,9428.991305
SRB,2000,31.99999984
SRB,2001,77.99999968
SRB,2002,20.99999996
SRB,2003,11.99999999
SRB,2004,1.0
SRB,2005,6.0
SRB,2006,0.0
SRB,2007,1.0
SRB,2008,2.0
SRB,2009,0.0
SRB,2010,1.0
SRB,2011,0.0
SRB,2012,4.000000003
SRB,2013,1.0
SRB,2014,2.000000001
SRB,2015,0.0
SRB,2016,0.0
SRB,2017,0.0
SYC,1990,0.0
SYC,1991,0.0
SYC,1992,0.0
SYC,1993,0.0
SYC,1994,0.0
SYC,1995,0.0
SYC,1996,0.0
SYC,1997,0.0
SYC,1998,0.0
SYC,1999,0.0
SYC,2000,0.0
SYC,2001,0.017082112
SYC,2002,0.049977999
SYC,2003,0.03448472
SYC,2004,0.016567428000000002
SYC,2005,0.035575884
SYC,2006,0.022326436
SYC,2007,0.035396497
SYC,2008,0.002153167
SYC,2009,0.016320823999999998
SYC,2010,0.033226024
SYC,2011,0.075304232
SYC,2012,0.029304131
SYC,2013,0.02206937
SYC,2014,0.028784657999999998
SYC,2015,0.0
SYC,2016,0.0
SYC,2017,0.0
SLE,1990,0.0
SLE,1991,1343.999973
SLE,1992,550.9999903
SLE,1993,639.9997871
SLE,1994,2296.0002640000002
SLE,1995,3194.000052
SLE,1996,998.9994214
SLE,1997,1249.000542
SLE,1998,5413.002597
SLE,1999,4620.998232
SLE,2000,916.0001335000001
SLE,2001,72.99999426
SLE,2002,3.000000008
SLE,2003,4.999999957
SLE,2004,1.0
SLE,2005,1.0
SLE,2006,0.0
SLE,2007,4.000000008
SLE,2008,6.999999989
SLE,2009,0.0
SLE,2010,0.0
SLE,2011,0.0
SLE,2012,0.0
SLE,2013,2.9999999969999998
SLE,2014,0.0
SLE,2015,0.0
SLE,2016,2.9999999930000003
SLE,2017,0.0
SGP,1990,0.0
SGP,1991,4.000000016
SGP,1992,0.0
SGP,1993,0.0
SGP,1994,1.0000000009999999
SGP,1995,0.0
SGP,1996,0.0
SGP,1997,0.0
SGP,1998,0.0
SGP,1999,0.0
SGP,2000,0.0
SGP,2001,0.0
SGP,2002,0.0
SGP,2003,0.0
SGP,2004,0.0
SGP,2005,0.0
SGP,2006,0.0
SGP,2007,0.0
SGP,2008,0.0
SGP,2009,0.0
SGP,2010,0.0
SGP,2011,0.0
SGP,2012,0.0
SGP,2013,0.0
SGP,2014,0.0
SGP,2015,0.0
SGP,2016,0.0
SGP,2017,0.0
SVK,1990,0.0
SVK,1991,0.0
SVK,1992,0.0
SVK,1993,0.0
SVK,1994,0.0
SVK,1995,2.999999999
SVK,1996,1.0
SVK,1997,2.0
SVK,1998,1.0
SVK,1999,0.0
SVK,2000,0.0
SVK,2001,0.0
SVK,2002,0.0
SVK,2003,0.0
SVK,2004,0.0
SVK,2005,0.0
SVK,2006,0.0
SVK,2007,0.0
SVK,2008,0.0
SVK,2009,0.0
SVK,2010,0.0
SVK,2011,0.0
SVK,2012,0.0
SVK,2013,0.0
SVK,2014,0.0
SVK,2015,0.0
SVK,2016,0.0
SVK,2017,0.0
SVN,1990,0.0
SVN,1991,64.0
SVN,1992,1.000000054
SVN,1993,0.0
SVN,1994,1.0
SVN,1995,0.0
SVN,1996,0.0
SVN,1997,0.0
SVN,1998,0.0
SVN,1999,0.0
SVN,2000,0.0
SVN,2001,0.0
SVN,2002,0.0
SVN,2003,0.0
SVN,2004,0.0
SVN,2005,0.0
SVN,2006,0.0
SVN,2007,0.0
SVN,2008,0.0
SVN,2009,0.0
SVN,2010,0.0
SVN,2011,0.0
SVN,2012,0.0
SVN,2013,0.0
SVN,2014,0.0
SVN,2015,0.0
SVN,2016,0.0
SVN,2017,0.0
SLB,1990,0.0
SLB,1991,0.0
SLB,1992,2.0
SLB,1993,0.0
SLB,1994,0.0
SLB,1995,0.0
SLB,1996,0.0
SLB,1997,0.0
SLB,1998,1.0
SLB,1999,16.00000002
SLB,2000,26.99999923
SLB,2001,1.0
SLB,2002,0.999999999
SLB,2003,1.000000002
SLB,2004,0.0
SLB,2005,0.0
SLB,2006,0.0
SLB,2007,0.0
SLB,2008,0.0
SLB,2009,0.0
SLB,2010,0.0
SLB,2011,0.0
SLB,2012,0.0
SLB,2013,0.0
SLB,2014,0.0
SLB,2015,0.0
SLB,2016,0.0
SLB,2017,0.0
SOM,1990,2655.003354
SOM,1991,8461.008708
SOM,1992,1251.999083
SOM,1993,25.0000001
SOM,1994,315.0001115
SOM,1995,133.9999966
SOM,1996,468.0000255
SOM,1997,506.99978020000003
SOM,1998,203.9999751
SOM,1999,78.00000357
SOM,2000,29.99999973
SOM,2001,283.0000007
SOM,2002,166.00001799999998
SOM,2003,472.99999280000003
SOM,2004,1315.9997939999998
SOM,2005,300.9998792
SOM,2006,612.0000006
SOM,2007,2306.999463
SOM,2008,2317.998336
SOM,2009,1912.000477
SOM,2010,3205.0017559999997
SOM,2011,2581.0021739999997
SOM,2012,3610.0053369999996
SOM,2013,1996.998227
SOM,2014,1748.0012780000002
SOM,2015,1668.001245
SOM,2016,2583.0015510000003
SOM,2017,5444.9911520000005
ZAF,1990,371.9999953
ZAF,1991,462.00002029999996
ZAF,1992,801.9999048999999
ZAF,1993,239.0
ZAF,1994,509.9999791
ZAF,1995,104.99999890000001
ZAF,1996,82.00000046
ZAF,1997,62.99999905
ZAF,1998,88.99999959
ZAF,1999,48.00000228
ZAF,2000,45.99999934
ZAF,2001,15.99999991
ZAF,2002,18.99999999
ZAF,2003,23.00000036
ZAF,2004,33.99999999
ZAF,2005,11.00000013
ZAF,2006,9.000000007
ZAF,2007,8.999999991000001
ZAF,2008,35.00000037
ZAF,2009,29.00000001
ZAF,2010,22.99999999
ZAF,2011,23.00000008
ZAF,2012,170.00000119999999
ZAF,2013,70.99999918
ZAF,2014,104.0000004
ZAF,2015,142.9999984
ZAF,2016,84.9999996
ZAF,2017,63.99999983
KOR,1990,0.0
KOR,1991,0.0
KOR,1992,1.0
KOR,1993,0.0
KOR,1994,1.0
KOR,1995,25.99999897
KOR,1996,21.00000089
KOR,1997,41.99999863
KOR,1998,0.99999996
KOR,1999,0.0
KOR,2000,0.0
KOR,2001,0.0
KOR,2002,4.999999928
KOR,2003,2.00000001
KOR,2004,0.999999999
KOR,2005,0.0
KOR,2006,0.0
KOR,2007,0.9999999970000001
KOR,2008,0.0
KOR,2009,1.0000000059999998
KOR,2010,50.00000275
KOR,2011,0.0
KOR,2012,0.0
KOR,2013,0.999999992
KOR,2014,2.0000000019999997
KOR,2015,0.0
KOR,2016,0.0
KOR,2017,0.0
SSD,1990,1195.593742
SSD,1991,791.6782836
SSD,1992,672.4624085
SSD,1993,440.9432722
SSD,1994,174.34806630000003
SSD,1995,304.0078963
SSD,1996,549.7056077999999
SSD,1997,7036.869506999999
SSD,1998,5036.959933
SSD,1999,3036.966839
SSD,2000,2036.947423
SSD,2001,1036.948475
SSD,2002,1073.895665
SSD,2003,1022.1695900000001
SSD,2004,273.89624360000005
SSD,2005,139.5104836
SSD,2006,772.1680944
SSD,2007,460.3456177
SSD,2008,226.7273906
SSD,2009,2596.071676
SSD,2010,814.7796017999999
SSD,2011,2296.001925
SSD,2012,867.0001469
SSD,2013,3538.006748
SSD,2014,3665.998235
SSD,2015,102.9999965
SSD,2016,1562.999373
SSD,2017,4224.991817
ESP,1990,51.00000007
ESP,1991,89.99999996
ESP,1992,52.00000009
ESP,1993,12.0
ESP,1994,28.0
ESP,1995,30.99999997
ESP,1996,8.999999998
ESP,1997,16.99999999
ESP,1998,17.00000003
ESP,1999,5.000000003999999
ESP,2000,49.99999973
ESP,2001,53.00000035
ESP,2002,14.99999998
ESP,2003,19.99999995
ESP,2004,384.0000012
ESP,2005,18.0
ESP,2006,2.0
ESP,2007,2.0
ESP,2008,6.000000005
ESP,2009,6.0
ESP,2010,1.0
ESP,2011,1.0
ESP,2012,0.0
ESP,2013,0.0
ESP,2014,0.0
ESP,2015,0.0
ESP,2016,0.0
ESP,2017,0.0
LKA,1990,6249.998998
LKA,1991,7657.000826
LKA,1992,5367.999106
LKA,1993,2120.000077
LKA,1994,1207.001051
LKA,1995,5859.002033
LKA,1996,4918.001565
LKA,1997,3384.9976659999998
LKA,1998,4510.000236999999
LKA,1999,2156.000016
LKA,2000,3017.001434
LKA,2001,1356.9997779999999
LKA,2002,11.0
LKA,2003,52.999999100000004
LKA,2004,53.99999809
LKA,2005,223.0000034
LKA,2006,3085.997023
LKA,2007,2963.000294
LKA,2008,8799.002726
LKA,2009,10613.9995
LKA,2010,8476.97407
LKA,2011,2.0
LKA,2012,0.0
LKA,2013,6.966315075
LKA,2014,3.0
LKA,2015,3.0000000030000002
LKA,2016,0.0
LKA,2017,1.0
SDN,1990,4104.406258
SDN,1991,2803.3216829999997
SDN,1992,2413.540004
SDN,1993,1591.056749
SDN,1994,652.6519182
SDN,1995,1115.9920619999998
SDN,1996,2050.294407
SDN,1997,5027.0010409999995
SDN,1998,5880.999004
SDN,1999,1755.9999280000002
SDN,2000,3335.999699
SDN,2001,3768.999932
SDN,2002,6422.98984
SDN,2003,8371.008112000001
SDN,2004,12626.01551
SDN,2005,1824.0000079999998
SDN,2006,2412.00132
SDN,2007,1535.000194
SDN,2008,1948.000329
SDN,2009,2063.000213
SDN,2010,1505.000142
SDN,2011,2653.997635
SDN,2012,1851.9999649999997
SDN,2013,1445.000794
SDN,2014,1728.999727
SDN,2015,0.0
SDN,2016,2329.999996
SDN,2017,1367.000426
SUR,1990,0.0
SUR,1991,1.0000000070000001
SUR,1992,0.0
SUR,1993,0.0
SUR,1994,0.0
SUR,1995,0.0
SUR,1996,0.0
SUR,1997,0.0
SUR,1998,0.0
SUR,1999,0.0
SUR,2000,0.0
SUR,2001,0.0
SUR,2002,0.0
SUR,2003,0.0
SUR,2004,0.0
SUR,2005,0.0
SUR,2006,0.0
SUR,2007,0.0
SUR,2008,0.0
SUR,2009,0.0
SUR,2010,0.0
SUR,2011,0.0
SUR,2012,0.0
SUR,2013,0.0
SUR,2014,0.0
SUR,2015,0.0
SUR,2016,0.0
SUR,2017,0.0
SWZ,1990,0.0
SWZ,1991,0.0
SWZ,1992,0.0
SWZ,1993,0.0
SWZ,1994,0.0
SWZ,1995,0.0
SWZ,1996,0.0
SWZ,1997,0.0
SWZ,1998,1.999999979
SWZ,1999,0.0
SWZ,2000,0.0
SWZ,2001,0.999999998
SWZ,2002,0.0
SWZ,2003,0.0
SWZ,2004,0.0
SWZ,2005,0.0
SWZ,2006,0.0
SWZ,2007,0.0
SWZ,2008,2.000000026
SWZ,2009,0.0
SWZ,2010,0.0
SWZ,2011,0.0
SWZ,2012,0.0
SWZ,2013,0.0
SWZ,2014,0.0
SWZ,2015,0.0
SWZ,2016,0.0
SWZ,2017,0.0
SWE,1990,1.0
SWE,1991,2.000000004
SWE,1992,2.000000004
SWE,1993,0.0
SWE,1994,0.0
SWE,1995,0.999999924
SWE,1996,0.0
SWE,1997,1.0
SWE,1998,0.0
SWE,1999,3.0000001860000003
SWE,2000,0.0
SWE,2001,0.0
SWE,2002,0.0
SWE,2003,0.0
SWE,2004,0.0
SWE,2005,2.000000006
SWE,2006,0.0
SWE,2007,1.000000056
SWE,2008,0.0
SWE,2009,0.0
SWE,2010,1.9999999069999999
SWE,2011,0.0
SWE,2012,0.9999999629999999
SWE,2013,0.0
SWE,2014,0.0
SWE,2015,3.999999996
SWE,2016,1.000000003
SWE,2017,0.0
CHE,1990,1.0
CHE,1991,0.0
CHE,1992,6.000000032000001
CHE,1993,0.0
CHE,1994,0.0
CHE,1995,1.0000000009999999
CHE,1996,1.0
CHE,1997,0.0
CHE,1998,0.0
CHE,1999,0.0
CHE,2000,0.0
CHE,2001,14.00000011
CHE,2002,0.0
CHE,2003,0.999999955
CHE,2004,0.0
CHE,2005,0.0
CHE,2006,0.0
CHE,2007,0.0
CHE,2008,0.0
CHE,2009,0.0
CHE,2010,0.0
CHE,2011,0.0
CHE,2012,0.0
CHE,2013,0.0
CHE,2014,0.0
CHE,2015,0.0
CHE,2016,0.0
CHE,2017,0.0
SYR,1990,0.0
SYR,1991,0.0
SYR,1992,0.0
SYR,1993,0.0
SYR,1994,0.0
SYR,1995,0.0
SYR,1996,14.99999997
SYR,1997,70.05193161
SYR,1998,13.61038605
SYR,1999,6.726682976
SYR,2000,6.805193041
SYR,2001,13.61038611
SYR,2002,68.05193262
SYR,2003,54.44154383
SYR,2004,7.4025964989999995
SYR,2005,23.81817577
SYR,2006,685.5191234
SYR,2007,340.2596115
SYR,2008,137.0908774
SYR,2009,44.20778908
SYR,2010,6.805193039
SYR,2011,11337.806779999999
SYR,2012,60958.68302999999
SYR,2013,50783.3487
SYR,2014,73538.91902
SYR,2015,55169.91292
SYR,2016,55472.16964
SYR,2017,41378.34528
TWN,1990,0.0
TWN,1991,7.000000002999999
TWN,1992,17.00000004
TWN,1993,0.0
TWN,1994,1.0
TWN,1995,0.0
TWN,1996,8.999999994
TWN,1997,0.0
TWN,1998,0.0
TWN,1999,0.0
TWN,2000,0.0
TWN,2001,2.000000001
TWN,2002,0.0
TWN,2003,0.0
TWN,2004,0.0
TWN,2005,0.0
TWN,2006,0.0
TWN,2007,0.0
TWN,2008,0.0
TWN,2009,0.0
TWN,2010,0.0
TWN,2011,0.0
TWN,2012,0.0
TWN,2013,0.0
TWN,2014,0.0
TWN,2015,0.0
TWN,2016,0.0
TWN,2017,0.0
TJK,1990,0.0
TJK,1991,0.0
TJK,1992,3391.000111
TJK,1993,15999.94238
TJK,1994,414.0000792
TJK,1995,446.00006799999994
TJK,1996,2847.0002059999997
TJK,1997,139.9999998
TJK,1998,627.0000163
TJK,1999,6.000000005
TJK,2000,57.00000012
TJK,2001,118.1662632
TJK,2002,50.00000026
TJK,2003,9.999999976
TJK,2004,15.08313221
TJK,2005,1.0
TJK,2006,8.0
TJK,2007,1.813301162
TJK,2008,0.7116385159999999
TJK,2009,16.99999999
TJK,2010,101.9999995
TJK,2011,27.99999992
TJK,2012,28.41566134
TJK,2013,3.0
TJK,2014,4.558192571
TJK,2015,18.09975877
TJK,2016,1.0
TJK,2017,0.0
TZA,1990,0.0
TZA,1991,0.0
TZA,1992,1.0
TZA,1993,0.0
TZA,1994,1.0
TZA,1995,0.0
TZA,1996,0.0
TZA,1997,19.99999997
TZA,1998,19.00000005
TZA,1999,12.99999994
TZA,2000,37.99999995
TZA,2001,161.9999977
TZA,2002,179.0000023
TZA,2003,2.9999999980000003
TZA,2004,10.99999994
TZA,2005,9.000000014
TZA,2006,2.000000001
TZA,2007,8.000000005
TZA,2008,6.999999997000001
TZA,2009,2.0
TZA,2010,20.99999992
TZA,2011,19.00000008
TZA,2012,21.00000005
TZA,2013,32.99999993
TZA,2014,27.00000014
TZA,2015,29.99999994
TZA,2016,43.00000028
TZA,2017,42.99999973
THA,1990,41.99999996
THA,1991,11.0
THA,1992,39.00000003
THA,1993,1.0
THA,1994,17.99999998
THA,1995,27.99999993
THA,1996,23.99999987
THA,1997,26.99999999
THA,1998,15.99999999
THA,1999,2.99999998
THA,2000,14.99999998
THA,2001,36.0
THA,2002,39.00000006
THA,2003,32.0
THA,2004,341.9999997
THA,2005,624.00001
THA,2006,734.9999938
THA,2007,782.0000061000001
THA,2008,493.99998830000004
THA,2009,527.9999841
THA,2010,372.0000061
THA,2011,428.99999919999993
THA,2012,451.0000029
THA,2013,504.00000760000006
THA,2014,291.9999983
THA,2015,115.9999999
THA,2016,110.9999999
THA,2017,32.99999997
TLS,1990,210.9998788
TLS,1991,357.9990863
TLS,1992,292.9995376
TLS,1993,373.99848310000004
TLS,1994,293.0005374
TLS,1995,374.00131400000004
TLS,1996,0.0
TLS,1997,454.9993397
TLS,1998,471.9996646000001
TLS,1999,2617.9895149999998
TLS,2000,80.99999194
TLS,2001,98.00003521
TLS,2002,114.0000182
TLS,2003,54.000018299999994
TLS,2004,0.0
TLS,2005,0.0
TLS,2006,50.00000134
TLS,2007,36.00000177
TLS,2008,3.000000053
TLS,2009,0.0
TLS,2010,0.0
TLS,2011,0.0
TLS,2012,0.0
TLS,2013,0.0
TLS,2014,0.0
TLS,2015,0.0
TLS,2016,0.0
TLS,2017,0.0
TGO,1990,0.0
TGO,1991,44.99999909
TGO,1992,16.9999999
TGO,1993,48.00000131
TGO,1994,46.99999656
TGO,1995,0.0
TGO,1996,2.99999999
TGO,1997,4.000000016
TGO,1998,11.00000006
TGO,1999,4.000000002
TGO,2000,0.0
TGO,2001,0.0
TGO,2002,0.0
TGO,2003,0.0
TGO,2004,0.0
TGO,2005,436.0
TGO,2006,0.0
TGO,2007,0.0
TGO,2008,0.999999999
TGO,2009,2.0000000030000002
TGO,2010,0.0
TGO,2011,1.0000000009999999
TGO,2012,0.0
TGO,2013,6.000000002999999
TGO,2014,0.0
TGO,2015,0.0
TGO,2016,0.0
TGO,2017,20.99999979
TON,1990,0.0
TON,1991,0.0
TON,1992,0.0
TON,1993,0.0
TON,1994,0.0
TON,1995,0.0
TON,1996,0.0
TON,1997,8.999999902
TON,1998,0.0
TON,1999,0.0
TON,2000,0.0
TON,2001,0.0
TON,2002,0.0
TON,2003,0.0
TON,2004,0.0
TON,2005,0.0
TON,2006,0.0
TON,2007,0.0
TON,2008,0.0
TON,2009,0.0
TON,2010,0.0
TON,2011,0.0
TON,2012,0.0
TON,2013,0.0
TON,2014,0.0
TON,2015,0.0
TON,2016,0.0
TON,2017,0.0
TTO,1990,39.000003
TTO,1991,0.0
TTO,1992,0.0
TTO,1993,0.0
TTO,1994,1.999999979
TTO,1995,4.000000046
TTO,1996,0.0
TTO,1997,0.0
TTO,1998,0.0
TTO,1999,0.0
TTO,2000,0.0
TTO,2001,0.0
TTO,2002,0.0
TTO,2003,0.0
TTO,2004,0.0
TTO,2005,0.0
TTO,2006,0.0
TTO,2007,0.0
TTO,2008,0.0
TTO,2009,0.0
TTO,2010,0.0
TTO,2011,0.0
TTO,2012,0.0
TTO,2013,0.0
TTO,2014,0.0
TTO,2015,0.0
TTO,2016,0.0
TTO,2017,0.0
TUN,1990,0.0
TUN,1991,4.000000003999999
TUN,1992,0.0
TUN,1993,0.0
TUN,1994,1.0
TUN,1995,6.999999996000001
TUN,1996,0.0
TUN,1997,0.0
TUN,1998,0.0
TUN,1999,0.0
TUN,2000,5.000000005
TUN,2001,3.000000005
TUN,2002,22.00000013
TUN,2003,0.0
TUN,2004,0.0
TUN,2005,0.0
TUN,2006,1.999999998
TUN,2007,25.9999995
TUN,2008,0.0
TUN,2009,0.0
TUN,2010,0.0
TUN,2011,19.99999989
TUN,2012,9.000000012000001
TUN,2013,84.99999297
TUN,2014,91.99999787
TUN,2015,99.99999927
TUN,2016,118.00000120000001
TUN,2017,25.0000005
TUR,1990,824.0000716
TUR,1991,702.9999985000001
TUR,1992,3012.000252
TUR,1993,2529.0000600000003
TUR,1994,5057.999195
TUR,1995,3301.00013
TUR,1996,3416.999965
TUR,1997,2351.99997
TUR,1998,1979.999984
TUR,1999,1282.000007
TUR,2000,133.0
TUR,2001,97.99999996
TUR,2002,25.0
TUR,2003,146.0000004
TUR,2004,217.9999977
TUR,2005,399.9999991
TUR,2006,269.0000006
TUR,2007,484.9999988
TUR,2008,472.99999699999995
TUR,2009,143.9999999
TUR,2010,217.0000028
TUR,2011,449.9999958000001
TUR,2012,991.9999971000001
TUR,2013,1309.0002240000001
TUR,2014,1070.000239
TUR,2015,1542.99998
TUR,2016,2548.000042
TUR,2017,2966.000791
TKM,1990,0.0
TKM,1991,0.0
TKM,1992,0.0
TKM,1993,0.0
TKM,1994,0.0
TKM,1995,0.0
TKM,1996,0.0
TKM,1997,0.0
TKM,1998,0.0
TKM,1999,1.094717843
TKM,2000,3.90219936
TKM,2001,6.8732889539999995
TKM,2002,5.832623399
TKM,2003,5.892720715
TKM,2004,5.00444289
TKM,2005,10.87879043
TKM,2006,4.424095432
TKM,2007,3.7306374960000004
TKM,2008,4.768565102
TKM,2009,5.115815135
TKM,2010,23.35876609
TKM,2011,6.555502644
TKM,2012,14.69453773
TKM,2013,4.186079638
TKM,2014,7.002831656000001
TKM,2015,3.28415353
TKM,2016,0.0
TKM,2017,0.0
UGA,1990,893.0000049
UGA,1991,1019.999999
UGA,1992,74.00000001
UGA,1993,0.0
UGA,1994,181.9999994
UGA,1995,681.9999935
UGA,1996,2177.999336
UGA,1997,1682.000109
UGA,1998,1437.000363
UGA,1999,1253.00024
UGA,2000,1514.0007640000001
UGA,2001,206.0000026
UGA,2002,2128.0000670000004
UGA,2003,3168.001219
UGA,2004,2518.998375
UGA,2005,1250.0001710000001
UGA,2006,486.00004349999995
UGA,2007,193.0
UGA,2008,91.99999922
UGA,2009,58.00000004
UGA,2010,219.0000037
UGA,2011,10.35732281
UGA,2012,18.61952753
UGA,2013,32.00000003
UGA,2014,73.00000062
UGA,2015,20.99999996
UGA,2016,264.9999963
UGA,2017,27.99999987
UKR,1990,0.0
UKR,1991,0.0
UKR,1992,1.0
UKR,1993,0.0
UKR,1994,3.999999991
UKR,1995,0.0
UKR,1996,0.0
UKR,1997,2.0
UKR,1998,0.0
UKR,1999,1.0
UKR,2000,0.0
UKR,2001,0.0
UKR,2002,1.0
UKR,2003,0.0
UKR,2004,0.0
UKR,2005,0.0
UKR,2006,0.0
UKR,2007,0.0
UKR,2008,0.0
UKR,2009,0.0
UKR,2010,1.0
UKR,2011,0.0
UKR,2012,1.0
UKR,2013,1.0
UKR,2014,5785.094075
UKR,2015,2313.2159890000003
UKR,2016,362.37304539999997
UKR,2017,478.00001169999996
ARE,1990,0.0
ARE,1991,6.0000001339999995
ARE,1992,0.0
ARE,1993,0.0
ARE,1994,0.0
ARE,1995,0.0
ARE,1996,0.0
ARE,1997,0.0
ARE,1998,0.0
ARE,1999,0.0
ARE,2000,0.0
ARE,2001,0.0
ARE,2002,0.0
ARE,2003,0.0
ARE,2004,0.0
ARE,2005,0.0
ARE,2006,0.0
ARE,2007,0.0
ARE,2008,0.0
ARE,2009,0.0
ARE,2010,1.0
ARE,2011,0.0
ARE,2012,0.0
ARE,2013,0.0
ARE,2014,1.0000000009999999
ARE,2015,0.0
ARE,2016,0.0
ARE,2017,0.0
GBR,1990,127.26714779999999
GBR,1991,128.8807727
GBR,1992,135.9020389
GBR,1993,51.90128723
GBR,1994,89.07371261
GBR,1995,21.00001387
GBR,1996,21.99996271
GBR,1997,30.00000027
GBR,1998,86.00001105
GBR,1999,56.99996116
GBR,2000,12.99999797
GBR,2001,9.999998919
GBR,2002,4.999999998
GBR,2003,54.99999998
GBR,2004,23.0
GBR,2005,81.00000933
GBR,2006,68.00000002
GBR,2007,92.99999998
GBR,2008,55.00000005
GBR,2009,112.0
GBR,2010,103.0
GBR,2011,47.0
GBR,2012,45.0
GBR,2013,12.99999998
GBR,2014,6.999998092
GBR,2015,2.999999999
GBR,2016,8.99999994
GBR,2017,0.0
USA,1990,22.99999983
USA,1991,157.99999590000002
USA,1992,14.00000025
USA,1993,60.99999985
USA,1994,46.99999944
USA,1995,251.99999469999997
USA,1996,44.99999927
USA,1997,17.00000132
USA,1998,23.99999871
USA,1999,43.00000007
USA,2000,40.00000079
USA,2001,2949.9976100000003
USA,2002,54.00000004
USA,2003,534.0000011
USA,2004,901.0000004000001
USA,2005,944.9999999
USA,2006,921.9999987
USA,2007,1020.999999
USA,2008,472.0000012
USA,2009,483.99999919999993
USA,2010,563.869185
USA,2011,474.00000020000004
USA,2012,324.0000003
USA,2013,149.9999999
USA,2014,79.00000001
USA,2015,67.00000005
USA,2016,67.99999951
USA,2017,8.85036052
VIR,1990,0.0
VIR,1991,0.0
VIR,1992,0.0
VIR,1993,0.0
VIR,1994,0.0
VIR,1995,0.0
VIR,1996,0.0
VIR,1997,0.0
VIR,1998,0.0
VIR,1999,0.0
VIR,2000,0.0
VIR,2001,0.0
VIR,2002,0.0
VIR,2003,0.0
VIR,2004,1.000000011
VIR,2005,0.9999999940000001
VIR,2006,0.0
VIR,2007,1.999999785
VIR,2008,0.0
VIR,2009,0.0
VIR,2010,0.0
VIR,2011,0.0
VIR,2012,0.0
VIR,2013,0.0
VIR,2014,0.0
VIR,2015,0.0
VIR,2016,0.0
VIR,2017,0.0
URY,1990,0.0
URY,1991,0.0
URY,1992,0.0
URY,1993,0.0
URY,1994,0.0
URY,1995,0.0
URY,1996,0.0
URY,1997,0.0
URY,1998,0.0
URY,1999,0.0
URY,2000,0.0
URY,2001,0.0
URY,2002,0.0
URY,2003,0.0
URY,2004,0.0
URY,2005,0.0
URY,2006,0.0
URY,2007,0.0
URY,2008,0.0
URY,2009,0.0
URY,2010,0.0
URY,2011,0.0
URY,2012,0.0
URY,2013,0.0
URY,2014,0.0
URY,2015,0.0
URY,2016,1.0
URY,2017,0.0
UZB,1990,0.0
UZB,1991,0.0
UZB,1992,0.0
UZB,1993,0.0
UZB,1994,0.0
UZB,1995,0.0
UZB,1996,0.0
UZB,1997,0.0
UZB,1998,0.0
UZB,1999,69.00000009
UZB,2000,296.9999972
UZB,2001,35.45422233
UZB,2002,0.0
UZB,2003,0.0
UZB,2004,72.9999997
UZB,2005,72.04488951
UZB,2006,7.090844457
UZB,2007,2.836337784
UZB,2008,2.4817955609999998
UZB,2009,19.0
UZB,2010,141.8168895
UZB,2011,31.90880019
UZB,2012,88.63555614
UZB,2013,3.54542223
UZB,2014,12.40897782
UZB,2015,21.27253339
UZB,2016,0.0
UZB,2017,0.0
VUT,1990,0.0
VUT,1991,0.0
VUT,1992,0.0
VUT,1993,0.0
VUT,1994,0.0
VUT,1995,0.0
VUT,1996,0.0
VUT,1997,0.0
VUT,1998,0.0
VUT,1999,0.0
VUT,2000,0.0
VUT,2001,0.0
VUT,2002,0.0
VUT,2003,0.0
VUT,2004,0.0
VUT,2005,0.0
VUT,2006,0.0
VUT,2007,0.0
VUT,2008,0.0
VUT,2009,0.0
VUT,2010,0.0
VUT,2011,0.0
VUT,2012,0.0
VUT,2013,0.0
VUT,2014,0.0
VUT,2015,0.0
VUT,2016,0.0
VUT,2017,0.0
VEN,1990,31.0
VEN,1991,62.99999986
VEN,1992,31.99999996
VEN,1993,31.0
VEN,1994,18.0
VEN,1995,27.99999998
VEN,1996,36.0000001
VEN,1997,4.000000002
VEN,1998,6.0
VEN,1999,21.0
VEN,2000,25.0
VEN,2001,27.0
VEN,2002,20.0
VEN,2003,25.0
VEN,2004,31.00000007
VEN,2005,29.99999996
VEN,2006,22.0
VEN,2007,2.999999999
VEN,2008,1.0
VEN,2009,10.00000001
VEN,2010,0.0
VEN,2011,1.0
VEN,2012,0.0
VEN,2013,0.0
VEN,2014,1.0
VEN,2015,1.0
VEN,2016,9.000000004
VEN,2017,0.0
VNM,1990,0.0
VNM,1991,0.0
VNM,1992,0.0
VNM,1993,0.0
VNM,1994,0.0
VNM,1995,0.0
VNM,1996,0.0
VNM,1997,1.0
VNM,1998,0.0
VNM,1999,0.0
VNM,2000,0.0
VNM,2001,0.0
VNM,2002,0.0
VNM,2003,0.0
VNM,2004,0.0
VNM,2005,0.0
VNM,2006,0.0
VNM,2007,0.0
VNM,2008,0.0
VNM,2009,0.0
VNM,2010,0.0
VNM,2011,0.0
VNM,2012,0.0
VNM,2013,0.0
VNM,2014,0.0
VNM,2015,0.0
VNM,2016,3.0
VNM,2017,0.0
OWID_WRL,1990,100684.1866
OWID_WRL,1991,90046.47868
OWID_WRL,1992,62971.43011
OWID_WRL,1993,64155.1103
OWID_WRL,1994,569177.5317
OWID_WRL,1995,66338.74033
OWID_WRL,1996,87037.84663
OWID_WRL,1997,125243.7616
OWID_WRL,1998,113754.2064
OWID_WRL,1999,155191.9305
OWID_WRL,2000,122798.9778
OWID_WRL,2001,62437.42605
OWID_WRL,2002,66649.92242999999
OWID_WRL,2003,57618.03683
OWID_WRL,2004,58549.709
OWID_WRL,2005,40339.748530000004
OWID_WRL,2006,58178.59646
OWID_WRL,2007,59496.88122999999
OWID_WRL,2008,58795.082370000004
OWID_WRL,2009,67916.30872
OWID_WRL,2010,50608.2737
OWID_WRL,2011,100568.6116
OWID_WRL,2012,111432.8901
OWID_WRL,2013,115138.2557
OWID_WRL,2014,182239.9445
OWID_WRL,2015,137629.2875
OWID_WRL,2016,158356.4023
OWID_WRL,2017,129720.1457
YEM,1990,0.0
YEM,1991,1.0
YEM,1992,24.00000009
YEM,1993,0.0
YEM,1994,1502.999194
YEM,1995,3.999999992
YEM,1996,2.999999996
YEM,1997,10.99999993
YEM,1998,8.000000025
YEM,1999,11.00000004
YEM,2000,19.00000021
YEM,2001,1.9999999990000001
YEM,2002,4.9999999939999995
YEM,2003,16.000000099999998
YEM,2004,0.0
YEM,2005,12.0
YEM,2006,13.99999999
YEM,2007,24.0000002
YEM,2008,95.00000203
YEM,2009,141.0000003
YEM,2010,520.0000155
YEM,2011,1742.9998920000003
YEM,2012,3386.001594
YEM,2013,1205.9999480000001
YEM,2014,3008.00132
YEM,2015,9109.008781
YEM,2016,15210.01816
YEM,2017,16810.95736
ZMB,1990,50.00000172
ZMB,1991,0.0
ZMB,1992,0.0
ZMB,1993,1.0
ZMB,1994,0.0
ZMB,1995,0.0
ZMB,1996,0.0
ZMB,1997,1.0
ZMB,1998,0.999999999
ZMB,1999,3.99999996
ZMB,2000,1.0
ZMB,2001,8.0
ZMB,2002,0.0
ZMB,2003,2.999999992
ZMB,2004,0.0
ZMB,2005,0.0
ZMB,2006,7.0000000579999995
ZMB,2007,35.99999989
ZMB,2008,0.0
ZMB,2009,8.999999997
ZMB,2010,0.0
ZMB,2011,11.99999995
ZMB,2012,10.99999992
ZMB,2013,8.000000034
ZMB,2014,6.000000005
ZMB,2015,7.000000007000001
ZMB,2016,2.999999994
ZMB,2017,1.0
ZWE,1990,22.99999999
ZWE,1991,0.0
ZWE,1992,0.0
ZWE,1993,0.0
ZWE,1994,0.0
ZWE,1995,8.000000136
ZWE,1996,0.0
ZWE,1997,0.0
ZWE,1998,4.000000008
ZWE,1999,1.0
ZWE,2000,28.99999961
ZWE,2001,31.00000024
ZWE,2002,44.000000299999996
ZWE,2003,5.000000008
ZWE,2004,1.0
ZWE,2005,3.0000000030000002
ZWE,2006,0.0
ZWE,2007,4.9999999939999995
ZWE,2008,362.00000239999997
ZWE,2009,9.999999973
ZWE,2010,7.000000011
ZWE,2011,5.000000007
ZWE,2012,10.00000007
ZWE,2013,7.000000019
ZWE,2014,3.0000000019999997
ZWE,2015,11.99999997
ZWE,2016,5.999999989
ZWE,2017,4.999999979
