Code,1990,1991,1992,1993,1994,1995,1996,1997,1998,1999,2000,2001,2002,2003,2004,2005,2006,2007,2008,2009,2010,2011,2012,2013,2014,2015,2016,2017
AFG,1489.99929,3370.000153,4343.997795,4097.000207,8959.000461,5508.000168,3254.999587,6722.996878,12065.00989,5104.000044,5429.002257,5727.006858,985.000023,864.0000768,1042.999637,2078.000062,5677.001213,8216.000975,6748.999931,7562.996178,8117.00062,9061.000023,11332.99,11816.97473,17949.99611,23661.95147,28050.86679,1662.000127
AGO,2755.999916,595.0000983,2424.999911,12398.03499,4116.997104,266.9999881,93.000002,2921.997972,14042.92527,7265.968158,3377.998233,3067.001012,599.9999911,81.00000031,49.99999999,11,12.00000007,34,5,28,13.99999996,5,4,4,0,1.000000001,31.00000005,55.99999981
ALB,0,0,1,1.999999874,18.00000016,2.000000051,7.999999405,2025.997193,7.000000204,11.99999997,0.999999856,5.000000167,1.000000003,0,3.999999966,0,0,0,0,0,0,0,0,0,1,0,0,0
AND,0,0,0,0,0,0,0,0,0,0,0,0,0,0,0,0,0,0,0,0,0,0,0,0,0,0,0,0
ARE,0,6.000000134,0,0,0,0,0,0,0,0,0,0,0,0,0,0,0,0,0,0,1,0,0,0,1.000000001,0,0,0
ARG,1,1,32.00000003,0,86.00000025,0,1,3,0,0,0,0,0,0,0,0,0,0,0,0,0,0,0,0,0,0,0,0
ARM,227.9999591,251.0000472,935.0012622,288.0000199,45.00000023,11.00000001,4.000000009,4.568629424,2.284314721,10.95018625,2.950186149,6.613671853,1.14215736,3.426472085,3.948993272,1,3.013144756,3.692820654,4.621763787,5.355790782,18.77454038,8.593645984,9,6.00000006,22.00000008,51.00001835,119.9999891,0
ASM,0,0,0,0,0,0,0,0,0,0,0,0,0,1.000000005,1.000000014,2.00000001,1.999999973,1.999999959,0.999999996,0,0,0,0,1.000000008,0,0,0,0
ATG,0,0,0,0,0,0,0.999999857,0,0,0,0,0,0,0,0,0,0,0,0,0,0,0,0,0,0,0,0,0
AUS,1.99999998,4.000000015,1.999999995,0,5.999999979,0,2,0,0,0,1.000000014,1.000000008,0,0,0,0,0,0,0,2.000000022,10,11,1.000000008,0,4,3.000000096,0,0
AUT,0,0,0,0,0,5.999999995,0,0,0,0,0,0,0,0,0,0,0,0,0,1.000000001,0,0,0,1.999999786,0,0,0,0
AZE,199.0000198,286.9999921,3949.008188,3038.988162,4650.020776,53.99999987,7.00000005,30,34,18.00000007,13,8.605492095,5.331465261,12.9075527,9.743081338,24,5,12,35.00000023,8,19.99999994,21,16,11,46.00000004,63.00000066,138.0000084,0
BDI,7,394.9999934,122.0000078,5,12764.86357,13082.98732,13870.85296,13777.95628,13095.0321,13324.88946,14136.81268,13679.98615,13231.9297,13262.82259,12763.82239,12910.80761,237.0000044,34.99999954,272.0000109,48.00000386,205.999959,197.9999463,28.00000025,24.99999974,58.0000003,660.000119,365.9999662,236.9999435
BEL,2,1,1.000000001,0,0,0,0,3.999999987,0,0,0,0,0,0,0,1.999999871,0,0,0,0,0,0,1,0,4.000000007,0,70.00000023,0
BEN,0,0,0,0,0,0,0,0,0,0,0,0,0,0,0,0,0,0,0,1,0,0,0,4.999999995,0,3.000000006,13.00000016,12.99999994
BFA,0,1,0,0,0,0,0,0,0,0,0,0,0,0,10.00000004,0,13.99999997,0,14.00000013,0,0,2.999999999,27.00000002,2.999999999,7.000000018,25.00000023,87.00000059,99.00000143
BGD,157.9999998,164,324.9999974,12,56.00000001,41.00000001,127.0000001,19,5,31.00000001,25,60.99999999,26,10,81.99999999,137.9999999,101,19,22,20,17,9,7.999999999,26,39.99999999,102,151.0000001,118.9999996
BGR,0,0,0,0,1,3,8.999999999,0,0,0,3.999999996,0,1,0,0,0,0,0,0,0,0,0,7.999999998,0,0.999999998,0,0,0
BHR,0,0.999999985,0,0,0,0.999999985,7.999999485,4.999999716,0,0,0,0,0,0,0,0,0,0,0.999999992,0,0,0,4.999999821,3.999999829,8.999999971,5.000000212,0.999999999,10.99999876
BHS,0,0,0,0,0,0,0,0.999999987,0,0,0,0,0,0,0,0,0,0,0,0,0,0,0,0,0,0,0,0
BIH,0,27,7718.987653,5812.008934,3143.000158,9757.013205,2,4.999999988,2.000000001,1,1,0,0,0,0,0,0,1,2.000000001,0,1,0,0,0,0,4.000000001,0,0
BLR,0,0,0,0,0,0,0,1,0,0,0,0,10.62993141,9.335517634,0,0,0,7.166986526,11.58921497,10.86777109,7.666861027,26.01864338,0,6.898112409,6.346881862,0,0,0
BLZ,0,2.000000014,0.999999943,0,0,0,0,0,67.00007251,3.99999982,12.99999278,0,0,0,0,3.000000144,0,0,0,0,5.999999979,0,0,0,0,0,0,0
BMU,0,0,0,0,0,0,0,0,0,0,0,0,0,0,0,0,0,0,0,0,0,0,0,0,0,0,0,0
BOL,6.000000019,6.999999976,5.000000012,0,1,0,0,3.999999999,0,0,0,0,0,0,2,0,0,0,0,0,0,0,0,0,0,0,0,0
BRA,39,26.00000008,240.9998822,61,39.00000024,31.99999971,39.99999999,33.99999995,5.000000036,17.99999981,0,12.00000001,0,0,1,35,14.00000156,4,7,0,0,0.999999936,11.99999997,3.000000228,4.000000005,2.999999998,1.000000002,0
BRB,0,0,2.999999817,0,0,0,0,0,0,0,0,0,0,0,0,0,0,0,0,0,0,0,0,0,0,0,0,0
BRN,0,0,0,0,0,0,0.08083992,0.047922649,0.044406664,0.053516885,0.052194115,0.03204078,0.068133349,0.038563678,0.026793542,0.055150464,0.053544248,0.04514017,0.051524696,0.120484552,0.071970462,0,0,0,0,0,0,0
BTN,0,0,0,0,0,0,0,4,0,0,0,0,0,0,0,0,4.000000002,0,4.99999989,0,0,0,0,0,0,0,0,0
BWA,6.999999985,0,0,0,0,0,0,0,0,0,0,0,0,0,0,0,0,0,0,0,0,0,0,0,0,0,0,0
CAF,0,3.000000013,4.000000002,4,1.999999988,0,1.999999997,17.18067597,17.18067597,7.000000012,14.00000006,288.0000054,384.9999423,33.00000226,86.36134734,8,195.9999745,313.9999885,120.9999957,260.0000077,306.000012,111.0000027,148.9999993,4044.00422,4063.994692,454.9999893,486.9998868,1879.005967
CAN,0,0,0.999999958,0,0.999999875,2.00000012,0,0,0.999999979,0,0,0,1.000000009,0,1.000000067,0,36.00000003,29.9999998,32.00000028,32.00000035,15.99999997,0,1.000000056,0,7.000000003,0,1,0
CHE,1,0,6.000000032,0,0,1.000000001,1,0,0,0,0,14.00000011,0,0.999999955,0,0,0,0,0,0,0,0,0,0,0,0,0,0
CHL,7.999999999,15.99999997,12.00000001,0,0,1,2,0,0,1.000000014,0.999999877,0,0,0,0,0,0,0,0,0,0,0,0,2,1,0,0,0
CHN,24.00000002,0,10,0,21,6.000000001,22.99999999,42.00000028,100.000001,305.0000383,200.9999965,524.9999806,101.9657917,1,13.99999998,25.00000006,0,19.99999998,114.0000054,392.9999817,18.99999997,55.99999835,73.89587663,212.6917099,731.1216943,336.0699549,25.99999995,0
CIV,8,0,1,1,7.999999984,44.00000071,5,16.00000011,13.00000001,51.00000041,111.0000007,32.00000044,1323.000204,1050.999823,515.0000834,154.0000128,46.00000021,4,14.00000003,2,49.00000015,1071.999888,27.99999998,21.99999996,28.9999997,15.00000002,17.00000001,24.00000011
CMR,0,36.00000058,6.000000008,0,101.0000006,4.999999988,56,5.999999989,1,1,18.0000002,0,0,0,18.99999996,48.00000043,30.99999975,66.00000005,128.9999975,18.99999993,5.999999998,17.00000007,17.99999998,14.00000005,1124.000014,1582.999888,702.9999604,446.0000253
COD,147.0000033,35,74.99999986,105.9999941,185.9999955,94.99999974,34473.01672,39485.7044,10028.99671,9008.997145,2786.999493,2162.000479,6351.001517,3744.999797,898.0000333,569.999999,458.9999957,963.9999977,3679.998679,9032.999401,1757.000091,639.9999905,2195.999819,2893.999862,1937.999924,1150.000041,1244.000054,2790.999446
COG,0,0,1.999999992,135,29.99999954,2,1.000000004,10414.23301,3784.001125,984.9987997,500.0000098,3,234.999995,43.99999969,8.999999967,15.00000024,0,1.999999988,1,100.0000075,0,1,2,41.99999891,10.99999999,0,60.99999999,24.99999949
COL,1364.999996,1612.999799,2118.999898,257,1426.000183,1463.000062,2007.999646,2044.999659,2047.000097,2208.000097,2154.000125,2419.000184,3200.99997,1265.999957,1603.00001,1649.999963,661.9999959,422.9999933,336.9999976,526.0000066,498.0000003,269.9999995,387.0000072,277.0000023,292.0000015,246.9999988,75.99999981,0
COM,0,0,1.000000002,0,0,0,0,56.00003027,0,0,0,0,0,0,0,0,0,0,0,0,0,0,0,0,0,0,0,0
CPV,0,0,0,0,0,0,0,0,0,0,0,0,0,0,0,0,0,0,0,0,0,0,0,0,0,0,0,0
CRI,0,0,0,0,1,0,1.000000001,1.999999995,0,0,0,1.000000002,0,0,0,0,0,0,0,0,0,0,0,0,0,0,0,0
CUB,0,0,3.000000008,0,2.999999998,0,0,1.999999923,0,0,0,0,0,0,0,0,0,1,0,0,0,0,0,0,0,0,0,0
CYP,0,0,0,0,2.000000019,0,2.999999954,0,0,0.03013269,0.039508629,0,0,0,0,0,0,0,0,1.000000004,0,0,0,0,0,0,0,0
CZE,0,1.999999992,0,0,0,1,1.999999999,1,0,0,0,1.000000022,0,0,0,0,0,0,0,0,0,0,0,1,5.999999985,0,0,0
DEU,2,9.999999996,21,0,2,24.00000052,15.00000043,16.00000076,8.999999268,7.999999988,11.99999994,6.000000105,10.00000001,4.000000112,6.000000036,6.000000007,6.000000098,3.000000025,6.00000006,2.999999998,5.999999896,9.000000021,2.000000099,1,1.00000003,2.999999973,39.00000001,0
DJI,60.99999959,66.99979302,356.9961001,33.00001334,44.99999393,0,0,22.00000115,19.00000176,37.99999159,0,0,1.999999978,0,0,0,0,0,35.00000204,3.999999947,3.000000066,0,0.999999994,0,2.000000012,27.00000197,0,0.999999997
DMA,0,0.999999839,0,0,0,0,0,0,0,0,0,0,0,0,0,0,0,0,0,0,0,0,0,0,0,0,0,0
DNK,0,0,1,0,0,0,0,0,0,0,0,0,0,0,0,0,0,2.000000183,12.99999982,2.999999057,0,3.000000727,0,0,0,1.999999999,1,0
DOM,2.999999997,1.000000001,0.999999999,0,1.999999999,0,2.999999997,3.000000015,0,0,0,0,0,0,0,0,0.999995034,0,0,0,0,0,0,1.000000028,0,0,0,0
DZA,3.999999995,75.99999971,510.0000125,826,2428.000154,3424.999238,1620.000164,4904.99967,4430.000811,1518.99995,2534.000207,1330.000005,1613.000229,931.9999426,576.9999903,323.9999945,405.9999934,699.0000237,505.0000125,637.0000069,318.0000018,341.0000022,289.0000013,216.0000006,113.999999,114,92.00000004,134.9999963
ECU,2.999999987,0,2.000000001,0,0,14.99999967,7.999999618,0.999999999,0,0,0,0,0,0,0,0,0,0,25,0,0,0,0,1,0,0,1,0
EGY,24.99999997,8,62.0000002,108,334.9999944,361.00001,245.9999978,235.9999998,31.00000001,5.999999999,2,3.999999999,23.00000011,0,61.99999986,129.0000001,23.99999994,0,16,11,45.00000003,118.0000019,116.0000003,384.0000077,262.9999996,223.999997,366.9999991,1188.999833
ERI,30702,6042.000009,0,21,0,0,19.99999983,30.99999701,113.0000373,24082.55725,1812.000061,0.538822232,1.538822235,81.99999673,57.07764718,161.2693891,2.053882215,11.00000014,224.3882206,8.323293352,86.99998986,25.99999958,0,80.00000904,10.00000004,9.999999808,25.00000056,0
ESP,51.00000007,89.99999996,52.00000009,12,28,30.99999997,8.999999998,16.99999999,17.00000003,5.000000004,49.99999973,53.00000035,14.99999998,19.99999995,384.0000012,18,2,2,6.000000005,6,1,1,0,0,0,0,0,0
EST,0,0,0,0,0,0,1,0,0,0,0,0.999999999,0,0,0,0,0,2.000000048,0.999999955,3.999999919,0.999999916,1.999999919,0,0,0,0,0,0
ETH,19170.99996,6383.003208,504.000135,62,82.00000163,47.99999992,185.0000422,33.97545138,4043.402299,41258.20457,51183.00138,378.6751467,615.0117961,895.3356788,583.9733664,245.2486828,210.1953371,858.3589107,1005.852617,1004.589254,561.8843968,385.4136842,442.9998153,398.380909,107.5692209,404.1218034,776.9977021,1061.000202
FIN,0,0,0,0,0,0,1.000000271,2.999999963,0.99999972,2.000000887,2.999999964,2.999999513,10.99999796,1.00000015,2.000000377,2.999999974,0.999999902,11.99999985,3.000000051,0.999999851,1.000000067,2.000000001,5.000000838,1.999999451,1.000001256,0,0,0
FJI,0,0,1,0,0,0,0,0,0,0,6.999999997,0,0,0,0,0,0,0,0,0,0,0,0,0,0,0,0,0
FRA,8.000000219,12.00000004,17.00000028,6.999999915,12.99999987,27,22.99999994,3.000002042,5.999999988,0.99999999,17.99999945,4.999999925,7.000000084,5.999998769,7.999999165,6.000001245,8.000000457,9.000000194,10.99999999,11,16,25.99999998,12,3.999999292,2.999999978,295.0000031,182.000001,0
FSM,0,0,0,0,0,0,0,0,0,0,0,0,0,0,0,0,0,0,0,0,0,0,0,0,0,0,0,0
GAB,0,0,0,0,0,0,0,7.99999977,0,1.999999969,0,0,0,0,0,0,0,0,0,0,0,0,0,0,0,1.000000001,0,0
GBR,127.2671478,128.8807727,135.9020389,51.90128723,89.07371261,21.00001387,21.99996271,30.00000027,86.00001105,56.99996116,12.99999797,9.999998919,4.999999998,54.99999998,23,81.00000933,68.00000002,92.99999998,55.00000005,112,103,47,45,12.99999998,6.999998092,2.999999999,8.99999994,0
GEO,0,53.99999975,880.0002948,1836.999635,29.00000002,66.00000038,2.999999997,44.99999902,191.99999,45.81194457,23.81194493,70.05972379,150.9999943,19.99999998,32.00000084,27.10451901,30.81194503,8.324778029,634.0001614,7.121791744,6.999999998,4.653752927,21.14931384,12.00000012,2.420903918,2.435835282,1,0
GHA,0,0,0,0,12.99999999,2.000000001,2.999999998,3.000000006,4.000000015,0,33.00000017,17.99999994,37.99999984,7.000000003,2.000000001,2,2.999999999,5.999999995,28.99999979,20.99999986,3.999999995,4.99999999,14.99999999,15.99999997,11.99999998,25.00000004,27.00000019,48.99999986
GIN,0,0,0,0,1.999999996,0,29.00000003,0,38.99999889,93.99998876,1152.999402,489.0000295,14.00000006,0,4.000000011,3.999999993,17.00000034,44.99999972,3.99999998,160.0000024,1.999999999,4.999999992,9.999999983,95.99999189,0,7.999999978,1.000000001,28.00000013
GMB,0,0,0,0,13.0000006,0,0,0.999999996,0,0,2.000000012,2.000000012,0.999999996,0,0.999999997,3.000000023,0,0,0,0,0,0,8.000000055,0,0,0,0,3.000000016
GNB,0,0,2,0,0,0,0,0,604.9999703,199.9998821,14.00000048,13.00000108,0.999999991,3.000000052,5.999999936,4.999999837,67.99998338,0,4.999999901,4.999999952,0,1.999999996,8.000000268,0,22.00000108,0,0,0
GNQ,0,0,0.999999989,0,0,0,0,0,6.000000046,0,0,0,0,1.000000004,11.99999998,0,0,0,0,2.999999952,7.000000316,0,1.000000003,0,0,0,0,0
GRC,3.000000157,15.00000005,2,0,3,0,2.000000088,2.000000002,0,0.999999999,2,0,0,0,0,0,0,0,0,1,4.000000006,0,0,2,0,1,66.00000022,0
GRD,0,0,0,0,0,0,0,0,0,0,0,0,0,0,0,0,0,0,0,0,0,0,0,0,0,0,0,0
GRL,0,0,0,0,0,0,0,0,0,0,0,0,0,0,0,0,0,0,0,0,0,0,0,0,0,0,0,0
GTM,749.0003062,498.9998175,420.9999378,218.000059,308.9999644,162.0000034,33.0000004,24.00000021,1,2.999999997,12.00000095,17.99999865,23.00000068,30.00000472,27.00000105,2,5.000000009,5,0,0,0,27,1.999999999,4.000000005,0,0,0,0
GUM,0,1.000000008,0,0,0,0,0,0,0,0,0,0,0,0,1,1.000000005,0,2.99999997,3.999999958,1.000000001,2.000000011,0,0,2.000000005,0,0,0,0
GUY,0,0,0,0,0,0,0,0,1.000000587,0,0,0,4.000000194,0,0,0,6.000000063,0,52.00000276,0,0,0,0,0,0,0,0,0
HND,2.999999998,18.00000024,5.00000001,0,10.00000004,8.000000013,11.00000013,13.99999994,0,0,0,0,0,23,56.00000078,0,0,0,0,2.000000001,0,2.000000002,0,5.00000001,0,0,1.999999999,0
HRV,0,3485.989495,2177.998561,754.9998983,225.0000097,964.0004624,155.9999958,40.99999919,28.0000004,15.00000008,8.999999955,4.000000001,2.000000026,4.000000071,10.99999988,5.000000035,0.999999993,2.999999982,3.000000064,3.999999978,4.000000036,1.999999983,3.999999974,3.000000006,0,1.000000028,2.999999946,0
HTI,15.00000002,367.0000157,17.99999945,37,130.9999956,16.99999979,14.00000013,8.999999995,0,13.99999996,5.000000001,0,0,3.999999993,237.9999716,41.00000081,81.99999547,1,6.000000009,0.999999999,0,0,0,0,0,0,6.999999978,0
HUN,0.999999998,0.999999999,0,0,0,0,0,3.000000001,0,0,0,1,1.000000003,0,0,0,0,0,0,2.000000001,1.000000004,0,0,0,0,0,0,0
IDN,212.0000084,447.0000436,85.99999905,27,13.00000016,103.0000035,62.00000001,718.433041,988.7021825,4012.762339,715.5096501,1484.058518,1041.885047,1178.629719,1094.999985,333.6795512,32.00000233,22.9999991,6.999999996,46.85780172,9.999999025,71.99997167,54.99999901,51.00000053,79.99999846,451.9993908,30.99999983,23.99999982
IND,3805.095319,4830.603381,4849.38914,1923.504361,1805.180188,1393.396739,1845.852564,3211.240558,2804.139579,3965.290884,5458.141406,5500.778217,4691.936581,3974.14357,3268.929773,3664.798519,3691.020648,3031.282674,2609.000025,2964.861343,3465.000467,1967.329669,1327.017168,1403.159566,1685.621384,1414.482338,2043.821189,766.0000036
IRL,0,3.00000001,0,0,3.99999998,1,1,0,1.000000001,0.999999983,0,0,0,0,0,0,1.000000001,0,0,0,0,1,0,0,0,0,2.000000004,0
IRN,1026.576184,672.6117846,452.4373554,397.2458919,411.529749,235.8811108,211.8822609,154.9298272,129.1986017,112.0058276,141.8959228,125.054824,121.8241199,177.308924,85.39168036,29.66968111,379.0000427,96.00000006,146.4543939,311.0173818,239.7936761,223.9999983,30.50691972,65.99999609,28.99999827,77.00000086,121.9999996,93.99999948
IRQ,2029.725368,23678.99328,1053.405943,840.2973856,813.2290667,688.2087235,485.5413839,450.3748926,306.9662116,293.2152276,335.2038174,306.2667835,297.9661984,762.5333931,2366.214866,3465.292907,23266.94223,25603.13012,8793.001071,5701.98662,6238.001533,6032.006982,7307.993299,16889.95102,33297.02646,26413.05561,28579.9092,33240.11405
ISL,0,0,0,0,0,0,0,0,0,0,0,0,0,0,0,0,0,0,0,0,0,0,0,0,0,0,0,0
ISR,100.0000038,76.00000468,108.0000024,88,176.0000003,95.00000073,204.9999952,55.99999905,44.00001115,11.00000056,119.0000008,487.000171,1212.00022,625.0001315,573.0000877,254.9999957,666.000016,320.0000102,751.0000279,706.999948,67.99999991,94.00000054,87.00000071,9.999999998,1730.999909,35.00000016,27.00000016,20.9999997
ITA,1,0,16.99999999,1.000000002,4.000000003,1.000000008,0,0,3.000000004,1,0.999999991,0,1,17,1,2.000000004,0,0,1.000000011,0,11.99999998,1,0,3.000000239,2.000000186,0,1,0
JAM,0,0,4.999999993,0,1.99999999,1.000000004,0.999999999,10.00000072,0,0,0,0,0,0,0,0,0,0,0,0,0,0,0,0,0,0,0,0
JOR,0,0.999999997,2.000000001,0,0,1.000000003,0,0,0,0,0,1.000000001,2.99999999,0,0.999999934,121.0000133,0.999999999,0,0,0,2.000000027,0,1,4.999999985,1.000000001,7.999999973,68.99999744,34.99999963
JPN,6.00000054,4.000000167,2.000000597,1.999999808,10.99999984,15.00000007,0,0,0,0,0,0,0,0,0,0,0,0,0,0,0,0,0,0,0,24.00000117,22.99999998,3.999999949
KAZ,0,0,8.999999998,0,0,0,0,2,0,3.938246796,5.938246797,19.69123399,0,0,33.57665741,42.79355905,27.28128927,14.99999998,28.81014453,20.20305173,84.68816595,36.05214876,56.9103032,1.969123399,6.891931895,11.81474039,9.99999999,0
KEN,6.999999916,0,158.0000021,1,45.99990474,5.999999997,4.999999959,427.6577666,784.9506477,343.0010134,428.0006736,475.0004298,397.9998241,154.0000347,178.0000273,326.9999946,290.0004826,580.4362429,1895.68582,329.9754272,178.651213,169.6653815,508.7819906,709.9999231,530.9999495,647.3726295,202.9999952,390.9993271
KGZ,0,0,0,0,0,0,0,0,0,15.00000001,175.9999969,7.004176408,2.999999989,0.999999999,3.502088213,12.25730867,7.000000003,0.560334114,0.49029235,0.210125293,424.0000399,39.99999985,17.51044115,1.000000001,3.45146175,5.202505864,1,0
KHM,377.0000011,337.9999703,257.0000048,483.9999903,797.000163,743.9999994,889.9999902,554.9999291,308.9999947,0.999999999,15.99999992,4.000000011,3.999999995,2.000000001,0,0,0,2,3.000000002,1.999999999,0.185852127,10,1,0,0,4.999999997,1.999999995,1
KIR,0,0,0,0,0,6.999999843,0,0,0,0,0,0,0,0,0,0,0,0,0,0,0,0,0,0,0,0,0,0
KOR,0,0,1,0,1,25.99999897,21.00000089,41.99999863,0.99999996,0,0,0,4.999999928,2.00000001,0.999999999,0,0,0.999999997,0,1.000000006,50.00000275,0,0,0.999999992,2.000000002,0,0,0
KWT,1329,461.0000718,2.00000001,0,0,7.999999847,14.99999868,8.999999607,8.000000094,8.99999929,7.000000588,5.000000036,6.000000058,5.999999216,9.000000713,11.99999823,18.00000082,11.99999907,1.000000058,3.000000008,0,1.000000013,0,0.999999984,0.999999992,54.00000244,1,0
LAO,254.9999353,0,2.99999998,3,1.999999993,0,5.000000022,2,0,2,7.999999987,0,4,14.99999976,4,0,73.0000002,0,0,0,0,0,0,0,0,3.999999983,7.000000006,2.000000005
LBN,877.9996651,143.0000304,181.0000279,137.0000009,153.000036,124.9999863,250.9999901,118.9999974,70.99999954,65.99999994,37.99999922,4,33.94807043,3.999999996,2.597403488,24.99999986,758.9999552,199.7403803,197.9091629,21.79221044,5.194806931,5.00000001,47.33768599,239.0000574,268.0000328,189.9999912,47.00000144,386.0000491
LBR,3684.003114,271.9999988,434.9997707,2565.00066,3770.006339,2196,1097,13,14,191.0000361,101,481.9999997,2286.000102,3217.000227,18.00000019,3.000000009,0,0.999999999,24.99999954,0,1.000000001,13.99999992,0,1.000000001,4.000000008,1,13.00000017,3.999999976
LBY,0,0,0,0,0,0,2451.003975,7.999999975,1.999999998,0,1.999999986,0,0,0,0,0,0,0,40.00000291,0,0,47807.61741,850.0004702,363.0002895,2957.009527,51.00000052,1830.000011,1525.000078
LCA,0,0,0,0,0,0,0,0,0,0,1.999999791,0,0,0,0,0,0,0,0,0,0,0,0,0,0,0,0,0
LKA,6249.998998,7657.000826,5367.999106,2120.000077,1207.001051,5859.002033,4918.001565,3384.997666,4510.000237,2156.000016,3017.001434,1356.999778,11,52.9999991,53.99999809,223.0000034,3085.997023,2963.000294,8799.002726,10613.9995,8476.97407,2,0,6.966315075,3,3.000000003,0,1
LSO,0,0,0,0,0,0,0,5.999999953,117.0000066,15.99999923,0,0,9.000000008,0,0,0,2.000000005,0,0,4.000000034,1.000000001,0,5.000000057,0,0.999999995,3.000000015,0,4.000000053
LTU,0,21.00000004,0,0,3.000000069,1.00000002,0,1.999999948,0,0,0,0,0,0,0,0,0,0,1.000000003,0,0,0,0,0,0,0,0,0
LUX,0,0,0,0.999997473,0,0,0,0,0,0,0,0,0,0,0,0,0,0,0,0,0,0,0,0,0,0,0,0
LVA,0,4.000000001,0,0,1,0,0,0,0,0,1.000000001,0,0,0,0.999999986,0,2.000000061,0,1.000000046,1.999999889,0,0,0,0,0,0,0,0
MAR,0,22.00000004,2.000000001,0,0,0,0,5.999999999,10,0,1,0,0,88.99999897,0,0,1.999999999,2.000000001,0,0,13.99999998,18.00000001,1.000000011,2.000000025,1.999999999,2,3.000000002,2
MDA,0,0,595.0000073,0,0.999999999,0,0.999999984,0,0,0,0.999999989,0,0,0,0,0,1.999999999,0,0,0,0,0,1.000000001,0,0,0,0,0
MDG,0,3.999999997,16.00000008,0,0,4.000000009,1,0,0,0,1,0,6.000000011,0,1,1.999999999,0,2.999999996,2.000000002,70.99999874,3.000000002,0,23,107.9999959,440.0000549,168.9999854,173.9999992,172.0000144
MDV,0,0,0,0,0,0,0,0,0,0,0,0,0,0,0,0,0,0,0,0,0,0,0,0,0,0,0,0
MEX,12.00000291,19.99999858,8.999999646,4.999999937,234.9999747,81.99999791,139.0000001,65.00000001,107,0,21.00000024,0,0,0,0,0,0,0,0,0,0,0,0,0,0,0,0,0
MHL,0,0,0,0,0,0,0,0,0,0,0,0,0,0,0,0,0,0,0,0,0,0,0,0,0,0,0,0
MKD,0,26.99999845,0.99999998,0.999999992,0,2.999999963,0,0,0,6,5.999999998,107.0000039,22.99999933,15.00000006,0,0,5.999999997,11.99999998,3.00000001,0,0,0,5.000000015,0,0,0,0,0
MLI,341.9999981,230.9999935,82.00000021,0,829.9999029,3.999999995,0,5000.018645,10002.04964,2008.999707,2002.997675,2002.002225,2004.998293,1513.000399,499.9998124,11.99999999,199.9999829,59.00000062,117.0000001,136.9999976,31.00000015,37.00000022,335.9999188,1119.999991,233.9999999,248.9999844,136.9999982,869.9999616
MLT,0,1.000003918,1.000000019,0,0,1.000000002,0,0,0,0,0,0,0,0,0,0,0,0,0,0,0,0,0,0,0,0,0,0
MMR,615.9999923,1095.999987,1887.999988,143.0000004,792.9999827,479.9999687,610.9999993,803.9999999,494.9999999,358.9999998,668.0000003,338.9999996,546.9999934,264.9999996,179,358.0000023,449.9999957,663.9999968,114.0000002,263.0000097,197.9999992,807.0000039,856.9999996,318.9999962,263.9999983,758.9997263,215.0000045,30.99999997
MNE,0,0,0,0,0,0,0,0,0,9,1,0.999999999,0,0,0,0,0,0,0,0,0,0,0,0,0,0,0,0
MNG,0,0,0,0,0,0,0,0,0,0.715185275,0.715185275,3.575926361,0,0,1.787963187,6.257871182,0.715185276,0.28607411,0.250314846,0.107277791,14.30370553,3.21833375,8.939815949,0.357592638,1.251574231,2.145555826,0,0
MNP,0,0,0,0,0,0,0,0,0,0,0,0,0,0,0.999999989,2.000000054,0,1.999999994,0,0,0,0,0,0,0,0,0,0
MOZ,1943.999642,2122.001814,675.9998963,0,0,14.99999994,0,0,0,0,1,0,0,0,3,12,2.000000001,5.999999979,0,0,6.999999979,0,7.000000006,50.99999943,32.99999996,3.999999999,57.00000016,172.0000107
MRT,19,0,0,0,0,0,0,3.000000022,0,0,0,0,0,17.99999918,0,48.99999837,0,7.999999918,23.99999989,1.999999997,1.999999998,11.99999965,2.000000001,0,0,0.999999997,0,2.000000006
MUS,0,0,0,0,0,0,0,0,0,0,0,0,0,0,0,0,0,0,0,0,0,0,0,0,0,0,0,0
MWI,0,0,31.99999968,0,0,0,0,0,0,0,1,2.000000002,1,0,0,0,0,0,2.999999993,0,0,0.999999999,0,1.999999999,2.999999999,12,21.99999981,11.99999995
MYS,0,0,0,0,0,0,0,0,0,0,5.000000008,1,0,0,0,0,0,0,0,0,0,0,2,72,1,1,5.999999999,0
NAM,0,2.999999934,0,0,0,0,2,0,30.00000093,53.00000993,155.9999349,12.99999946,9.99999994,10.9999999,0,0,0,0,0,0,0,0,1.000000001,0,2.000000002,2.99999996,0,1
NER,200.0000596,47.99999978,62.99999959,6.000000002,103.000004,89.00000099,15.99999973,82.99999961,297.9999806,14.0000003,8.999999997,3.000000003,2.999999999,0,4,0.999999999,9.000000044,115.0000018,59.99999739,6.000000009,37.00000097,39.99999934,27.99999977,67.99999963,4,622.0000294,339.9999936,308.0000017
NGA,80,9.999999995,136.000002,3,70.99999981,2,28.99999998,92.99999988,917.9999554,2699.00005,192.9999989,706.0000024,257.9999997,385.0000101,1431.00022,77.00000009,51.00000004,157,233.0000007,1653.000111,902.0000121,1629.000072,3063.000105,4450.999718,14075.99791,0,4961.000099,4057.999597
NIC,61.99999778,54.00000333,21.99999951,0,11.99999995,6.000000083,18.0000005,6.99999998,0,0,2,0,0,0.999999939,0,0,0,0,0,0,0,0,0,0,5.000000005,0,0,0
NLD,4.000000006,0,0,0,0,3.999999873,0,0,0,0,0,0.999999979,1.999999876,0,1,0,0.999999268,6.999999635,6.000000191,10.99999994,2.999999991,0,0,1.000000001,186.0000078,0,2.999999985,0
NOR,0,0.999999692,0,0,0,0,0,0,0,0.99999898,0,0.999999995,0,0,0,0,0,1.000000231,0.999999995,1.000000057,4.999999995,77.99987943,0,0,0,0,0,0
NPL,13.99999999,2,9.000000001,3,4,0,83.00000003,63.00000001,357.0000115,317.9999986,455.9999957,735.9999948,4900.999588,1724.99996,3057.999819,1574.000013,678.9999933,45.00000005,133,28.99999999,30.00000003,15.99999999,9,3.000000001,0,1,5.999999999,0
NZL,0.981484177,0,0,0,0,0,1.000000075,0.999999881,0,0.999999967,3.000000115,0,0,0,0,1.000000187,0,0.999999968,1.000000007,0,0,7.000000027,0,1.999999595,0,0.99999961,0,0
OMN,0,0,0,0,0,0,0,0,0,0,0,0,0,0,0,0,0,0,0,0.289879105,0,0,0,0,0,0,0,0
OWID_WRL,100684.1866,90046.47868,62971.43011,64155.1103,569177.5317,66338.74033,87037.84663,125243.7616,113754.2064,155191.9305,122798.9778,62437.42605,66649.92243,57618.03683,58549.709,40339.74853,58178.59646,59496.88123,58795.08237,67916.30872,50608.2737,100568.6116,111432.8901,115138.2557,182239.9445,137629.2875,158356.4023,129720.1457
PAK,217.0000005,215.9999993,148.9999999,3,378.9999977,766.9999991,347.0000002,335.0000026,115.0000001,140.9999999,87.00000008,101.0000001,148.9999999,355.0000005,696.000005,281.0000008,740.9999921,2220.999923,4935.999949,8399.999682,8015.000641,4773.999914,6019.000545,5525.999914,5708.999944,3834.000039,1905.999987,473.9999984
PAN,2.00000001,2.000000001,2.999999997,0,20.99999938,3.000000011,4.999999971,3.000000011,0,0,0,0,0,0,0,0,0,0,0,0.999999998,0,0,0,0,0,0,0,0
PER,2367.999911,2715.000474,2002.999654,779,450.0000025,377.0000393,179.000004,163.0000019,39.9999999,108.9999995,8.999999995,36.99999985,21.99999996,19.99999997,9.000000007,22.00000007,17.99999999,50.00000019,40,73.00000064,29,15,40.00000059,8.999999991,17.99999999,14.99999998,22.00000002,0
PHL,1803.999891,1981.000059,840.0000391,275.0000004,426.9999971,389.0000046,294.0000017,419.9999968,114,257.9999998,2050.999985,945.9999605,887.0000035,1407.000047,676.0000053,535.9999974,458.9999973,598.0000037,786.0000176,1155.000023,526.9999925,509.9999985,514.9999999,968.9999709,955.9999893,1055.999918,841.0000064,1137.999999
PNG,72.99999952,32.00000002,67.00000155,40.00000092,42.99999997,38.99999999,127,12,0,0,0,4,0,0,0,0,0,0,0,0,0,0,0,0,0,0,0,0
POL,1,0,4.000000001,0,0,0,0,2,0,0,0,0,0,0,14,0,1.000000001,0.999999999,5.999999976,0,0,13,0,0,0,0,0,0
PRI,0,0,0.999999999,0,0,0,0.999999999,6,0,0.999999933,0,0.999999999,1.000000001,0.999999946,3.999999969,12.99999985,3.999999981,10.99999996,1.000000003,1,0,4.999999974,5.00000003,1.000000002,0,0,0,0
PRK,0,0,0,0,3,0,0,0,0,0,0,0,0,0,0,0,0,0,0,0,0,0,0,0,0,0,0,0
PRT,0,0,0,0,4.000000022,1.000000053,0,1.000000086,0,0.999999997,0,0,0.999999965,0,0,0,0,0,1.000000046,0,0,0.999999986,0,0,0,0,0,0
PRY,0,0,0,0,0.999999997,0,0,0.999999999,0,2.000000022,0,0,0,0,0,0,0,0,0,0,2,0,1.000000001,11.99999993,5.999999937,13.00000033,9.999999837,0
PSE,480.6379942,462.639745,512.638912,420.6400926,234.7799042,164.3799427,138.3799968,130.379998,163.3799769,232.3799092,2329.858024,3267.828606,4389.85995,3300.843347,3758.836833,2471.870694,4928.008873,2719.018994,6431.734067,6130.309919,667.8295339,743.8300997,1123.829826,40.1254568,910.7651911,276.9999954,198.9999347,127.9999939
QAT,0,0,0,0,0,0,0,0,0,0,0,0.999999969,0,0,0,2.000000082,0,0,0,0,0,0,0,0,3.000000068,0,0,0
ROU,0,1,0,0,0,0,0,0,0,0,0,3.99999999,0.999999998,0.999999999,0,1,2.000000001,0,0,0,0,0,1.000000005,0,0.999999996,1.000000002,0,0
RUS,3.909756629,16.01683103,36.17930755,146.5479213,276.7093087,2056.922309,2900.712788,74.29395103,59.30020555,7148.462593,6679.459669,2026.195224,2640.02921,1193.791251,2504.78612,1054.342702,408.5384908,301.1025336,582.2207275,888.003147,794.6608431,591.3363616,831.774046,655.6692096,431.3627457,294.0994916,245.5387037,131
RWA,2643.999183,1101.999012,1083.999774,958.9999732,504228.9835,4341.985117,437.9999336,6271.033131,2607.998533,50.00000208,2016.99898,2047.000224,800.9989137,502.9999154,16.00000004,4.000000021,13.0000001,17.99999981,9.000000125,6.000000018,19.00000027,2.999999995,31.00000017,10.99999995,3.999999999,2.999999999,8.000000082,3.999999998
SAU,0,91,0,0,0,13.99999998,19.00000006,0,0,0,1,2,1,81.00000049,154.9999974,32.00000001,14.99999999,5.000000006,2.000000017,5.000000007,1.00000016,2.999999997,3.999999999,1,20.00000002,323.0000198,1978.999773,2588.999595
SDN,4104.406258,2803.321683,2413.540004,1591.056749,652.6519182,1115.992062,2050.294407,5027.001041,5880.999004,1755.999928,3335.999699,3768.999932,6422.98984,8371.008112,12626.01551,1824.000008,2412.00132,1535.000194,1948.000329,2063.000213,1505.000142,2653.997635,1851.999965,1445.000794,1728.999727,0,2329.999996,1367.000426
SEN,104.0000013,21.00000001,199.0000187,284.9999996,4.999999997,348.0000101,5,440.0000042,372.9999927,38.00000024,75.00000104,78.00000846,82.00000038,39.99999997,3,1,8.000000002,7.000000016,14,28.00000008,22.99999999,50.99999974,24.00000002,13.99999998,16.00000008,0.999999999,17.00000003,0
SGP,0,4.000000016,0,0,1.000000001,0,0,0,0,0,0,0,0,0,0,0,0,0,0,0,0,0,0,0,0,0,0,0
SLB,0,0,2,0,0,0,0,0,1,16.00000002,26.99999923,1,0.999999999,1.000000002,0,0,0,0,0,0,0,0,0,0,0,0,0,0
SLE,0,1343.999973,550.9999903,639.9997871,2296.000264,3194.000052,998.9994214,1249.000542,5413.002597,4620.998232,916.0001335,72.99999426,3.000000008,4.999999957,1,1,0,4.000000008,6.999999989,0,0,0,0,2.999999997,0,0,2.999999993,0
SLV,1146.999808,514.0002766,26.99999898,0,21.99999969,2.999999992,25.9999991,1,0,0,0,0,0,0,0,0,0,0,0,0,0,0,0,0,0,0,0,0
SOM,2655.003354,8461.008708,1251.999083,25.0000001,315.0001115,133.9999966,468.0000255,506.9997802,203.9999751,78.00000357,29.99999973,283.0000007,166.000018,472.9999928,1315.999794,300.9998792,612.0000006,2306.999463,2317.998336,1912.000477,3205.001756,2581.002174,3610.005337,1996.998227,1748.001278,1668.001245,2583.001551,5444.991152
SRB,0,34.99999982,1,0,0,2,10.99999999,17.99999993,1502.999825,9428.991305,31.99999984,77.99999968,20.99999996,11.99999999,1,6,0,1,2,0,1,0,4.000000003,1,2.000000001,0,0,0
SSD,1195.593742,791.6782836,672.4624085,440.9432722,174.3480663,304.0078963,549.7056078,7036.869507,5036.959933,3036.966839,2036.947423,1036.948475,1073.895665,1022.16959,273.8962436,139.5104836,772.1680944,460.3456177,226.7273906,2596.071676,814.7796018,2296.001925,867.0001469,3538.006748,3665.998235,102.9999965,1562.999373,4224.991817
STP,0,0,0,0,0,0,0,0,0,0,0,0,0,0,0,0,0,0,0,0,0,0,0,0,0,0,0,0
SUR,0,1.000000007,0,0,0,0,0,0,0,0,0,0,0,0,0,0,0,0,0,0,0,0,0,0,0,0,0,0
SVK,0,0,0,0,0,2.999999999,1,2,1,0,0,0,0,0,0,0,0,0,0,0,0,0,0,0,0,0,0,0
SVN,0,64,1.000000054,0,1,0,0,0,0,0,0,0,0,0,0,0,0,0,0,0,0,0,0,0,0,0,0,0
SWE,1,2.000000004,2.000000004,0,0,0.999999924,0,1,0,3.000000186,0,0,0,0,0,2.000000006,0,1.000000056,0,0,1.999999907,0,0.999999963,0,0,3.999999996,1.000000003,0
SWZ,0,0,0,0,0,0,0,0,1.999999979,0,0,0.999999998,0,0,0,0,0,0,2.000000026,0,0,0,0,0,0,0,0,0
SYC,0,0,0,0,0,0,0,0,0,0,0,0.017082112,0.049977999,0.03448472,0.016567428,0.035575884,0.022326436,0.035396497,0.002153167,0.016320824,0.033226024,0.075304232,0.029304131,0.02206937,0.028784658,0,0,0
SYR,0,0,0,0,0,0,14.99999997,70.05193161,13.61038605,6.726682976,6.805193041,13.61038611,68.05193262,54.44154383,7.402596499,23.81817577,685.5191234,340.2596115,137.0908774,44.20778908,6.805193039,11337.80678,60958.68303,50783.3487,73538.91902,55169.91292,55472.16964,41378.34528
TCD,686,135.0000032,1367.000932,313.000002,526.9999897,53,4.999999999,243.0000379,224.0000039,431.0000048,1009.999998,235.9999961,299.9999975,37.99999919,208.9999821,443.9997832,2367.999717,377.9999874,1057.000014,136.9999987,4,9.999999998,2.000000001,4.999999995,15.99999988,529.0000283,29.00000003,296.9999732
TGO,0,44.99999909,16.9999999,48.00000131,46.99999656,0,2.99999999,4.000000016,11.00000006,4.000000002,0,0,0,0,0,436,0,0,0.999999999,2.000000003,0,1.000000001,0,6.000000003,0,0,0,20.99999979
THA,41.99999996,11,39.00000003,1,17.99999998,27.99999993,23.99999987,26.99999999,15.99999999,2.99999998,14.99999998,36,39.00000006,32,341.9999997,624.00001,734.9999938,782.0000061,493.9999883,527.9999841,372.0000061,428.9999992,451.0000029,504.0000076,291.9999983,115.9999999,110.9999999,32.99999997
TJK,0,0,3391.000111,15999.94238,414.0000792,446.000068,2847.000206,139.9999998,627.0000163,6.000000005,57.00000012,118.1662632,50.00000026,9.999999976,15.08313221,1,8,1.813301162,0.711638516,16.99999999,101.9999995,27.99999992,28.41566134,3,4.558192571,18.09975877,1,0
TKM,0,0,0,0,0,0,0,0,0,1.094717843,3.90219936,6.873288954,5.832623399,5.892720715,5.00444289,10.87879043,4.424095432,3.730637496,4.768565102,5.115815135,23.35876609,6.555502644,14.69453773,4.186079638,7.002831656,3.28415353,0,0
TLS,210.9998788,357.9990863,292.9995376,373.9984831,293.0005374,374.001314,0,454.9993397,471.9996646,2617.989515,80.99999194,98.00003521,114.0000182,54.0000183,0,0,50.00000134,36.00000177,3.000000053,0,0,0,0,0,0,0,0,0
TON,0,0,0,0,0,0,0,8.999999902,0,0,0,0,0,0,0,0,0,0,0,0,0,0,0,0,0,0,0,0
TTO,39.000003,0,0,0,1.999999979,4.000000046,0,0,0,0,0,0,0,0,0,0,0,0,0,0,0,0,0,0,0,0,0,0
TUN,0,4.000000004,0,0,1,6.999999996,0,0,0,0,5.000000005,3.000000005,22.00000013,0,0,0,1.999999998,25.9999995,0,0,0,19.99999989,9.000000012,84.99999297,91.99999787,99.99999927,118.0000012,25.0000005
TUR,824.0000716,702.9999985,3012.000252,2529.00006,5057.999195,3301.00013,3416.999965,2351.99997,1979.999984,1282.000007,133,97.99999996,25,146.0000004,217.9999977,399.9999991,269.0000006,484.9999988,472.999997,143.9999999,217.0000028,449.9999958,991.9999971,1309.000224,1070.000239,1542.99998,2548.000042,2966.000791
TWN,0,7.000000003,17.00000004,0,1,0,8.999999994,0,0,0,0,2.000000001,0,0,0,0,0,0,0,0,0,0,0,0,0,0,0,0
TZA,0,0,1,0,1,0,0,19.99999997,19.00000005,12.99999994,37.99999995,161.9999977,179.0000023,2.999999998,10.99999994,9.000000014,2.000000001,8.000000005,6.999999997,2,20.99999992,19.00000008,21.00000005,32.99999993,27.00000014,29.99999994,43.00000028,42.99999973
UGA,893.0000049,1019.999999,74.00000001,0,181.9999994,681.9999935,2177.999336,1682.000109,1437.000363,1253.00024,1514.000764,206.0000026,2128.000067,3168.001219,2518.998375,1250.000171,486.0000435,193,91.99999922,58.00000004,219.0000037,10.35732281,18.61952753,32.00000003,73.00000062,20.99999996,264.9999963,27.99999987
UKR,0,0,1,0,3.999999991,0,0,2,0,1,0,0,1,0,0,0,0,0,0,0,1,0,1,1,5785.094075,2313.215989,362.3730454,478.0000117
URY,0,0,0,0,0,0,0,0,0,0,0,0,0,0,0,0,0,0,0,0,0,0,0,0,0,0,1,0
USA,22.99999983,157.9999959,14.00000025,60.99999985,46.99999944,251.9999947,44.99999927,17.00000132,23.99999871,43.00000007,40.00000079,2949.99761,54.00000004,534.0000011,901.0000004,944.9999999,921.9999987,1020.999999,472.0000012,483.9999992,563.869185,474.0000002,324.0000003,149.9999999,79.00000001,67.00000005,67.99999951,8.85036052
UZB,0,0,0,0,0,0,0,0,0,69.00000009,296.9999972,35.45422233,0,0,72.9999997,72.04488951,7.090844457,2.836337784,2.481795561,19,141.8168895,31.90880019,88.63555614,3.54542223,12.40897782,21.27253339,0,0
VCT,0,0,0,0,0,0,0,0,0,0,0,0,0,0,0,0,0,0,0,0,0,0,0,0,0,0,0,0
VEN,31,62.99999986,31.99999996,31,18,27.99999998,36.0000001,4.000000002,6,21,25,27,20,25,31.00000007,29.99999996,22,2.999999999,1,10.00000001,0,1,0,0,1,1,9.000000004,0
VIR,0,0,0,0,0,0,0,0,0,0,0,0,0,0,1.000000011,0.999999994,0,1.999999785,0,0,0,0,0,0,0,0,0,0
VNM,0,0,0,0,0,0,0,1,0,0,0,0,0,0,0,0,0,0,0,0,0,0,0,0,0,0,3,0
VUT,0,0,0,0,0,0,0,0,0,0,0,0,0,0,0,0,0,0,0,0,0,0,0,0,0,0,0,0
WSM,0,0,0,0,0,0,0,0,0,0,0,0,0,0,0,0,0,0,0,0,0,0,0,0,0,0,0,0
YEM,0,1,24.00000009,0,1502.999194,3.999999992,2.999999996,10.99999993,8.000000025,11.00000004,19.00000021,1.999999999,4.999999994,16.0000001,0,12,13.99999999,24.0000002,95.00000203,141.0000003,520.0000155,1742.999892,3386.001594,1205.999948,3008.00132,9109.008781,15210.01816,16810.95736
ZAF,371.9999953,462.0000203,801.9999049,239,509.9999791,104.9999989,82.00000046,62.99999905,88.99999959,48.00000228,45.99999934,15.99999991,18.99999999,23.00000036,33.99999999,11.00000013,9.000000007,8.999999991,35.00000037,29.00000001,22.99999999,23.00000008,170.0000012,70.99999918,104.0000004,142.9999984,84.9999996,63.99999983
ZMB,50.00000172,0,0,1,0,0,0,1,0.999999999,3.99999996,1,8,0,2.999999992,0,0,7.000000058,35.99999989,0,8.999999997,0,11.99999995,10.99999992,8.000000034,6.000000005,7.000000007,2.999999994,1
ZWE,22.99999999,0,0,0,0,8.000000136,0,0,4.000000008,1,28.99999961,31.00000024,44.0000003,5.000000008,1,3.000000003,0,4.999999994,362.0000024,9.999999973,7.000000011,5.000000007,10.00000007,7.000000019,3.000000002,11.99999997,5.999999989,4.999999979