Code,1990,1991,1992,1993,1994,1995,1996,1997,1998,1999,2000,2001,2002,2003,2004,2005,2006,2007,2008,2009,2010,2011,2012,2013,2014,2015,2016,gdp_mean3,gdp_2017,gdp_mean27
AGO,3430.798427,3359.374794,3062.042696,2252.051608,2210.066786,2465.396619,2720.521329,2839.758717,2893.334472,2873.883924,2873.19301,2898.428095,3184.020736,3213.676654,3418.325291,3987.814936,4578.827718,5443.117933,5978.323249,5908.042248,5897.682841,5911.254092,5999.902106,6188.003756,6257.152874,6227.664689,5972.451513,6152.423025,5819.494971,4209.450217
ALB,4722.838166,3345.504049,3123.512503,3444.321792,3753.169904,4278.689663,4697.153233,4214.358153,4623.026401,5280.527867,5668.574777,6176.370678,6457.050021,6855.448876,7277.214908,7733.006933,8204.588246,8754.569513,9153.788206,9524.649303,9927.181841,10207.7647,10369.82338,10492.80628,10701.12079,10970.45224,11356.34133,11009.30479,11803.43059,7254.188727
ARE,110432.465,105171.4096,102615.1703,98224.51647,99529.78072,100976.9451,101754.2957,104829.0273,100018.1038,97753.82842,102634.9243,98716.97042,95894.91443,97790.1774,98076.53316,91798.25991,88086.35738,78830.27664,71314.66882,60769.86103,57232.61808,58363.67822,59419.08949,61688.3803,63943.18583,66569.40341,67705.94933,66072.84619,67293.48276,85979.79548
ARG,10815.71512,12015.6271,13266.05286,13861.94618,14481.1082,13893.52266,14485.50768,15479.37913,15894.55805,15186.1302,14899.87005,14085.57518,12412.60599,13361.40004,14410.15052,15518.67851,16592.26489,17900.70634,18436.86247,17168.37894,18712.06308,19629.35185,19224.8744,19482.1903,18797.54795,19116.90791,18584.58,18833.01195,18933.90715,15951.6951
ARM,3742.437371,3335.601899,1976.529237,1845.319707,1992.019485,2173.36283,2336.516562,2441.181834,2639.949318,2744.430205,2924.74738,3224.141275,3669.44339,4206.975118,4673.984726,5356.614424,6110.226191,7010.627056,7558.361648,6532.964231,6702.848006,7022.103943,7511.132482,7727.929092,7971.117928,8195.93365,8190.239289,8119.096956,8787.57994,4950.154222
ATG,16381.01836,16585.67152,16503.1721,16999.17681,17683.75102,16476.33328,17097.97588,17543.73153,17887.80757,18102.20309,18908.49435,17660.52221,17591.34049,18437.50857,19282.23008,20289.71087,22606.84091,24408.18152,24111.37708,20942.30118,19212.72013,18605.31675,19047.20024,18823.75445,19573.83412,20154.94749,21013.01763,20247.26641,21490.94266,19050.75292
AUS,28658.36589,28185.7529,27969.06612,28815.46298,29646.41927,30412.07805,31179.30787,32055.38506,33174.90765,34443.86618,35377.72955,35578.64207,36553.96461,37183.68457,38225.69371,38928.04076,39445.13292,40680.18963,41331.52797,41266.86638,41464.04007,41894.17305,42754.45629,43118.08613,43547.19748,43923.25827,44493.48089,43987.97888,44648.70991,36962.69594
AUT,31341.90238,32098.49154,32411.80246,32314.97087,32964.10161,33791.80147,34539.08559,35222.25938,36443.70926,37666.41162,38844.40471,39186.337,39638.02687,39816.77412,40652.8107,41282.87999,42498.00733,43939.42529,44441.78853,42656.85416,43336.19785,44452.73275,44551.61757,44301.10403,44320.50201,44304.96776,44464.35027,44363.27335,45436.68582,39532.85725
AZE,8513.310693,8323.499345,6345.517,4806.132702,3807.507907,3319.767349,3329.134804,3488.410025,3801.002521,4046.607467,4458.998423,4862.619031,5338.076318,5891.137108,6435.448129,8051.674838,10711.18227,13243.21286,14364.99423,15393.89329,15950.25746,15754.15236,15888.218,16593.18876,16715.10552,16698.86365,16001.3234,16471.76419,15847.41883,9570.737653
BDI,1087.488728,1115.73855,1103.299109,1014.690653,959.1738301,869.8080338,789.7516667,768.1683907,794.9980703,775.3641076,754.0962802,751.388913,763.177201,730.9029513,741.7662517,724.1600123,738.0924903,747.6764747,759.3399325,760.0617234,763.8319302,771.5094237,778.7354836,790.7145176,803.1728374,748.4152713,721.1765615,757.5882234,702.225313,815.3187396
BEL,30647.82135,31093.86107,31441.97729,31018.13959,31920.55613,32613.40784,33068.39538,34212.48829,34813.86215,35971.85042,37188.64369,37361.71844,37856.86471,37990.71331,39201.52716,39802.97227,40532.27304,41623.44174,41619.34008,40355.57312,41085.91894,41248.72534,41046.48119,40928.13661,41360.39558,41708.21234,42083.6443,41717.41741,42658.57617,37587.69706
BEN,1462.677421,1473.862526,1465.570579,1497.74264,1476.539343,1515.06774,1531.642807,1571.169061,1585.785066,1621.900868,1666.467464,1703.01513,1728.696879,1734.6953,1757.902979,1735.97415,1752.95774,1805.622568,1841.188447,1831.881827,1818.778461,1820.894693,1855.953118,1934.649107,2001.077289,1987.14192,2009.618321,1999.279177,2064.236334,1723.311064
BFA,844.3421676,896.5984778,874.8064446,880.8914925,868.4635323,893.2406808,964.5869206,997.3647514,1040.667438,1086.616198,1075.395337,1114.202253,1129.740538,1183.09488,1200.417062,1266.361537,1305.924877,1338.838375,1393.696993,1392.200194,1423.377706,1472.716482,1521.454295,1562.304708,1582.333697,1596.334581,1642.322003,1606.99676,1703.101629,1223.264116
BGD,1287.933664,1301.699659,1341.763341,1374.418906,1397.318619,1437.639731,1470.907452,1504.87169,1550.318035,1590.251667,1641.958768,1692.829119,1725.632005,1775.978154,1838.76198,1929.938743,2031.271293,2148.473993,2252.168733,2339.865769,2442.728888,2570.850145,2706.586745,2835.76662,2973.041565,3132.56754,3319.352805,3141.65397,3523.983851,2040.674267
BGR,9296.952206,8596.513422,8057.403388,8001.709525,8174.895227,8446.248528,8549.747706,8508.297257,8861.855123,8376.100312,8833.446566,9350.786052,10123.37052,10730.01177,11507.0544,12419.92875,13374.91767,14463.18326,15442.15174,14984.60638,15283.29148,15676.15054,15772.09659,15997.3568,16302.32056,17000.17804,17794.54276,17032.34712,18563.30662,12088.87226
BHR,35113.33294,37996.64308,39506.17879,43499.08919,42334.37561,42896.71425,43504.5116,43624.15943,44315.45925,44562.3398,44942.36902,43887.07119,43147.49638,43187.49918,43355.30565,43201.80669,42673.08063,42755.4262,42218.14849,40717.18041,40570.53569,40164.58274,40960.33318,42680.20134,43837.34406,43926.47404,43642.97257,43802.26356,43290.70452,42375.40485
BHS,30991.96834,29152.3357,27508.44509,27081.17517,27455.03355,28221.96697,29036.65599,29307.06201,30362.39197,32142.34177,32990.76145,33271.18322,33505.41317,32391.31379,31990.34987,32401.13972,32565.70703,32409.68704,31080.15801,29263.80325,29221.99118,28941.02823,29395.61972,28871.35826,28456.81653,28407.12582,27613.51794,28159.15343,27717.8473,30062.64993
BLR,8353.906165,8249.611365,7441.588638,6860.582044,6065.001789,5451.833288,5623.240042,6290.914649,6851.859525,7114.684723,7562.883999,7960.986055,8416.042566,9072.066185,10180.00299,11213.2496,12410.32978,13539.60277,14972.26946,15035.69965,16235.17145,17166.69564,17479.9294,17656.11934,17944.20985,17229.55519,16773.19355,17315.65286,17167.96726,11297.11418
BLZ,5165.86722,5601.390136,6172.505029,6450.414883,6330.605036,6208.550173,6099.414071,6089.648567,6079.393137,6371.319544,6960.676754,7089.948371,7247.575992,7719.672688,7875.045458,7873.144593,8022.386276,7902.772467,7951.197453,7809.849846,7876.809586,7857.248066,7974.034168,7856.379109,7999.573692,8127.659294,7919.147241,8015.460076,7824.362459,7159.163975
BOL,3707.24493,3826.432549,3813.526471,3898.646344,4000.832354,4106.168962,4201.558009,4323.761615,4453.294757,4386.792444,4412.255566,4403.716952,4431.306088,4470.309111,4575.172868,4694.916606,4836.432529,4972.49627,5191.131904,5278.038268,5407.47022,5598.508445,5792.933051,6090.69557,6324.827258,6531.519398,6707.956184,6521.43428,6885.828577,4904.420475
BRA,10344.86439,10319.92934,10099.77562,10398.16036,10776.43311,11072.72529,11137.58926,11334.82075,11197.70194,11081.65462,11370.97094,11368.46645,11559.5606,11541.97503,12058.20771,12298.58795,12643.56501,13268.4139,13802.81799,13649.86584,14537.56719,14973.09847,15119.91214,15432.89363,15374.26151,14702.59127,14077.12141,14717.9914,14103.45153,12487.39226
BRB,14434.32932,13823.55535,12811.33465,12920.47211,13364.41105,13583.13204,14074.24177,14680.36416,15166.43871,15172.06715,15467.82067,15049.85619,15125.94201,15414.42461,15582.55022,16151.55849,17008.26325,17244.75307,17189.23225,16433.45664,16417.96245,16472.0832,16463.765,16409.91709,16359.19074,16458.10353,16741.37976,16519.55801,16978.06769,15464.23833
BRN,84672.3915,84879.79213,86423.28356,84290.36664,84607.17457,86116.01773,86411.96446,83138.22352,80813.33691,81476.15172,82049.58086,82596.77622,84125.44059,84970.73553,83942.21941,82967.11276,85424.55836,84503.53876,81905.65813,79512.75501,80552.86447,82434.88309,81993.93208,79070.24593,76089.28657,74600.1643,71788.78339,74159.41142,71809.25058,81898.80317
BTN,2325.241884,2315.740538,2448.530372,2537.303845,2697.03839,2896.949919,3032.228139,3137.937414,3241.365254,3403.551845,3538.773616,3723.981551,4009.251956,4198.587428,4329.159846,4521.985678,4719.665364,5446.362486,5592.162848,5851.678019,6419.675599,6805.878456,7032.74666,7070.792468,7366.424126,7743.337996,8253.293783,7787.685302,8708.597121,4763.151521
BWA,8110.440465,8476.569852,8489.525116,8427.248164,8516.859696,8903.746295,9217.414228,9753.109608,9635.307714,10378.8152,10410.70268,10278.62582,10749.25103,11094.50139,11239.03258,11583.21959,12362.92919,13175.17963,13768.33844,12499.4074,13334.1988,13889.27047,14244.49431,15568.27337,15914.67023,15356.77092,15727.1678,15666.20298,15807.37359,11675.44441
CAF,925.0538529,897.1031407,817.4585969,798.1771936,815.1365735,851.6480711,797.8179864,820.6385925,840.0841927,851.5964989,813.0415579,832.2279245,845.6846565,785.159427,817.1706459,810.0349482,833.7663895,857.0792965,860.6778285,863.692983,881.1445508,904.6104858,938.8237795,593.0559545,597.135169,621.5698429,642.873494,620.5261686,661.2399677,806.2037
CAN,31299.65457,30220.36078,30115.28124,30578.44562,31646.81026,32226.22694,32394.57787,33425.81513,34424.05206,35903.15453,37431.91698,37712.12824,38500.31708,38805.67111,39604.35486,40471.26053,41203.3504,41647.38781,41611.25081,39924.1959,40699.35513,41565.27122,41794.53892,42339.37888,43079.14252,43149.47584,43238.2596,43155.62599,44017.59091,37822.47235
CHE,48181.75578,47147.53929,46610.1898,46129.44181,46344.26035,46256.97059,46301.83304,47271.35553,48540.27293,49128.03357,50775.97634,51117.88744,50815.15316,50459.50291,51505.09237,52770.46893,54531.9937,56269.1565,56755.83813,54805.57929,55866.30507,56183.83259,56149.67086,56535.74005,57218.02793,57264.1574,57421.5485,57301.24461,57410.16586,51991.70535
CHL,8991.846477,9538.654631,10437.98489,10956.11456,11336.78427,12172.25856,12819.8977,13587.50678,13991.42305,13758.91443,14315.42606,14613.80387,14895.54019,15332.29703,16258.38895,17007.57982,17890.59972,18572.56839,19031.61643,18547.46153,19442.05032,20437.70453,21330.23991,21998.30715,22195.27437,22516.60786,22614.39367,22442.09197,22767.03719,16334.22437
CHN,1526.408699,1645.666366,1856.722181,2090.03841,2336.277721,2564.071317,2789.2528,3015.699631,3221.002621,3438.074685,3700.743648,3980.364498,4314.791343,4718.326346,5164.641095,5719.455366,6411.042544,7285.274415,7947.787952,8651.725901,9525.818483,10384.3666,11145.75158,11951.24796,12758.64779,13569.89153,14400.88506,13576.47479,15308.71212,6479.381738
CIV,3193.758531,3083.890945,2970.47508,2864.708804,2793.440697,2898.400745,3027.80288,3049.486821,3111.50077,3081.198619,2947.606573,2889.94571,2788.347363,2701.769483,2686.665668,2682.448861,2670.229356,2662.331114,2672.337082,2698.554349,2690.258002,2511.420195,2712.378026,2879.850217,3054.534874,3241.612056,3424.964021,3240.370317,3601.005901,2913.961527
CMR,3020.491911,2822.219192,2657.992144,2380.037889,2365.552395,2383.748573,2424.402695,2487.663546,2535.558413,2578.98146,2603.771592,2648.546705,2689.891737,2739.685104,2848.654228,2829.19069,2848.724658,2907.826607,2927.844648,2911.296669,2929.829113,2969.047575,3021.20597,3100.17131,3196.361526,3289.064546,3346.817793,3277.414622,3364.926056,2815.339455
COD,1386.830748,1224.064884,1053.550567,876.7283688,812.4086094,792.0938246,762.4551086,702.2305165,675.2589798,631.5219396,573.1708503,545.8516038,545.6887703,558.7015428,577.8607385,594.0770303,605.8631667,623.1286665,640.4783066,637.2751488,660.2109558,682.4321554,706.7979638,741.6184302,785.3473407,812.4033701,805.0642641,800.938325,808.1332134,743.6159666
COG,5140.416146,5122.260941,5114.784771,4928.001902,4530.730304,4582.106819,4645.978468,4487.209498,4523.627153,4283.324088,4480.147677,4524.171563,4604.574502,4515.665444,4539.273904,4742.93598,4875.937296,4637.212916,4730.033797,4918.072012,5186.344788,5213.946921,5271.16806,5317.086292,5538.052941,5542.892982,5250.867608,5443.937844,4881.405744,4861.722518
COL,7533.518385,7562.697695,7799.908974,7844.022737,8160.120713,8442.850813,8478.951104,8634.469088,8553.380914,8073.372693,8308.22295,8327.070759,8415.759119,8625.24657,8963.595329,9263.730173,9760.134926,10306.94749,10547.26039,10599.9626,10900.50528,11496.47771,11840.24043,12296.29554,12715.96739,12985.38313,13135.0099,12945.45347,13254.94922,9743.787572
COM,1599.95155,1469.780491,1549.202531,1550.214085,1427.110431,1437.832802,1380.824339,1398.340257,1379.365152,1370.115389,1480.917674,1478.578216,1476.84428,1472.413878,1465.457301,1471.559414,1474.827429,1451.421611,1422.622349,1415.84569,1412.502687,1414.611723,1422.229487,1437.004907,1432.088748,1413.059277,1411.152339,1418.766788,1413.890036,1447.491574
CPV,1656.907503,1641.516851,1774.627171,1877.285579,2177.550633,2423.288843,2632.979451,2858.333471,3145.619747,3425.087925,3835.238606,3844.508364,3971.288249,4064.843649,4407.340031,4643.455384,4949.2259,5633.93311,5944.038825,5806.646232,5828.241588,5991.77849,5986.939054,5963.907977,5928.199025,5915.122633,6065.27874,5969.533466,6222.554166,4236.276328
CRI,7787.161762,7787.094362,8289.665371,8655.232665,8820.050146,8960.615427,8855.114976,9129.620401,9545.785839,9712.485384,9878.288691,10040.57414,10201.58772,10473.91634,10768.74136,11025.47676,11656.21429,12433.2016,12834.93616,12543.9779,12999.99219,13397.23054,13878.0474,14035.28798,14372.40078,14738.60762,15195.00141,14768.66994,15524.99456,11197.90371
CYP,23300.67477,22873.16733,24366.28993,23951.42271,24845.33797,26465.09469,26393.82716,26689.9653,27745.051,28761.09516,30085.77412,30834.90981,31519.72406,31909.93263,32924.9335,33662.8529,34599.02451,35502.95597,35960.35272,34387.34837,33941.13802,33192.37985,31690.70277,29879.56721,29786.17439,30549.10097,31331.393,30555.55612,32415.13223,29984.47582
CZE,20023.13599,17739.9967,17632.09962,17624.68478,18130.89102,19270.69939,20107.85346,20009.83181,19962.96129,20269.69866,21193.90171,21892.48253,22297.22475,23107.20388,24233.59699,25781.20471,27473.62712,28844.06719,29373.10923,27803.58716,28352.9494,28797.41796,28527.13873,28379.74612,29119.61661,30605.42052,31338.87521,30354.63745,32605.90633,24303.53317
DEU,31287.06981,32646.56184,33022.57555,32492.51853,33175.70858,33653.12964,33830.30566,34405.51921,35081.30421,35755.29931,36764.56293,37325.05255,37262.35129,36977.34601,37418.0925,37703.93294,39143.16624,40473.52745,40989.44311,38784.45248,40428.72103,42692.51976,42822.0994,42914.47611,43560.61924,43937.94713,44431.82284,43976.7964,45229.24529,38007.47752
DMA,6730.022762,6778.965202,6905.278099,6997.687803,7081.637577,7221.985961,7436.010087,7588.680128,8018.926227,8118.417205,8175.435071,8214.820704,8053.001213,8638.77133,8883.297399,8844.293237,9080.261433,9634.767146,10302.8277,10160.15211,10198.27337,10135.27403,9981.101135,9871.672665,10255.21705,9941.894925,10151.34256,10116.15151,9673.366962,8681.192182
DNK,33785.65014,34167.71928,34721.38178,34609.58309,36332.21734,37237.72328,38101.40552,39180.68656,39904.59561,40945.27924,42337.71437,42533.53926,42595.58722,42645.58313,43670.4453,44567.93131,46159.91374,46373.51666,45865.79596,43382.62546,43998.43667,44403.39415,44336.81246,44564.45216,45057.07417,45458.69715,45991.22478,45502.33203,46682.51472,41771.8393
DOM,5477.061465,5421.621565,5914.579688,6230.928137,6276.20558,6515.903229,6787.852738,7269.326961,7633.154969,7959.225317,8200.378427,8272.127247,8511.690706,8270.293527,8356.82634,9011.512148,9697.823176,10271.22129,10455.48321,10412.601,11132.55269,11333.54709,11494.94971,11907.20486,12663.04225,13395.9168,14120.21164,13393.0569,14600.86058,9199.789369
DZA,10236.84066,9869.48837,9815.463823,9400.054424,9126.271624,9295.420114,9509.687657,9461.355117,9796.739936,9968.967712,10211.00186,10382.18684,10826.48765,11459.89356,11797.18485,12322.48426,12348.48121,12570.6547,12660.40324,12647.5403,12870.6027,12990.34502,13161.96167,13253.61548,13483.33786,13724.72385,13921.18002,13709.74724,13913.83936,11465.22192
ECU,7472.025128,7611.733255,7595.025335,7571.244874,7720.724316,7726.192086,7696.583402,7867.057933,7964.486069,7443.335645,7387.615879,7550.257275,7727.717349,7808.192201,8311.701354,8607.765409,8837.380686,8879.636854,9285.864407,9183.552558,9352.344237,9926.903441,10322.1789,10665.46258,10901.41856,10749.12887,10424.26415,10691.60386,10581.93643,8684.704614
EGY,5909.161575,5836.66634,5965.070541,6013.884613,6130.748719,6292.662391,6482.553363,6712.639989,6856.417675,7142.670243,7388.356411,7507.687261,7541.324229,7635.660607,7800.348919,8001.516541,8398.874535,8838.524796,9305.414955,9561.847569,9857.468282,9823.823287,9822.420181,9814.21213,9879.799359,10095.61017,10324.10114,10099.83689,10550.2065,8053.202583
ESP,23758.7281,24301.69219,24407.67554,24030.97766,24486.82293,25051.23368,25614.3895,26448.37866,27473.30696,28589.30859,29967.13145,30950.57323,31395.27602,31815.42134,32261.44449,32901.98773,33700.85211,34329.647,34163.94639,32652.51218,32507.09397,32068.27093,31109.18746,30678.9173,31195.40524,32291.1552,33320.37272,32268.97772,34272.36038,29848.00246
ETH,651.9530906,584.3418123,514.7901555,561.936987,560.005935,574.8370982,626.1078843,626.4422652,587.2724941,599.9521059,618.2422187,650.4534965,641.5270258,609.9424177,673.4260045,732.3804985,789.8703701,856.9948399,924.518762,979.6225122,1073.826295,1162.783317,1230.575484,1325.755137,1424.526984,1533.107632,1608.293476,1521.976031,1729.926639,873.3361764
FIN,28905.57032,27047.8399,26002.07995,25686.51002,26583.53333,27596.41289,28512.4344,30205.02044,31760.2768,33094.83843,34887.1788,35706.15333,36218.24016,36852.44392,38188.25109,39115.76479,40546.08073,42467.261,42574.64114,38867.79945,39848.1345,40683.52758,39912.94136,39428.31206,39017.53721,38941.7636,39659.16604,39206.15562,40585.72103,35317.69408
FJI,5891.290081,5678.875631,5951.983191,5994.266403,6212.418935,6287.005516,6513.375984,6302.722022,6325.183922,6829.074678,6673.847391,6782.284404,6986.677956,7048.447941,7406.361842,7426.778763,7513.217106,7383.264069,7384.086057,7208.005111,7352.08836,7488.829381,7537.926213,7839.874778,8222.253784,8477.64473,8447.264179,8382.387564,8702.975322,7066.715134
FRA,29514.85381,29797.86241,30124.36653,29810.36251,30396.17548,30918.06796,31236.41334,31853.63066,32865.04648,33810.40325,34880.88182,35304.73072,35440.92191,35479.01035,36200.07627,36505.84873,37113.18341,37755.29451,37618.20734,36324.36154,36855.84468,37440.64149,37327.9444,37350.27827,37523.72758,37766.37411,38062.63973,37784.24714,38605.6709,34781.52929
FSM,2721.056867,2850.138504,2887.963474,3047.310307,2970.348196,3136.437906,3016.744082,2829.629773,2920.371435,2972.370821,3119.115444,3181.519429,3206.050234,3273.576579,3178.199972,3255.204632,3266.699213,3221.063128,3167.71663,3220.976301,3297.656934,3412.906554,3343.876355,3208.682874,3130.05445,3271.267021,3253.479755,3218.267075,3299.463856,3130.710026
GAB,19500.92869,20142.69773,19006.29292,19242.55029,19445.00155,19895.83748,20101.51223,20727.8798,20919.51191,18582.04149,17782.69815,17714.37601,17231.37463,17171.07978,16832.48196,16803.54675,15860.37563,16312.57632,15288.14489,14822.39055,15355.78465,15893.54772,16159.72185,16503.06836,16678.63813,16836.78342,16756.69447,16757.37201,16562.41336,17647.49824
GBR,26827.84226,26454.40981,26481.63157,27085.78766,28065.18545,28682.34216,29335.69611,30441.83937,31305.68625,32205.15089,33266.11643,33981.37759,34669.51824,35656.178,36292.18203,37159.79896,37793.6185,38384.25197,37903.38193,36042.42423,36366.98318,36607.98109,36892.85031,37398.79722,38251.79248,38839.16696,39309.32708,38800.09551,39753.24389,33980.52006
GEO,8006.504234,6272.848256,3429.673064,2406.214394,2177.919968,2294.775619,2616.965937,2946.176877,3067.641463,3180.324078,3263.859262,3445.579442,3658.707497,4116.196084,4414.776661,4902.092934,5432.077541,6183.343492,6408.060335,6254.867608,6733.783761,7315.090898,7881.329048,8254.010766,8749.156189,9025.133143,9276.766245,9017.018526,9745.078904,5409.248346
GHA,1919.601511,1965.727718,1985.952862,2025.608251,2036.876143,2066.197615,2107.827044,2143.494406,2191.031352,2232.828444,2259.063142,2291.016296,2333.681984,2392.325987,2461.322274,2539.329254,2632.027828,2675.443544,2845.234552,2907.546933,3059.383626,3404.459566,3632.44568,3807.342653,3868.600894,3926.709045,3982.769467,3926.026469,4227.629844,2711.481354
GIN,1411.948921,1373.106679,1337.349372,1325.499305,1308.515255,1311.962151,1326.448782,1360.804872,1382.975373,1410.730551,1420.633253,1445.915435,1492.932148,1483.564849,1489.423986,1504.031193,1490.720855,1558.541551,1587.41529,1534.97162,1573.544958,1625.560273,1684.153841,1711.708994,1734.736747,1758.315595,1894.441299,1795.831214,1998.92572,1519.245674
GMB,1506.404687,1499.742164,1502.582414,1503.878969,1464.840365,1437.018694,1428.138718,1456.33983,1464.758279,1513.555465,1549.585721,1589.585991,1490.01167,1541.994706,1598.325762,1533.249642,1501.800772,1507.698583,1544.52974,1593.016555,1644.242366,1524.768774,1560.330276,1584.753591,1550.218432,1568.036025,1554.897138,1557.717198,1561.766843,1527.716863
GNB,1573.87189,1614.466679,1592.840762,1587.792282,1601.854753,1637.656386,1793.032334,1876.126545,1326.240169,1316.926217,1363.340995,1366.492649,1325.822659,1305.426386,1312.522899,1338.295521,1338.349987,1350.202744,1360.632824,1372.54239,1400.363293,1475.38909,1412.954212,1421.34057,1398.254806,1446.489402,1498.839838,1447.861349,1548.674703,1462.740821
GNQ,999.5045346,958.3529011,1250.128517,1342.452899,1513.077871,1715.227531,2752.926121,6620.818906,7876.198479,9507.224158,10792.73302,16932.00272,19418.69467,21230.11107,28076.34898,31372.08279,32300.73714,35570.72507,40015.81919,38738.15203,33723.3658,34363.15291,35632.04564,32736.09743,31542.51077,27554.19987,24240.4283,27779.04631,22604.87329,19692.14259
GRC,20686.13676,21072.93327,21058.96205,20600.47676,20907.53901,21247.0409,21759.06123,22622.91379,23374.15277,24000.13589,24839.07591,25731.20927,26642.76896,28119.40736,29469.5266,29559.28139,31136.44696,32073.9604,31881.71235,30430.41942,28726.07928,26141.31959,24364.26906,23746.08457,24081.63054,24170.30184,24211.74089,24154.55776,24574.38248,25258.17748
GRD,7241.559208,7328.878251,7210.877337,6990.019357,7029.738831,7118.56539,7394.600992,7740.442239,8633.436523,9217.768977,9651.488815,9434.79802,9735.111027,10627.81399,10530.10104,11893.82082,11384.65713,12043.5899,12117.64806,11276.48656,11177.99972,11220.82837,11048.50429,11262.6988,12038.47087,12757.96625,13167.05216,12654.49643,13593.87692,10031.02857
GTM,5100.779193,5165.020568,5289.275622,5369.69987,5458.011297,5598.12004,5634.755905,5750.513678,5904.334176,5994.87089,6070.72006,6069.477514,6157.565888,6166.11241,6213.129857,6269.155585,6458.000891,6713.146445,6781.899637,6669.999875,6714.063596,6844.49564,6899.108739,7005.026928,7147.429228,7292.719104,7368.610322,7269.586218,7423.807592,6268.923234
GUY,2843.143276,3009.326729,3228.323017,3468.687223,3740.219537,3911.50775,4216.71299,4487.24271,4425.460336,4573.024541,4521.902893,4630.025552,4681.045528,4634.155484,4788.106597,4698.82104,4948.724479,5308.387985,5424.595121,5621.963301,5847.857255,6130.837616,6420.114762,6696.783715,6906.012309,7076.935019,7266.335285,7083.094204,7435.04709,5033.617826
HKG,26974.16489,28276.77092,29788.63609,31097.0888,32239.85749,32358.04542,32271.38367,33635.9385,31394.06894,31875.11733,34016.64226,33956.26233,34366.2671,35486.59273,38274.26017,40922.88508,43520.46272,45937.39283,46635.08799,45390.45286,48107.70863,50085.95933,50378.33792,51732.44253,52789.42536,53591.83582,54412.92494,53598.06204,56054.91983,40198.96187
HND,3171.671357,3181.948879,3266.199993,3372.661065,3236.494078,3275.710256,3301.644545,3373.927752,3380.351462,3230.298484,3328.510589,3332.932069,3372.357245,3440.154359,3568.148416,3697.169854,3852.213734,4002.205166,4084.298699,3904.459519,3971.182994,4046.076252,4136.822058,4177.580271,4231.325067,4319.470118,4406.773532,4319.189572,4541.795257,3685.870824
IDN,4625.37726,4859.926323,5088.868858,5331.065663,5642.402865,6012.811027,6387.013857,6591.199095,5645.574397,5611.217416,5805.808706,5934.13705,6115.567871,6319.670417,6546.494324,6824.606311,7102.11454,7450.602158,7792.629931,8044.97033,8433.497357,8837.820122,9251.175537,9643.27483,10003.08903,10367.70199,10766.37145,10379.05416,11188.74402,7222.276169
IND,1754.85733,1737.615043,1796.53235,1845.149081,1930.113047,2036.795929,2149.365504,2194.90259,2288.047839,2445.751079,2495.046633,2570.427887,2623.330279,2783.004355,2955.204824,3178.828724,3419.931107,3698.77749,3786.632677,4049.805115,4404.697005,4635.879137,4827.559656,5073.605489,5385.141814,5756.664665,6095.722796,5745.843092,6426.674406,3369.50228
IRL,21453.2404,21741.85066,22315.9676,22802.5875,24020.1935,26199.73073,28023.12117,30598.29853,32854.72152,35935.79134,38849.86076,40455.3012,42289.06502,42903.67322,44940.94648,46613.55709,47879.02361,48937.49415,46062.62864,43487.47903,44030.41415,45147.37624,44973.17526,45470.15851,48898.32866,60818.04624,63227.20798,57647.86096,67335.29341,40295.16188
IRN,11392.56363,12546.8602,12706.50171,12679.66986,12334.55194,12438.9701,12868.45557,12698.01137,12732.91605,12612.48345,13135.47202,13047.44756,13812.83121,14838.30032,15308.45479,15616.25466,16211.47406,17338.12648,17187.28763,17162.05336,17942.83284,18192.1056,16625.91922,16383.26035,16924.20068,16500.90051,18497.67433,17307.59184,19082.6196,14957.79283
IRQ,11521.73054,4033.031107,5198.14861,6575.402561,6624.892218,6560.741918,7061.035635,8296.622773,10845.23691,12368.64283,12176.81465,12105.02473,10959.01575,7134.574829,10710.55506,10895.4632,11703.47332,11575.28738,12217.44846,12299.40046,12717.59753,13261.60145,14625.97401,15223.58271,14838.38295,15072.86867,16242.06902,15384.44021,15663.98607,11018.16448
ISR,20520.4105,20814.95641,21668.21961,21968.47512,22997.03,23870.01265,24489.33596,24759.60197,25208.11143,25462.87485,26824.70512,26206.43637,25725.46735,25459.08374,26156.04064,26761.23046,27662.34576,28744.35656,29082.06885,28787.49869,29743.00587,30558.39128,30582.15371,31250.80201,31702.08354,32024.35277,32688.4081,32138.28147,33132.3203,26958.9207
ITA,31141.90286,31599.12068,31841.10915,31550.27191,32222.36069,33152.04099,33569.06299,34167.09526,34709.27281,35244.75654,36535.81877,37162.42334,37199.35237,37090.40522,37434.10009,37604.36062,38243.80633,38612.01165,37954.16066,35710.42,36201.16157,36347.34248,35227.62483,34219.83278,33945.84388,34302.0374,34655.26276,34301.04801,35220.08379,35102.25152
JAM,7285.747238,7577.463513,7657.727888,8300.016978,8333.58154,8447.428582,8356.956898,8182.335855,7916.217445,7927.765154,7931.258686,7977.435634,8081.118325,8324.693746,8384.61017,8410.557452,8605.460069,8680.920903,8565.228626,8153.001926,7996.019488,8099.155573,8016.04319,8025.471361,8051.244028,8095.261867,8179.62034,8108.708745,8193.57065,8134.139754
JOR,6283.255604,6069.134513,6812.149004,6751.223008,6754.880414,6895.206587,6825.007646,6881.670401,6950.139348,7062.437155,7234.964751,7483.647731,7775.790134,7935.330953,8399.124065,8799.589956,9158.945771,9493.477498,9714.782337,9749.143628,9472.768326,9214.206624,8964.263431,8756.710839,8622.185468,8491.050311,8389.604574,8500.946784,8337.489701,7974.220706
JPN,30582.42797,31529.57554,31718.1343,31476.07477,31680.53793,32425.22995,33345.87683,33624.48056,33154.84458,33010.98092,33871.85822,33927.64363,33888.78348,34333.13367,35078.26199,35658.14867,36141.58524,36697.2409,36278.36947,34317.67082,35749.75668,35774.69671,36367.59706,37148.60275,37337.31741,37882.98062,38282.50467,37834.26757,39002.22332,34653.09067
KAZ,13050.4865,11542.5625,10938.39019,9998.154353,8866.092277,8282.94719,8451.398817,8731.950125,8715.184514,9036.156102,9951.563906,11314.25077,12422.53484,13532.2312,14728.61641,16014.30786,17541.32577,18885.24324,19272.21401,18995.89485,20096.55976,21276.93402,21986.31892,22972.43103,23587.33752,23524.06044,23447.0157,23519.47122,24055.58832,15400.63397
KEN,2380.495384,2337.129697,2245.600112,2184.390995,2174.820128,2204.389887,2230.448074,2178.626923,2188.650227,2178.330492,2132.161897,2153.126304,2106.725655,2110.253217,2158.267935,2224.031001,2303.831264,2394.837644,2335.252407,2347.197992,2476.010742,2556.962872,2602.597687,2683.045833,2753.236135,2835.99661,2926.532502,2838.588416,2993.028448,2371.284931
KGZ,3474.667969,3149.934886,2681.332781,2266.164404,1811.643448,1696.363515,1789.853966,1938.83581,1949.832931,1991.301566,2074.505287,2164.268295,2144.12125,2270.924677,2401.265004,2370.166045,2417.579471,2599.206018,2790.9349,2837.031419,2790.170664,2920.60321,2869.838962,3120.542044,3181.642163,3237.602937,3309.859929,3243.03501,3393.473613,2558.702399
KIR,1961.120713,1926.847667,1915.959331,1908.372447,1917.171206,1891.051506,1894.417653,1895.318193,1985.772102,1921.851538,2007.130484,1944.169156,1983.497268,1987.968401,1920.004399,1976.16037,1904.991365,1905.481251,1829.829439,1796.298077,1731.538627,1706.480953,1762.060349,1830.937792,1815.128315,1967.302051,1955.155799,1912.528722,1981.131869,1900.826726
KNA,14326.22524,13957.26331,14431.79867,15263.81613,15874.88119,16585.38256,17366.46402,18363.84813,18047.43553,18447.923,20173.27281,20990.5274,21231.99414,20176.73884,20614.65979,22127.64713,22254.38183,21959.39905,23086.47143,22145.49681,21412.20145,21689.30389,21319.23496,22399.09224,23483.01238,24169.85992,24463.61725,24038.82985,24654.3854,20036.29766
KOR,11632.59856,12710.59974,13356.02923,14126.25352,15272.29744,16566.4157,17655.53145,18526.58138,17386.98682,19216.14147,20756.7799,21530.26336,22997.18714,23549.36645,24605.53486,25516.82419,26697.03261,28013.70442,28588.37212,28642.8379,30352.10482,31228.5107,31776.89703,32548.71552,33425.68959,34177.65447,35020.41151,34207.91852,35938.37422,23993.41772
LAO,1708.034226,1731.964619,1778.6015,1834.494508,1935.156945,2023.606497,2117.863837,2218.939126,2264.76694,2388.26723,2485.025142,2586.566495,2698.441304,2819.896388,2954.19979,3114.998445,3328.34598,3520.745005,3732.007533,3946.861002,4218.782044,4495.15215,4794.108611,5115.592478,5436.482643,5755.059505,6073.223695,5754.921948,6397.359825,3338.376552
LBN,7857.72417,10664.34866,10870.1597,11314.13476,11916.51377,12449.35634,12928.70699,12544.37329,12906.23864,12673.99224,12531.82228,12534.64355,12363.01704,12145.56579,12325.0582,12269.32097,12243.78809,13293.12842,14597.62576,15788.40732,16451.75983,15693.68728,15057.28703,14400.6408,13831.37523,13352.71339,13267.8857,13483.99144,13367.56502,12915.7443
LBR,875.1895802,764.160812,505.2555263,342.4516117,266.2440396,247.4365395,262.5270328,503.1279405,605.6555477,687.8668645,838.6989396,832.4127724,843.5061996,579.1379729,583.0548795,597.8870314,624.0454923,656.871762,674.9848368,683.0614422,699.6537215,734.3262738,771.9054262,818.5893908,804.7198867,785.2468867,753.557379,781.1747175,752.7878395,646.2272724
LCA,9831.000902,9748.750979,10376.18689,10320.18905,10380.27526,10426.74054,10592.5256,10390.98134,10894.39389,11047.23643,10926.55907,10463.23281,10413.40953,10782.20453,11472.73017,11328.99031,11910.74063,11892.86239,12421.86358,12436.01409,12123.83514,12112.40013,12064.76572,12415.73105,12335.53651,12522.04023,12671.25805,12509.6116,12951.83888,11330.51049
LKA,3612.338545,3733.28328,3853.387638,4076.092913,4263.973735,4461.818646,4599.855712,4866.842881,5069.66185,5259.81413,5541.909734,5418.438694,5590.037015,5874.019364,6143.59281,6476.240103,6921.245944,7339.197073,7723.239233,7945.071817,8529.571442,9193.359509,9980.022952,10238.71154,10650.39018,11079.71068,11445.46436,11058.52174,11669.07668,6841.298874
LSO,1379.399899,1447.893255,1518.327647,1540.893274,1602.968627,1628.364735,1694.573465,1734.833859,1741.459009,1731.566983,1781.183614,1827.744124,1825.144406,1892.661991,1909.134943,1959.283898,2025.417132,2105.497115,2227.571688,2253.833856,2365.683461,2500.014871,2617.302097,2631.004823,2677.198078,2708.148539,2736.354895,2707.233837,2851.152754,2032.664751
LUX,57618.0207,61765.60104,62059.65311,63804.28576,65346.19924,65357.50427,65369.09583,68240.70365,71471.05669,76492.38825,81689.8164,82766.98904,85032.71188,85374.33983,87209.8194,88610.28987,91724.18249,97864.1951,94900.34672,89098.73424,91743.29389,92005.01684,89505.15896,90656.38042,93655.33416,94088.59223,94920.95872,94221.62837,94277.96536,81523.1655
MAC,40365.34557,40680.11764,44984.80721,46310.13021,47307.06358,47887.11311,46731.77119,45673.19472,42705.36028,40824.84139,42225.49708,42443.30953,45126.65656,49153.46679,60810.59281,64199.25919,71160.18036,79743.38201,80762.39969,80121.22302,98184.3365,116752.2116,124568.5999,135318.7544,130755.1607,100444.5936,97751.73216,109650.4955,104861.8511,70280.46257
MAR,3912.005724,4118.022928,3960.066109,3863.407859,4203.00594,3915.217615,4337.143266,4212.621511,4460.469675,4453.466601,4483.808406,4754.192333,4843.989892,5071.7173,5252.301097,5361.662834,5700.923327,5834.012241,6106.845445,6287.870644,6443.253613,6688.402606,6791.335135,6995.938186,7078.881489,7296.934401,7285.908321,7220.574737,7485.012951,5399.94348
MDG,1653.1589,1504.215132,1477.697724,1464.148966,1419.309762,1399.81077,1385.944942,1392.545225,1402.256119,1422.096303,1444.029429,1484.407782,1257.293553,1339.256331,1368.181585,1389.500912,1417.278583,1462.858323,1523.019873,1421.188472,1385.685072,1367.543082,1370.950275,1364.345909,1372.020961,1377.168213,1396.669615,1381.95293,1416.439507,1417.107904
MEX,13070.44455,13354.21335,13565.09607,13839.92309,14248.74747,13111.47125,13759.33102,14460.48023,14970.26818,15155.63865,15682.81217,15415.20023,15218.79343,15251.14064,15648.34233,15791.53703,16258.54005,16371.75155,16293.0313,15185.53739,15715.97214,16049.36424,16394.63067,16385.05961,16622.59705,16938.60541,17206.63432,16922.61226,17336.46907,15332.20116
MHL,2907.880972,2839.769649,2986.911287,3123.924624,3273.074916,3511.351429,3125.92721,2907.9771,2812.590393,2737.050659,2893.836644,3047.641249,3128.862066,3136.711119,3142.962279,3235.774524,3280.81341,3396.818863,3335.763023,3274.794201,3479.155303,3513.291213,3626.424778,3720.958116,3685.462574,3665.375373,3730.333989,3693.723979,3819.20212,3262.165682
MKD,9633.199073,9052.024877,8477.488081,7862.591149,7733.416201,7641.236887,7707.732713,7779.01119,7992.050944,8288.010033,8620.649199,8323.414678,8422.676187,8590.987024,8976.737029,9386.02697,9854.447746,10480.62426,11043.82773,10995.10179,11355.36749,11611.85199,11549.66814,11877.77368,12298.49018,12759.8166,13120.87251,12726.3931,13111.21357,9805.225283
MLI,1271.794077,1390.400729,1312.911199,1319.270986,1332.849318,1309.962932,1366.486241,1396.034678,1463.149844,1505.535855,1462.919767,1639.203242,1639.92608,1734.886394,1706.956336,1760.693934,1783.110326,1784.878485,1808.887626,1832.808081,1871.984744,1874.70303,1804.942604,1793.723666,1865.160622,1919.228421,1971.08448,1918.491174,2014.30587,1640.635699
MLT,16176.49077,16731.51044,17336.59724,17933.39855,18770.45686,19822.29923,20436.44237,21348.60451,22297.45762,23211.86921,24623.95372,24588.37426,25133.72695,25604.10924,25545.49282,26343.58536,26727.77817,27696.50573,28437.73786,27529.19297,28364.79932,28618.50259,29131.73091,30050.13114,31846.18954,34087.08151,35058.43078,33663.90061,36513.32344,25355.92047
MMR,742.9708935,728.0316749,788.3884299,826.1329063,877.4658474,927.0256813,974.2343699,1015.881079,1061.399627,1162.586326,1306.443236,1438.032802,1593.458886,1795.595797,2020.124804,2274.884736,2553.18939,2840.44801,3112.239736,3418.408661,3721.21144,3898.414627,4148.698196,4457.901329,4770.012099,5056.859041,5305.047137,5043.972759,5591.59688,2443.095844
MNG,5122.531607,4605.980667,4131.96682,3966.209989,4020.141059,4243.836175,4303.988873,4435.082313,4544.502058,4643.482263,4655.022604,4748.226602,4924.356135,5214.603003,5705.033517,6047.134735,6483.534998,7055.138106,7576.481363,7367.785987,7708.599994,8881.48475,9788.825022,10720.06215,11348.64734,11411.94211,11361.00642,11373.86529,11840.84612,6673.444742
MOZ,378.5342735,387.0232878,354.2845353,370.4504103,378.2752827,373.4353116,459.4264753,495.421676,540.0946165,567.5070211,561.6127534,615.3098217,650.1524781,672.1550957,703.3921868,742.4240037,791.927644,826.162668,857.5268817,885.7385176,917.763832,954.7991162,994.1248942,1034.589423,1079.823866,1118.222844,1127.347264,1108.464658,1136.102564,713.3438837
MRT,2806.73383,2781.480615,2759.187038,2843.770064,2681.622684,2861.843656,2939.725671,2735.963972,2726.338139,2847.717627,2751.155549,2724.593151,2663.96032,2743.128115,2819.081969,2985.690698,3449.960156,3448.64871,3388.835433,3259.07635,3316.97478,3371.994582,3462.56176,3565.521999,3655.388509,3601.614223,3572.280392,3609.761041,3597.63253,3084.374376
MUS,7386.824387,7631.636037,8022.409719,8330.761304,8554.71954,8845.133144,9244.352261,9648.553906,10127.24,10260.37247,11077.14762,11272.81248,11431.4048,11763.99455,12362.15915,12441.73546,13441.20596,14146.39842,14854.64338,15306.38801,15938.41921,16561.77098,17093.32093,17628.82937,18255.86972,18864.10566,19567.48966,18895.82168,20292.74463,12869.7301
MWI,744.1970806,792.0793747,727.3152219,795.6677987,711.1924352,820.773968,863.3410719,872.5993321,879.2442764,878.1341971,865.957498,800.384183,792.4548773,815.7392038,836.9343843,840.1866863,854.1581644,908.3108489,948.2265195,996.2452685,1032.962881,1051.185996,1039.759359,1062.164941,1090.367208,1088.701805,1083.801421,1087.623478,1095.042089,903.1117175
MYS,10551.65896,11252.49031,11940.85575,12797.79063,13632.72652,14601.07477,15658.40148,16382.663,14800.79401,15332.83235,16310.09276,16039.43401,16554.90929,17165.68007,17976.66309,18577.0912,19251.33545,20093.26869,20687.13112,20009.19928,21107.26794,21818.87569,22590.79152,23224.18844,24194.63391,25001.61267,25668.88436,24955.04365,26808.16406,18215.3754
NAM,5719.281973,5970.843391,6197.241085,5918.474163,5845.726499,5895.184261,5901.04968,5966.503403,5987.35259,6030.942022,6106.108164,6068.318413,6266.381787,6451.871611,7161.676346,7259.825028,7684.321193,8097.550854,8207.70498,8113.874117,8460.847368,8721.255524,8967.163152,9255.656532,9617.396957,9975.12547,9825.59927,9806.040566,9541.808292,7329.110147
NER,894.5407505,888.1118166,803.3925094,788.0311508,791.8846097,784.6071308,783.1216322,776.2244669,826.5561882,792.4816358,753.4295254,778.2335404,773.0710288,785.0456052,757.6862419,763.2097772,778.1290805,773.2699356,816.2362896,780.4196964,814.2409362,801.6042311,862.8663997,874.0787559,904.45673,908.1762709,917.1401159,909.9243723,926.000142,817.7230783
NGA,3041.509363,2946.741877,2885.838707,2873.33723,2828.087519,2750.071529,2816.43946,2824.21026,2829.544477,2772.886325,2848.15052,2900.036061,2934.86068,3157.613278,4116.156737,4149.277997,4374.284423,4551.605434,4710.55466,4904.920946,5150.158818,5259.295504,5339.451668,5479.058339,5671.900601,5670.639443,5434.734795,5592.424946,5338.454127,3948.565028
NIC,3003.519024,2932.528436,2879.620011,2806.60181,2839.876474,2948.095598,3076.072618,3140.723518,3201.78776,3371.650354,3456.081707,3506.818717,3484.76269,3525.469463,3664.624027,3772.095147,3864.693486,4008.008361,4092.061412,3906.989107,4028.712087,4231.497518,4453.253517,4618.727191,4784.830464,4956.921298,5130.580295,4957.444019,5321.443516,3750.287343
NLD,32090.21105,32614.90355,32921.48854,33103.95579,33879.30608,34762.86937,35837.03074,37186.06045,38629.9402,40312.23648,41721.69405,42287.56189,42062.04727,41982.92143,42686.88683,43507.30043,44965.885,46527.61839,47134.30299,45125.80592,45524.66214,46066.65241,45411.35235,45191.48625,45668.44147,46494.36426,47269.63295,46477.47956,48472.54454,41408.54153
NOR,42813.76496,43924.62825,45232.84169,46243.77986,48305.7807,50051.87133,52302.69134,54768.94898,55872.63975,56608.56513,58045.06727,58956.39415,59482.36596,59678.44753,61675.60078,62864.79647,63854.11354,65083.2587,64586.1779,62698.28536,62350.41071,62145.02615,63003.4109,62896.29006,63419.31478,64008.28683,64159.54425,63862.38195,64800.05733,57851.15574
NPL,1197.947803,1241.417555,1257.838694,1271.076035,1339.519724,1351.697162,1390.764758,1429.238951,1442.299383,1476.884761,1539.718672,1585.514374,1561.279151,1597.877279,1648.984749,1684.338712,1720.853441,1760.945708,1850.025041,1914.705969,1985.980341,2031.087465,2103.353638,2163.950489,2266.184298,2314.274881,2297.652539,2292.703906,2442.803942,1709.579126
NZL,23671.27301,22181.32263,22229.46594,23413.18637,24309.22536,25052.35446,25487.01891,25911.47717,25956.39195,27161.39482,27620.4728,28500.95264,29427.59462,30162.49941,30689.1868,31351.83592,31768.86379,32657.58008,31881.12158,32168.77132,32119.21554,32734.53667,33369.26946,33782.10082,34455.33122,35309.82372,35776.57173,35180.57556,36085.84278,29472.6672
OMN,35042.13369,35568.77334,36821.19478,37372.32169,37441.78672,38316.52914,38911.97397,41019.35676,42063.92578,41954.7329,43965.96949,45400.32532,44140.90936,42044.73912,41551.5734,41458.37789,42472.53209,43034.65665,44938.94044,45635.95938,45335.85252,42121.43192,43030.17781,41924.8081,40365.27326,39873.3856,39883.95365,40040.87084,37960.70919,41059.01086
OWID_WRL,8925.589983,8906.41425,8925.296301,8955.440877,9083.400429,9242.102057,9460.217707,9696.596277,9799.541462,10008.35899,10345.60223,10452.59099,10602.44499,10865.26777,11309.7194,11697.9641,12170.49373,12671.50753,12873.9764,12669.07709,13175.93399,13555.67622,13838.01198,14137.54695,14462.38813,14778.02574,15080.37928,14773.59772,15469.20724,11541.38472
PAK,3054.953358,3121.123623,3272.479515,3244.364469,3280.75556,3357.789692,3433.612204,3383.841499,3387.058785,3429.29084,3494.911632,3486.718665,3523.190968,3617.676767,3804.983936,4013.427033,4174.979611,4288.331463,4273.035123,4304.469172,4283.607312,4309.763713,4367.451996,4464.090289,4576.227015,4695.699879,4857.168718,4709.698537,5034.707756,3876.275378
PAN,7855.027176,8417.175407,8920.719754,9215.567189,9285.639604,9256.733547,9439.325808,9846.39114,10357.36913,10549.83716,10624.78846,10480.58422,10511.50975,10749.08911,11344.25024,11937.60388,12735.55702,14006.17277,15113.25442,15031.29923,15628.59224,17093.83998,18441.35151,19377.90562,20017.99436,20786.65969,21472.69019,20759.11475,22267.03682,13241.57019
PER,5312.684664,5319.341299,5184.96718,5351.594571,5899.563783,6226.245611,6295.160401,6598.585226,6475.632815,6479.474097,6563.267935,6516.693156,6784.222227,6978.570061,7234.490542,7595.271846,8067.898678,8649.080663,9323.353938,9308.674789,9956.556637,10449.09326,10943.91927,11430.25578,11547.83422,11770.03445,12082.16801,11800.01223,12236.70615,8092.190759
PHL,4010.202824,3889.005127,3808.17057,3796.882439,3871.354122,3959.666668,4096.675582,4213.64035,4097.977794,4133.402513,4224.113226,4255.042738,4318.73733,4441.675324,4647.010934,4778.97122,4941.598931,5181.003468,5309.442188,5284.865261,5596.837288,5707.204842,5988.804388,6306.746066,6585.895949,6874.582566,7233.206103,6897.894873,7599.18806,4969.710853
PNG,2373.519829,2535.483098,2815.015599,3244.678326,3351.419808,3158.526221,3315.965505,3104.609371,2910.651219,2888.611367,2744.899413,2672.538724,2601.764033,2592.439727,2597.812398,2695.617931,2691.170914,2918.71582,2841.839035,2965.226588,3191.58041,3155.403568,3230.318722,3282.463751,3709.081644,3824.729821,3817.780809,3783.864091,3823.1938,3037.680623
POL,10276.57333,9521.780497,9731.361156,10069.49509,10580.10463,11300.27108,11975.5672,12740.79267,13323.97073,13943.65519,14732.482,14920.45973,15232.13015,15785.42086,16605.81843,17193.52373,18267.58802,19563.29763,20391.90022,20952.80167,21770.64444,22850.63885,23218.1113,23555.49621,24347.07366,25299.97435,26035.8379,25227.62864,27216.44488,17192.97199
PRT,20166.92799,21096.42846,21342.85656,20881.20607,21026.02091,21850.74,22529.92,23422.33637,24420.94811,25227.38858,25999.49069,26318.47816,26375.96451,26031.64944,26439.93318,26593.28555,26957.63637,27575.23676,27590.37495,26743.19799,27238.46067,26780.21491,25805.84983,25654.6143,26023.69785,26607.83312,27124.15504,26585.22867,27936.89609,25062.91937
PRY,6036.472612,6088.894613,6039.468385,6185.272144,6361.089355,6638.628036,6591.035385,6719.392539,6579.998899,6355.703173,6084.791177,5918.056542,5807.245893,5950.84842,6088.304301,6119.751209,6318.750789,6568.253231,6892.409354,6531.886411,7289.51391,7504.653644,7312.40983,8227.214713,8501.54354,8639.28685,8871.37954,8670.736643,8827.010058,6823.18802
ROU,11422.46995,10033.67564,9237.078093,9391.071141,9774.522465,10493.45747,10930.98373,10434.52908,10237.90319,10212.81455,10470.96597,11211.86988,12010.99424,12766.2619,13912.38702,14582.57431,15850.90594,17190.95593,18923.63362,17954.13124,17553.2833,17997.88413,18302.02629,19018.87078,19677.52025,20556.00364,21670.70479,20634.74289,23313.19934,14469.02421
RUS,20639.00054,19553.5856,16704.93383,15274.22059,13370.85335,12813.39668,12370.09599,12564.03096,11917.84646,12719.89289,14050.85134,14829.08298,15604.14949,16818.74263,18098.36708,19325.93574,20970.1899,22798.97083,24005.99668,22121.85249,23107.78522,24310.04397,25156.42094,25551.08997,25284.5862,24516.54995,24416.62388,24739.25334,24765.95363,19059.32321
RWA,872.5285226,872.7888013,972.2902951,950.4535053,496.0840098,679.540322,742.712476,792.784174,797.3170056,773.3474071,792.9235783,828.8356138,915.4478135,920.073174,973.1163448,1043.860774,1113.571361,1168.020842,1263.511097,1306.22755,1365.17424,1436.868937,1521.626448,1552.751769,1629.868866,1731.043423,1790.254755,1717.055681,1854.210791,1112.758353
SAU,42457.11489,47262.89936,47702.40165,45784.8789,44905.85662,43980.90039,44207.12382,43838.09515,44251.47394,41721.7253,43071.44983,41472.85334,39194.77239,42344.41092,44390.95763,45538.49797,45527.2678,45130.13956,46678.55353,44481.47176,45421.22848,48524.63249,49658.6527,49537.58573,49958.44334,50723.71265,50423.01349,50368.38983,49045.41126,45615.55446
SDN,1743.446039,1826.269446,1896.330564,1931.633844,1900.037532,1960.649671,2021.000348,2173.928276,2205.504326,2211.321994,2286.658691,2367.773089,2449.978332,2566.534085,2593.432883,2712.890404,2907.360956,3158.477972,3317.85604,3338.228978,3366.096261,3631.663456,4097.068622,4177.335653,4188.334814,4290.372249,4386.352577,4288.353213,4466.506755,2863.322995
SEN,1844.868039,1835.174917,1802.429957,1772.361914,1722.091228,1765.822756,1755.693399,1766.7474,1826.888602,1897.235492,1910.535042,1948.678861,1911.942119,1987.322796,2049.271047,2107.680112,2102.475241,2147.440038,2166.24105,2157.397797,2183.995051,2158.181182,2187.17909,2195.963854,2218.551917,2293.853539,2379.451264,2297.285573,2470.579582,2020.216189
SGP,34344.6723,35613.39816,37008.82397,40247.50299,43266.13893,44921.33766,46380.88442,48568.05099,45901.15086,48311.29412,51706.43482,49851.07927,51478.68511,54560.54451,59027.01263,61973.68522,65386.13546,68432.68555,66046.14739,63697.29143,72115.8395,75113.20453,76285.56992,78896.6127,80903.53465,81741.09694,82621.50318,81755.37826,85535.3832,58926.27501
SLB,1883.179749,1940.777979,2126.089802,2148.746672,2280.664693,2399.507747,2370.426827,2271.871021,2249.083551,2177.499192,1816.734783,1627.436195,1540.404336,1598.277074,1634.297985,1680.506478,1754.175435,1838.592846,1924.001489,1791.828545,1871.369352,2071.892091,2119.467968,2137.003952,2139.560741,2149.221632,2179.232117,2156.00483,2205.923205,1997.420481
SLE,1250.575193,1272.612398,1032.057339,1052.081095,1037.295232,956.2791382,971.3393461,909.3466454,915.3332785,880.2017129,912.7425576,823.2862732,994.9924358,1036.96534,1056.584409,1061.510224,1070.347609,1124.541181,1156.419383,1165.887926,1199.98985,1246.252789,1402.697094,1655.121779,1692.142067,1314.273728,1363.863571,1456.759789,1390.300267,1140.894281
SLV,4544.585408,4550.434209,4803.349749,5014.462798,5182.463704,5363.842434,5349.724326,5463.654999,5559.218119,5634.008824,5656.242809,5668.828932,5725.155632,5784.184608,5807.273634,5936.61904,6166.296376,6253.15152,6358.132981,6198.304499,6300.775388,6511.443727,6663.811622,6789.860003,6890.723224,7019.591789,7164.143497,7024.819503,7292.457804,5916.169345
SUR,10545.02055,10636.25276,10425.33658,9505.423952,9656.934944,9615.694648,9601.650827,10020.67626,10053.80724,9850.074631,9731.058619,10060.18575,10377.5537,10882.13138,11761.77932,12168.33351,12501.53302,13001.38318,13397.02023,13655.7387,14211.87752,14887.93681,15132.25261,15419.30738,15306.69244,14766.79918,13877.98601,14650.49254,13767.11851,11957.77001
SWE,30933.63273,30371.40926,29843.97015,29058.23558,30031.82254,31076.90485,31498.44038,32393.4927,33743.96097,35245.13771,36854.86876,37330.70497,37980.98005,38742.68026,40257.92353,41227.30871,42918.01025,44051.46761,43466.14184,40862.97013,42942.5625,43755.06044,43308.21447,43475.80134,44167.63187,45679.278,46568.17715,45471.69567,46949.28309,38383.43114
SWZ,5378.167768,5322.987151,5370.93354,5429.939265,5455.504073,5605.569907,5696.594636,5743.298014,5766.418926,5825.185825,5839.267051,5837.835663,6048.42325,6245.77658,6426.839172,6745.717803,7056.509128,7253.489219,7183.959074,7161.806823,7296.511119,7323.997665,7528.841673,7865.438371,7870.970748,7758.495563,7723.641059,7784.369123,7738.974566,6517.896201
SYC,14216.5299,14415.67098,15377.31306,15993.4304,15448.33633,15097.194,15608.90136,17272.09496,18360.92166,18340.82816,18453.10977,18018.24135,17687.64112,16835.77295,16416.56087,17812.27995,19086.45369,20968.21668,20064.3024,19764.80709,20365.11893,22556.58257,22618.01239,23540.38038,24221.14426,24856.5599,25630.71009,24902.80475,26382.28735,19121.76438
TCD,1110.43798,1167.350171,1221.2375,996.9555484,1062.908208,1040.916137,1028.642308,1050.229306,1084.729434,1039.46558,993.1829822,1067.947758,1115.037497,1231.115101,1584.67315,1793.406936,1743.617851,1741.487056,1736.919173,1752.119931,1925.195118,1863.845605,1962.87773,2007.077319,2076.650008,2067.101322,1878.378483,2007.376604,1768.153411,1468.273522
TGO,1350.133276,1307.761682,1226.927054,1018.238329,1143.036576,1200.880848,1270.081427,1409.016684,1334.106066,1325.657698,1276.990341,1221.466431,1178.008315,1204.282612,1197.983399,1180.416217,1195.740229,1190.580141,1184.601851,1193.513083,1208.28121,1233.834912,1259.334474,1275.195451,1315.34026,1351.053963,1388.496142,1351.630122,1429.813427,1252.527575
THA,6650.439738,7134.4191,7633.864242,8189.119232,8763.399358,9381.023733,9802.577197,9421.133109,8598.287025,8889.057995,9189.060781,9417.998254,9914.430354,10547.89822,11134.14135,11525.37739,12024.67183,12607.08111,12757.15784,12605.37312,13486.56241,13535.13327,14448.30501,14771.46675,14857.20293,15252.22825,15705.8066,15271.74593,16277.67115,11232.88883
TJK,3644.666922,3312.553008,2308.206925,1898.223406,1471.356424,1269.930252,1042.511314,1045.093741,1084.509437,1107.496064,1179.868723,1277.421441,1388.917218,1511.414636,1633.324595,1706.821159,1788.110936,1886.66563,1991.893162,2022.460983,2106.338756,2211.753822,2324.369287,2440.586951,2546.500484,2640.58952,2762.585453,2649.891819,2896.912851,1946.467254
TKM,8316.756977,7713.442194,6372.936516,6289.5988,5069.65859,4600.950576,4818.178022,4202.477205,4441.334655,5113.152372,5333.089242,5506.288635,5465.458385,5588.665852,5808.663395,6495.367897,7124.610846,7815.008519,8844.633509,9248.886549,9942.426956,11212.53851,12235.36862,13236.03965,14332.36577,14992.32314,15648.37311,14991.02067,16389.02331,8291.343493
TON,3574.195232,3796.296289,3799.366263,3935.289449,4122.04024,4264.232505,4251.701851,4230.479359,4327.156125,4474.119799,4601.738191,4741.90785,4875.696568,4948.320971,4900.630755,4946.881308,4875.434323,4641.842176,4755.610258,4836.417883,4984.19363,5101.456005,5128.53418,4950.709252,5031.629951,5189.842453,5327.2672,5182.913201,5425.620625,4644.236096
TTO,12255.41389,12502.18456,12220.92964,11976.32954,12344.75533,12871.46008,13752.91808,14760.38732,15936.04189,17184.48678,18323.95826,19021.84963,20443.87863,23283.02293,25007.6684,26429.34528,29777.56705,31047.53484,31951.0206,30403.81002,31260.90705,31012.71642,31254.78873,31405.44627,31181.8212,31524.58862,29540.8743,30749.09471,28763.07076,22765.67058
TUN,5614.938383,5706.033665,6018.766664,6023.379562,6095.682127,6131.297603,6468.616998,6727.4545,6963.760802,7305.146991,7573.929213,7791.955558,7832.080845,8138.211054,8578.441655,8802.943118,9179.489146,9698.423639,10003.29949,10195.57651,10436.3656,10120.67717,10404.22409,10579.12288,10767.02765,10765.88625,10761.51453,10764.80948,10849.29739,8411.912253
TUR,11400.17814,11289.90986,11665.21327,12357.18159,11594.01885,12310.20184,13010.25689,13776.05667,13874.09019,13197.75597,13862.05043,12842.35786,13468.49905,14020.93611,15161.62025,16309.68325,17250.77173,17901.47793,17836.80519,16783.44147,17959.25911,19660.88949,20282.02838,21650.75677,22401.88043,23388.4813,23756.48429,23182.28201,25129.34065,16219.34382
TUV,2353.715762,2425.196423,2477.506569,2566.108775,2819.524183,2666.815396,2500.792413,2744.725059,3160.31176,3097.908226,3043.414457,3063.230227,3262.612943,3111.228556,3029.763194,2876.577955,2906.223804,3058.800344,3272.006838,3096.715258,2986.449856,3181.601723,3031.898968,3143.110114,3159.486065,3419.203468,3492.497412,3357.062315,3575.103821,2982.947485
TZA,1472.58375,1454.33064,1414.306721,1384.177184,1361.412353,1368.211617,1390.970798,1402.619589,1418.133015,1449.367072,1481.527903,1528.500436,1593.244872,1655.221156,1733.517325,1820.07786,1847.602651,1942.488616,1986.914954,2028.609813,2090.583225,2186.131582,2227.828714,2316.44306,2402.099346,2490.957101,2583.589673,2492.215373,2683.304024,1811.241252
UGA,769.4524841,785.1074145,785.2856907,823.1969913,848.0949739,916.2448658,968.6436054,987.138325,1004.066031,1051.312041,1049.778625,1067.961203,1122.249626,1154.200711,1190.574441,1222.703216,1308.421644,1370.274595,1439.110548,1485.027085,1515.866412,1602.544811,1608.439799,1610.810913,1637.275081,1665.949905,1687.082736,1663.435907,1697.706511,1227.661439
UKR,10463.95996,9563.882136,8611.474559,7382.299722,5717.528569,5059.822915,4594.432331,4497.390275,4451.547944,4484.733006,4797.380277,5291.680225,5622.439849,6201.06328,7004.327676,7246.351027,7828.081179,8497.059496,8739.686077,7479.34217,7824.498452,8281.867126,8322.173034,8338.91505,8243.473515,7464.939834,7668.055776,7792.156375,7894.392926,7056.171371
URY,9840.72007,10117.19702,10840.71829,11047.22672,11764.79924,11511.0894,12066.24967,13005.63899,13506.11129,13175.44318,12874.76476,12358.045,11400.22433,11499.40964,12080.45626,12975.75648,13485.55487,14330.29472,15307.85795,15900.82926,17082.40466,17904.74583,18477.37913,19270.5761,19827.56499,19831.4459,20093.63226,19917.54772,20551.40942,14361.69805
USA,37062.13026,36543.08492,37321.12904,37843.57328,38891.6982,39476.26582,40500.79542,41811.63877,43166.08185,44672.54941,45986.05271,45977.54999,46366.57797,47260.04194,48597.33736,49762.2379,50598.94836,51011.42503,50383.84056,48557.86764,49374.17889,49793.71352,50520.34829,51003.68599,51921.98464,53005.63615,53399.35917,52775.65999,54225.44612,46251.2564
UZB,3071.022647,2991.446165,2594.852007,2478.209376,2303.672203,2242.059663,2236.976535,2309.349584,2370.19491,2445.609277,2503.657346,2575.992404,2646.445073,2725.692293,2901.895529,3069.115166,3253.221059,3525.435558,3781.528957,4019.435793,4239.702208,4469.997484,4765.860109,5067.360265,5370.865802,5700.236028,6038.928299,5703.343376,6253.10386,3498.280914
VCT,5576.149208,5623.316611,5971.453224,6220.175341,6140.462021,6617.845538,6705.940527,6945.601882,7235.134246,7434.165952,7554.635333,7677.371516,8150.909745,8761.171151,9107.742097,9318.463174,10019.88113,9848.748636,10494.01034,10265.45945,9915.577619,9871.648577,10009.13083,10193.27262,10290.11096,10468.26274,10583.05397,10447.14256,10727.14607,8490.244304
VNM,1452.877479,1507.191728,1603.903822,1699.222153,1815.275905,1954.776754,2104.505112,2244.310844,2343.440239,2426.282479,2562.104865,2692.125097,2833.770963,3000.311156,3196.297215,3405.679195,3609.683037,3831.243217,4009.959321,4185.019792,4408.168612,4632.765965,4821.137231,5024.438902,5264.8281,5554.858056,5837.628704,5552.438287,6171.884192,3364.060362
VUT,2549.287954,2557.053812,2547.88244,2493.588783,2646.649631,2609.434204,2614.769639,2693.108513,2760.384391,2719.729957,2822.917121,2663.600485,2466.654977,2507.806814,2541.579864,2609.539864,2761.023672,2833.643045,2944.26146,2970.033065,2948.032937,2915.299885,2899.164415,2890.18939,2892.341604,2806.789686,2856.47531,2851.868867,2921.908676,2730.112557
WSM,3649.144217,3538.921508,3499.974858,3607.802844,3483.154586,3685.713886,3924.341024,3928.604459,3996.659685,4065.811846,4325.830632,4600.843262,4773.081877,4958.283843,5155.135068,5335.149447,5405.190891,5709.361492,5728.009131,5414.239286,5399.893096,5667.490534,5644.292861,5489.787094,5511.163112,5558.791879,5914.281291,5661.412094,6021.557424,4785.446826
ZAF,9696.384085,9378.590638,8963.083127,8862.016475,8944.71037,9032.900247,9243.94213,9323.756817,9220.957918,9294.563712,9538.968503,9661.165358,9878.963128,10037.42149,10364.36297,10783.19496,11261.95976,11741.35315,11989.86005,11676.04494,11887.80503,12118.73786,12215.25187,12339.7324,12389.71467,12377.65926,12286.69712,12351.35702,12294.87614,10600.16693
ZMB,2341.933063,2280.716944,2184.880745,2275.014162,2025.754058,2029.481349,2096.660404,2115.319145,2047.091657,2081.720118,2102.983169,2154.862984,2191.961814,2282.299191,2378.300439,2482.582018,2607.132776,2748.858048,2881.811825,3060.067789,3279.277161,3361.112069,3509.413319,3576.680691,3632.503753,3627.202041,3652.151926,3637.285907,3689.250826,2667.750839
ZWE,2605.794934,2681.495078,2384.972017,2360.793275,2529.82666,2488.298018,2698.917289,2725.88869,2761.318526,2699.85751,2583.49099,2590.18453,2334.44882,1917.251746,1785.608965,1662.485685,1582.409117,1501.078384,1215.020416,1336.212644,1474.877128,1667.137943,1871.36634,1929.765001,1925.138698,1912.280261,1879.628119,1905.682359,1899.774977,2107.33292