Country Name,Country Code,1980,1990,2000,2001,2002,2003,2004,2005,2006,2006,2008,2009,2010,2011,2012,2013,2014,2015,2016,2017,2018,2019
Afghanistan,AFG,33010000,121720000,136010000,410360000,1309770000,1593670000,2310640000,2837950000,2962000000,5076880000,4874840000,6234870000,6470360000,6865790000,6666770000,5152540000,4942970000,4267290000,4069210000,3804010000,..,..
Albania,ALB,..,11050000,317850000,268530000,307360000,349310000,300940000,315080000,324040000,308630000,364840000,357150000,365070000,379480000,349160000,269980000,281170000,333580000,168600000,157320000,..,..
Algeria,DZA,205160000,331650000,199960000,198860000,186120000,239240000,316970000,347380000,240680000,395010000,324830000,302390000,201250000,193350000,147320000,203420000,160620000,87490000,157930000,189190000,..,..
American Samoa,ASM,..,..,..,..,..,..,..,..,..,..,..,..,..,..,..,..,..,..,..,..,..,..
Andorra,AND,..,..,..,..,..,..,..,..,..,..,..,..,..,..,..,..,..,..,..,..,..,..
Angola,AGO,52440000,265770000,302210000,282730000,414030000,493500000,1144570000,414680000,163520000,259980000,369040000,238940000,235170000,192940000,243610000,285540000,235390000,380060000,206530000,223220000,..,..
Antigua and Barbuda,ATG,5500000,4610000,9880000,8580000,13510000,5630000,1900000,8060000,3280000,4990000,6070000,4260000,19660000,15420000,2090000,1590000,2550000,1490000,60000,9900000,..,..
Argentina,ARG,19480000,168740000,60370000,153240000,88190000,107710000,92080000,94120000,110430000,85810000,120000000,113670000,128530000,95180000,177760000,34730000,48790000,-18870000,2620000,-4930000,..,..
Armenia,ARM,..,..,215890000,211470000,295220000,250400000,256120000,172620000,215390000,351900000,304430000,525610000,342580000,395500000,270560000,280360000,267430000,347480000,326430000,255400000,..,..
Aruba,ABW,..,29980000,11500000,-1700000,10490000,76220000,-11320000,..,..,..,..,..,..,..,..,..,..,..,..,..,..,..
Australia,AUS,..,..,..,..,..,..,..,..,..,..,..,..,..,..,..,..,..,..,..,..,..,..
Austria,AUT,..,..,..,..,..,..,..,..,..,..,..,..,..,..,..,..,..,..,..,..,..,..
Azerbaijan,AZE,..,..,140610000,230910000,350810000,302030000,175830000,210900000,207900000,226380000,234640000,233330000,161560000,287470000,286790000,-70830000,216740000,69620000,77510000,115510000,..,..
"Bahamas, The",BHS,2010000,3150000,5470000,8390000,5320000,3920000,4750000,..,..,..,..,..,..,..,..,..,..,..,..,..,..,..
Bahrain,BHR,206530000,137500000,60430000,70810000,61580000,131770000,58220000,..,..,..,..,..,..,..,..,..,..,..,..,..,..,..
Bangladesh,BGD,1286720000,2092760000,1174330000,1045000000,900550000,1397870000,1416830000,1320430000,1222890000,1512900000,2070900000,1237380000,1404600000,1494680000,2154050000,2633590000,2422640000,2570130000,2505050000,3740010000,..,..
Barbados,BRB,13860000,2630000,240000,-1150000,3310000,19780000,28810000,-2100000,-2290000,17510000,7120000,10860000,16200000,..,..,..,..,..,..,..,..,..
Belarus,BLR,..,..,35960000,40550000,39450000,45980000,49940000,58010000,74760000,85430000,111140000,98220000,136260000,119800000,102870000,107140000,120610000,104580000,-22310000,-253150000,..,..
Belgium,BEL,..,..,..,..,..,..,..,..,..,..,..,..,..,..,..,..,..,..,..,..,..,..
Belize,BLZ,14500000,30320000,16290000,23200000,23600000,13180000,7510000,12000000,8160000,22210000,23850000,26970000,25010000,21920000,26210000,51270000,37560000,28270000,34960000,34080000,..,..
Benin,BEN,88230000,266880000,244770000,280420000,221540000,301990000,391790000,349080000,400310000,475290000,636720000,677560000,689270000,672610000,507880000,660200000,599320000,430140000,493120000,675840000,..,..
Bermuda,BMU,280000,42190000,60000,20000,20000,30000,90000,..,..,..,..,..,..,..,..,..,..,..,..,..,..,..
Bhutan,BTN,8060000,46000000,53390000,60780000,73400000,76900000,78260000,90100000,95720000,103050000,85080000,127300000,131380000,141220000,161650000,136800000,130640000,97280000,51600000,118540000,..,..
Bolivia,BOL,169460000,545440000,486030000,747680000,692750000,941180000,788760000,643350000,850040000,475000000,628320000,711470000,717690000,723470000,661720000,702300000,674560000,791310000,696450000,946940000,..,..
Bosnia and Herzegovina,BIH,..,10000,737930000,640080000,555780000,541920000,686090000,539890000,536840000,599100000,465010000,417340000,511180000,625780000,568020000,521210000,630200000,355030000,445410000,440560000,..,..
Botswana,BWA,105270000,145220000,30620000,28930000,37310000,28050000,46610000,48270000,66610000,105070000,723100000,282350000,154670000,118500000,73070000,107370000,99370000,65540000,90570000,102050000,..,..
Brazil,BRA,85350000,151060000,241070000,236360000,215930000,207580000,161840000,192500000,89940000,308760000,452370000,353690000,448670000,821070000,1288540000,1155730000,914150000,1003150000,674630000,265060000,..,..
British Virgin Islands,VGB,4610000,5570000,4840000,2060000,-80000,-530000,-1220000,..,..,..,..,..,..,..,..,..,..,..,..,..,..,..
Brunei Darussalam,BRN,30000,3880000,630000,350000,-1820000,470000,770000,..,..,..,..,..,..,..,..,..,..,..,..,..,..,..
Bulgaria,BGR,..,13620000,307140000,345950000,326810000,419410000,618370000,..,..,..,..,..,..,..,..,..,..,..,..,..,..,..
Burkina Faso,BFA,209960000,326530000,179780000,390940000,440270000,540840000,647380000,698190000,900550000,942720000,1000380000,1083700000,1044620000,981980000,1152320000,1045080000,1123360000,996990000,1027490000,885390000,..,..
Burundi,BDI,115950000,262550000,93310000,139250000,171910000,227600000,358820000,365580000,432020000,504550000,520430000,575750000,627610000,572240000,524170000,558830000,515400000,366540000,742470000,428410000,..,..
Cabo Verde,CPV,61840000,105280000,94650000,78060000,92500000,145330000,143780000,162870000,139110000,166050000,221880000,196770000,326980000,251370000,245640000,245160000,231390000,152820000,113360000,123000000,..,..
Cambodia,KHM,268670000,41310000,396390000,415350000,486340000,517290000,485770000,538570000,531400000,691400000,744230000,710960000,733980000,792430000,807690000,808210000,802680000,679040000,728410000,842930000,..,..
Cameroon,CMR,264760000,444380000,377160000,458090000,605740000,885620000,780730000,416540000,1716240000,1939900000,551790000,643790000,540230000,612080000,597170000,751960000,856120000,663080000,757050000,1212600000,..,..
Canada,CAN,..,..,..,..,..,..,..,..,..,..,..,..,..,..,..,..,..,..,..,..,..,..
Cayman Islands,CYM,1490000,2990000,-3600000,-780000,-1850000,-1430000,390000,..,..,..,..,..,..,..,..,..,..,..,..,..,..,..
Central African Republic,CAF,110120000,248890000,75900000,76210000,60010000,51500000,110060000,88970000,133590000,180010000,260370000,241140000,260980000,268770000,228020000,202820000,611000000,486730000,500960000,507810000,..,..
Chad,TCD,34990000,310580000,131330000,188600000,229250000,251990000,332080000,386440000,290730000,367980000,441810000,558330000,490160000,457660000,475130000,459340000,391930000,606650000,624460000,647830000,..,..
Channel Islands,CHI,..,..,..,..,..,..,..,..,..,..,..,..,..,..,..,..,..,..,..,..,..,..
Chile,CHL,-10550000,103540000,48970000,59020000,-6690000,80480000,54400000,170410000,99240000,108680000,106450000,79190000,188540000,167420000,128080000,80560000,245580000,54330000,178440000,69460000,..,..
China,CHN,65500000,2032370000,1749020000,1497660000,1511520000,1361550000,1710580000,1799290000,1272250000,1457520000,1317730000,1153980000,671890000,-602940000,-180530000,-656550000,-947070000,-332270000,-791530000,-1045040000,..,..
Colombia,COL,89820000,88540000,186650000,383880000,442460000,803190000,519410000,625020000,989800000,726840000,976420000,1054990000,673830000,1017690000,764250000,857490000,1224170000,1355860000,1106500000,844850000,..,..
Comoros,COM,43250000,44880000,19310000,27670000,27580000,24610000,25880000,23140000,32000000,45050000,42040000,50780000,69910000,55350000,101610000,81230000,74950000,65780000,53750000,66830000,..,..
"Congo, Dem. Rep.",COD,431230000,895790000,178440000,246640000,1176170000,5417030000,1919150000,1881800000,2197240000,1348270000,1766900000,2362350000,3483650000,5526460000,2846170000,2584010000,2400020000,2599040000,2102210000,2280210000,..,..
"Congo, Rep.",COG,91150000,217160000,32150000,73890000,57130000,69280000,115810000,1425550000,258300000,116320000,486630000,283970000,1315090000,261240000,140130000,150990000,106180000,88800000,87840000,107970000,..,..
Costa Rica,CRI,64430000,226980000,13200000,3140000,3150000,29200000,14870000,26220000,22120000,55150000,69410000,106120000,95070000,31280000,28460000,32820000,54550000,111300000,100720000,99020000,..,..
Cote d'Ivoire,CIV,209800000,686400000,350920000,186080000,1067500000,253700000,160710000,91280000,247140000,171080000,584630000,2403010000,845310000,1437710000,2908350000,1273460000,925040000,653060000,616260000,827450000,..,..
Croatia,HRV,..,..,65510000,112130000,130600000,120400000,119660000,123460000,196510000,162910000,241060000,168830000,131550000,280000,..,..,..,..,..,..,..,..
Cuba,CUB,45280000,51810000,45070000,54650000,62110000,76540000,99470000,90140000,82210000,96550000,125510000,112560000,132450000,87280000,85760000,99460000,261540000,552730000,2677750000,717780000,..,..
Curacao,CUW,..,..,..,..,..,..,..,..,..,..,..,..,..,..,..,..,..,..,..,..,..,..
Cyprus,CYP,52680000,38430000,54400000,49700000,34250000,14390000,59860000,..,..,..,..,..,..,..,..,..,..,..,..,..,..,..
Czech Republic,CZE,..,13680000,437370000,313780000,159770000,263270000,278660000,..,..,..,..,..,..,..,..,..,..,..,..,..,..,..
Denmark,DNK,..,..,..,..,..,..,..,..,..,..,..,..,..,..,..,..,..,..,..,..,..,..
Djibouti,DJI,73040000,207010000,72240000,59400000,74100000,79260000,64330000,74170000,115380000,112670000,140820000,165830000,132030000,141400000,148460000,149250000,166110000,170360000,187160000,134090000,..,..
Dominica,DMA,17610000,19640000,15280000,19690000,29600000,10970000,29400000,21110000,19660000,19450000,21380000,35950000,32450000,24440000,25680000,20080000,16290000,11710000,8570000,18720000,..,..
Dominican Republic,DOM,124730000,101660000,56190000,106980000,144960000,68790000,84560000,76060000,54410000,124220000,157070000,120150000,176580000,224740000,260120000,146910000,166210000,279960000,176700000,117600000,..,..
Ecuador,ECU,45800000,159320000,147210000,176800000,223490000,181850000,159960000,232480000,190680000,213960000,229160000,202470000,150950000,164560000,148060000,150520000,165050000,318160000,243710000,203080000,..,..
"Egypt, Arab Rep.",EGY,1383150000,6065200000,1370830000,1300390000,1308730000,1017180000,1502840000,1046310000,909030000,1138690000,1688530000,982740000,599160000,423730000,1813430000,5512510000,3537600000,2499430000,2130330000,-113700000,..,..
El Salvador,SLV,96360000,347300000,179940000,237400000,233400000,192230000,216270000,199170000,158700000,89210000,234490000,273470000,281570000,277850000,219910000,169140000,98070000,89700000,128970000,151560000,..,..
Equatorial Guinea,GNQ,9230000,60230000,21270000,13240000,20150000,20930000,29150000,38130000,26210000,31360000,32080000,31780000,85070000,24550000,14450000,4630000,520000,7490000,6920000,6920000,..,..
Eritrea,ERI,4680000,4500000,178020000,284700000,226670000,316960000,263520000,349740000,126190000,158530000,145420000,142620000,162310000,133410000,135970000,81310000,84190000,94120000,66820000,79130000,..,..
Estonia,EST,..,..,63830000,68500000,54410000,84300000,135430000,..,..,..,..,..,..,..,..,..,..,..,..,..,..,..
Eswatini,SWZ,48140000,53630000,13130000,29150000,22160000,34190000,21920000,46710000,34780000,50670000,70010000,55770000,91140000,124090000,89620000,117790000,86370000,92630000,147490000,146580000,..,..
Ethiopia,ETH,211100000,1009250000,687800000,1103600000,1324740000,1621160000,1830300000,1929120000,2034550000,2606550000,3316250000,3823760000,3455160000,3495890000,3243290000,3885540000,3583960000,3235490000,4073520000,4117500000,..,..
Faroe Islands,FRO,..,..,..,..,..,..,..,..,..,..,..,..,..,..,..,..,..,..,..,..,..,..
Fiji,FJI,35870000,49580000,29370000,26180000,34170000,51250000,65530000,66080000,55800000,50880000,45250000,66710000,75840000,75390000,105370000,91220000,94240000,102480000,117420000,145890000,..,..
Finland,FIN,..,..,..,..,..,..,..,..,..,..,..,..,..,..,..,..,..,..,..,..,..,..
France,FRA,..,..,..,..,..,..,..,..,..,..,..,..,..,..,..,..,..,..,..,..,..,..
French Polynesia,PYF,159460000,259660000,402590000,388330000,418390000,518540000,579750000,..,..,..,..,..,..,..,..,..,..,..,..,..,..,..
Gabon,GAB,55580000,131230000,11850000,8640000,71660000,-10920000,40040000,50300000,31210000,53210000,64120000,77950000,106270000,69450000,68850000,87210000,111270000,98780000,41500000,106350000,..,..
"Gambia, The",GMB,52640000,97260000,49640000,52730000,64470000,63290000,61340000,60760000,75200000,97200000,94630000,125170000,121100000,135710000,138980000,112300000,100340000,107680000,91720000,269620000,..,..
Georgia,GEO,..,..,171950000,294120000,317220000,228670000,314210000,293340000,357190000,381930000,887980000,906160000,627140000,587420000,659190000,646310000,563760000,448930000,462740000,446270000,..,..
Germany,DEU,..,..,..,..,..,..,..,..,..,..,..,..,..,..,..,..,..,..,..,..,..,..
Ghana,GHA,190810000,559720000,600650000,644850000,689370000,985040000,1419010000,1152640000,1236250000,1162920000,1312170000,1584680000,1697220000,1803870000,1799290000,1328170000,1123130000,1768690000,1316220000,1256700000,..,..
Gibraltar,GIB,11150000,560000,40000,730000,10000,30000,190000,..,..,..,..,..,..,..,..,..,..,..,..,..,..,..
Greece,GRC,..,..,..,..,..,..,..,..,..,..,..,..,..,..,..,..,..,..,..,..,..,..
Greenland,GRL,..,..,..,..,..,..,..,..,..,..,..,..,..,..,..,..,..,..,..,..,..,..
Grenada,GRD,3850000,13800000,16870000,11290000,10220000,10780000,15600000,52600000,26810000,26090000,31800000,45830000,33850000,12030000,7660000,12530000,39710000,24100000,8580000,5840000,..,..
Guam,GUM,..,..,..,..,..,..,..,..,..,..,..,..,..,..,..,..,..,..,..,..,..,..
Guatemala,GTM,72600000,201370000,264350000,226320000,248940000,246970000,216770000,254220000,485310000,450740000,535190000,376910000,389230000,378410000,304890000,496600000,279840000,411290000,265450000,366510000,..,..
Guinea,GIN,88670000,291580000,153410000,289250000,254190000,250630000,274810000,192910000,173120000,257610000,351220000,217660000,220970000,202120000,633360000,467540000,563120000,538040000,555430000,457330000,..,..
Guinea-Bissau,GNB,58100000,126350000,81070000,60690000,59880000,145370000,77850000,66760000,88200000,125570000,135690000,149400000,129000000,120640000,80320000,105630000,110250000,95040000,196820000,113420000,..,..
Guyana,GUY,41730000,168310000,115930000,112140000,71830000,96060000,145140000,149800000,174390000,124120000,163060000,174200000,167440000,158540000,114920000,101240000,160610000,32140000,69900000,51130000,..,..
Haiti,HTI,103920000,167390000,208010000,170330000,155770000,212520000,298800000,425810000,581480000,716920000,927310000,1129700000,3073470000,1691760000,1273350000,1152130000,1082360000,1045860000,1071680000,980230000,..,..
Honduras,HND,102480000,448490000,449770000,658400000,422550000,389280000,655730000,691860000,594290000,465320000,566340000,452630000,634250000,618030000,566190000,625870000,606280000,540520000,412400000,441340000,..,..
"Hong Kong SAR, China",HKG,10890000,38160000,4330000,3570000,3960000,5020000,6950000,..,..,..,..,..,..,..,..,..,..,..,..,..,..,..
Hungary,HUN,..,67010000,252170000,417490000,160330000,247990000,302010000,..,..,..,..,..,..,..,..,..,..,..,..,..,..,..
Iceland,ISL,..,..,..,..,..,..,..,..,..,..,..,..,..,..,..,..,..,..,..,..,..,..
India,IND,2185960000,1398930000,1383420000,1729610000,1763710000,720900000,778310000,1875960000,1383580000,1329210000,2016530000,2481020000,2831340000,3270220000,1681850000,2456340000,2991820000,3174350000,2678890000,3093640000,..,..
Indonesia,IDN,941310000,1715860000,1663370000,1468960000,1303890000,1775360000,135250000,2536760000,1318460000,854330000,1174950000,1046120000,1389890000,402040000,69010000,69470000,-381940000,-33400000,-110840000,233570000,..,..
"Iran, Islamic Rep.",IRN,28160000,106450000,129870000,114560000,114540000,131050000,188650000,100670000,117240000,103770000,100470000,92570000,112440000,105790000,151790000,131610000,81170000,110900000,116190000,140280000,..,..
Iraq,IRQ,12430000,63090000,101830000,122700000,113380000,2287650000,4650650000,22057090000,8889320000,9204340000,9884530000,2791230000,2178330000,1914690000,1300880000,1541540000,1369270000,1482940000,2287900000,2907470000,..,..
Ireland,IRL,..,..,..,..,..,..,..,..,..,..,..,..,..,..,..,..,..,..,..,..,..,..
Isle of Man,IMN,..,..,..,..,..,..,..,..,..,..,..,..,..,..,..,..,..,..,..,..,..,..
Israel,ISR,892160000,1371890000,800000000,172350000,756870000,439990000,478850000,..,..,..,..,..,..,..,..,..,..,..,..,..,..,..
Italy,ITA,..,..,..,..,..,..,..,..,..,..,..,..,..,..,..,..,..,..,..,..,..,..
Jamaica,JAM,125250000,270620000,8700000,54000000,24020000,6160000,82810000,39770000,37190000,28080000,85880000,149970000,139380000,39390000,28060000,71590000,95990000,59070000,26850000,58790000,..,..
Japan,JPN,..,..,..,..,..,..,..,..,..,..,..,..,..,..,..,..,..,..,..,..,..,..
Jordan,JOR,1576130000,951660000,554180000,450310000,562720000,1321220000,604630000,709850000,573570000,631510000,734090000,740420000,954750000,974100000,1157500000,1400330000,2697160000,2151850000,2738380000,2920750000,..,..
Kazakhstan,KAZ,..,..,189190000,152150000,190300000,290260000,273200000,225290000,177780000,212120000,338100000,295290000,211800000,200820000,131860000,90760000,92800000,82500000,63580000,59140000,..,..
Kenya,KEN,394790000,1181290000,513920000,472410000,388220000,522900000,655930000,756570000,941650000,1329360000,1363400000,1782480000,1631260000,2478820000,2653660000,3306840000,2661030000,2464180000,2187740000,2474760000,..,..
Kiribati,KIR,19160000,20220000,17940000,12430000,20880000,18570000,16980000,28120000,25550000,27390000,27460000,25290000,23410000,64900000,65670000,64990000,80660000,64950000,60840000,77140000,..,..
"Korea, Dem. People’s Rep.",PRK,..,7730000,73550000,117890000,264400000,131140000,160850000,87450000,55180000,99580000,206230000,65220000,78830000,118490000,97870000,109100000,153530000,131430000,119650000,133070000,..,..
"Korea, Rep.",KOR,138620000,52000000,-198140000,-111330000,-81910000,-461600000,-71540000,..,..,..,..,..,..,..,..,..,..,..,..,..,..,..
Kosovo,XKX,..,..,..,..,..,..,..,..,..,..,..,782130000,527520000,583180000,566740000,568550000,579390000,437810000,370030000,392370000,..,..
Kuwait,KWT,10250000,12860000,3890000,4690000,5710000,5520000,3690000,..,..,..,..,..,..,..,..,..,..,..,..,..,..,..
Kyrgyz Republic,KGZ,..,..,214710000,187720000,185720000,200020000,261130000,267480000,311050000,281000000,357280000,312910000,383920000,523330000,470490000,539450000,626570000,769990000,515960000,460820000,..,..
Lao PDR,LAO,45850000,149070000,280890000,244840000,278080000,301260000,270030000,297420000,365170000,401150000,496590000,417290000,413420000,399790000,410700000,423330000,474420000,471090000,399460000,475930000,..,..
Latvia,LVA,..,..,90590000,105180000,75200000,113370000,161810000,..,..,..,..,..,..,..,..,..,..,..,..,..,..,..
Lebanon,LBN,297830000,285680000,201190000,198970000,204020000,534640000,266670000,230720000,819040000,978970000,1068360000,580080000,445090000,475490000,711580000,621600000,820950000,974920000,1138520000,1305520000,..,..
Lesotho,LSO,93160000,139130000,37170000,55550000,77000000,79130000,95310000,68440000,71190000,130900000,144710000,122270000,256050000,256770000,276260000,320670000,107170000,83140000,112320000,146790000,..,..
Liberia,LBR,97050000,113740000,67420000,38480000,54990000,106780000,213390000,222090000,260910000,1123020000,1250410000,510750000,1416110000,762250000,566710000,535930000,749590000,1094430000,815120000,621650000,..,..
Libya,LBY,12130000,8340000,13750000,6950000,6970000,7910000,12500000,23840000,37510000,19410000,74200000,40040000,7610000,641100000,87120000,128830000,210280000,157370000,179490000,431870000,..,..
Liechtenstein,LIE,..,..,..,..,..,..,..,..,..,..,..,..,..,..,..,..,..,..,..,..,..,..
Lithuania,LTU,..,..,97820000,130230000,132210000,370880000,249380000,..,..,..,..,..,..,..,..,..,..,..,..,..,..,..
Luxembourg,LUX,..,..,..,..,..,..,..,..,..,..,..,..,..,..,..,..,..,..,..,..,..,..
"Macao SAR, China",MAC,4430000,230000,680000,530000,980000,130000,120000,..,..,..,..,..,..,..,..,..,..,..,..,..,..,..
Madagascar,MDG,229550000,396960000,324480000,374530000,373940000,545360000,1252520000,916150000,784410000,896830000,847200000,434510000,477310000,447280000,368490000,499280000,588120000,676970000,621800000,779590000,..,..
Malawi,MWI,141180000,500360000,448150000,411100000,379740000,519570000,507420000,573650000,722870000,766670000,924740000,773710000,1016850000,798280000,1170910000,1132550000,931160000,1049380000,1241270000,1515470000,..,..
Malaysia,MYS,134590000,468490000,48650000,29330000,89340000,110320000,299230000,29220000,241360000,202150000,156350000,139920000,-6140000,40810000,18320000,-113310000,19920000,-600000,-51820000,-29250000,..,..
Maldives,MDV,20910000,20860000,19150000,24770000,27460000,21340000,28050000,76570000,38270000,38090000,54540000,33250000,111660000,54290000,56730000,21700000,22540000,26830000,27000000,41890000,..,..
Mali,MLI,266420000,479170000,288040000,351740000,420480000,556230000,585300000,724590000,869200000,1021010000,967750000,984660000,1091460000,1267620000,995580000,1397560000,1235840000,1204130000,1207860000,1356390000,..,..
Malta,MLT,15930000,5310000,21240000,1700000,11040000,9110000,6190000,..,..,..,..,..,..,..,..,..,..,..,..,..,..,..
Marshall Islands,MHL,..,..,57230000,74010000,62490000,56660000,51280000,56770000,55110000,52190000,52490000,58950000,32630000,82320000,83850000,93740000,55700000,57060000,12560000,72500000,..,..
Mauritania,MRT,175370000,236180000,223630000,282740000,363460000,260850000,194770000,188800000,216320000,348850000,454790000,375980000,373610000,381720000,409790000,294740000,260710000,318000000,294080000,284460000,..,..
Mauritius,MUS,33090000,88290000,20750000,21280000,23850000,-14520000,32800000,34400000,19130000,69210000,108680000,156030000,124590000,185690000,176680000,145740000,44590000,78420000,42340000,11640000,..,..
Mexico,MEX,55390000,156250000,-45340000,98700000,141640000,120930000,140980000,201910000,250810000,119340000,147810000,189220000,462280000,973170000,407930000,562390000,814890000,321070000,809300000,737480000,..,..
"Micronesia, Fed. Sts.",FSM,..,..,101880000,137900000,112080000,115000000,86370000,106440000,108570000,114950000,94140000,120880000,63420000,133450000,143260000,143210000,117010000,81390000,50630000,98020000,..,..
Moldova,MDA,..,..,122650000,119240000,142980000,119060000,119900000,169710000,224820000,270300000,298170000,245780000,473010000,461690000,475490000,348690000,517800000,312580000,262050000,241030000,..,..
Monaco,MCO,..,..,..,..,..,..,..,..,..,..,..,..,..,..,..,..,..,..,..,..,..,..
Mongolia,MNG,2400000,13050000,218450000,213840000,209690000,252070000,256470000,221020000,205750000,229230000,247900000,371910000,302990000,351120000,446530000,430520000,316910000,236340000,325670000,763920000,..,..
Montenegro,MNE,..,..,..,..,..,8140000,20130000,3860000,95590000,105650000,104470000,76490000,80070000,126630000,103090000,117180000,100420000,99960000,85730000,117460000,..,..
Morocco,MAR,1160840000,1241090000,447380000,493850000,364390000,584390000,780600000,732640000,1101530000,1219230000,1453360000,1045960000,985500000,1440240000,1471140000,2008650000,2240150000,1481430000,1992340000,1884890000,..,..
Mozambique,MOZ,167060000,997510000,907390000,961470000,2217370000,1049520000,1244290000,1289860000,1641940000,1784990000,1993090000,2013600000,1943130000,2065470000,2071700000,2312700000,2106010000,1814740000,1529130000,1775660000,..,..
Myanmar,MMR,307910000,160770000,105640000,125670000,119030000,125020000,123450000,144830000,145710000,195890000,534590000,355960000,354920000,379950000,504530000,3936120000,1384460000,1168500000,1536860000,1542800000,..,..
Namibia,NAM,..,119620000,152410000,109510000,135020000,148380000,175330000,113380000,149330000,220850000,205490000,331130000,261330000,278210000,252440000,261040000,226220000,142380000,170190000,186690000,..,..
Nauru,NRU,30000,160000,4000000,7260000,11720000,16140000,13750000,9240000,17520000,25610000,31240000,23510000,27780000,37530000,35620000,28750000,22520000,31250000,22680000,25680000,..,..
Nepal,NPL,159990000,422840000,386420000,388990000,342910000,464480000,425940000,423130000,527670000,616820000,697020000,853750000,814410000,886630000,769680000,873330000,883820000,1224780000,1063350000,1258400000,..,..
Netherlands,NLD,..,..,..,..,..,..,..,..,..,..,..,..,..,..,..,..,..,..,..,..,..,..
New Caledonia,NCL,197970000,302410000,350170000,294150000,323830000,453900000,524340000,..,..,..,..,..,..,..,..,..,..,..,..,..,..,..
New Zealand,NZL,..,..,..,..,..,..,..,..,..,..,..,..,..,..,..,..,..,..,..,..,..,..
Nicaragua,NIC,218450000,329560000,561970000,931910000,517390000,836630000,1241440000,764520000,739930000,837340000,738510000,774500000,660390000,691500000,532320000,495800000,432170000,457920000,430980000,562590000,..,..
Niger,NER,165430000,387590000,209210000,258980000,295810000,481020000,548680000,523090000,541940000,575450000,615450000,470630000,741380000,644670000,891140000,797300000,917780000,867990000,951380000,1206650000,..,..
Nigeria,NGA,34400000,255080000,173800000,167820000,299550000,309850000,578770000,6401790000,11431960000,1958600000,1293720000,1639230000,2052360000,1809860000,1916170000,2515720000,2478600000,2431540000,2498190000,3358790000,..,..
North Macedonia,MKD,..,..,250850000,247640000,273860000,266110000,264000000,227400000,200850000,201830000,202800000,194220000,194310000,192290000,147710000,196730000,211920000,214320000,168350000,149950000,..,..
Northern Mariana Islands,MNP,109140000,63110000,180000,..,..,..,..,..,..,..,..,..,..,..,..,..,..,..,..,..,..,..
Norway,NOR,..,..,..,..,..,..,..,..,..,..,..,..,..,..,..,..,..,..,..,..,..,..
Oman,OMN,219330000,68200000,79670000,8310000,76970000,64310000,100340000,19040000,54070000,213980000,74650000,144490000,-21610000,..,..,..,..,..,..,..,..,..
Pakistan,PAK,1180880000,1126890000,706570000,1946770000,2109220000,1072780000,1434140000,1616730000,2178770000,2294210000,1500110000,2762390000,3020700000,3498040000,2017410000,2194470000,3615820000,3754000000,2949860000,2283270000,..,..
Palau,PLW,..,..,39130000,34280000,31460000,25830000,19780000,23670000,37390000,22410000,42940000,35620000,28760000,27990000,15460000,35420000,23480000,13930000,17760000,22140000,..,..
Panama,PAN,45060000,99340000,17360000,27750000,22140000,27480000,22460000,20230000,32680000,-133690000,29740000,62000000,127160000,110170000,51350000,9210000,-193260000,10250000,22610000,41480000,..,..
Papua New Guinea,PNG,325530000,412400000,275210000,202910000,202320000,221210000,268980000,266750000,279930000,325490000,302140000,401510000,512400000,612780000,670270000,657440000,581910000,591390000,531580000,532010000,..,..
Paraguay,PRY,30470000,57190000,83440000,63210000,58480000,52400000,22310000,51220000,56080000,108010000,134820000,148690000,121010000,93080000,104570000,130710000,62420000,60180000,88540000,142580000,..,..
Peru,PER,200710000,397080000,401550000,453690000,491540000,499940000,469380000,455670000,459680000,314570000,468610000,437750000,-296310000,597810000,385560000,363660000,328300000,334830000,320200000,-7600000,..,..
Philippines,PHL,298530000,1270620000,575140000,571830000,553400000,716190000,450150000,567710000,570000000,609280000,38290000,307890000,541340000,-183730000,-3370000,192060000,677440000,515310000,283650000,160250000,..,..
Poland,POL,..,1320280000,1393410000,958490000,876440000,1185640000,1520160000,..,..,..,..,..,..,..,..,..,..,..,..,..,..,..
Portugal,PRT,..,..,..,..,..,..,..,..,..,..,..,..,..,..,..,..,..,..,..,..,..,..
Puerto Rico,PRI,..,..,..,..,..,..,..,..,..,..,..,..,..,..,..,..,..,..,..,..,..,..
Qatar,QAT,540000,2970000,1940000,3910000,5020000,4820000,3630000,..,..,..,..,..,..,..,..,..,..,..,..,..,..,..
Romania,ROU,..,243400000,430770000,646580000,418150000,597730000,910950000,..,..,..,..,..,..,..,..,..,..,..,..,..,..,..
Russian Federation,RUS,..,254020000,1553720000,1089810000,1284520000,1244480000,1319550000,..,..,..,..,..,..,..,..,..,..,..,..,..,..,..
Rwanda,RWA,154110000,287920000,321460000,304660000,359590000,335960000,491140000,572710000,605390000,780040000,935500000,934250000,1033090000,1263210000,878640000,1086290000,1035030000,1085330000,1147440000,1225400000,..,..
Samoa,WSM,24660000,47550000,27500000,43120000,37480000,33240000,31050000,43680000,47140000,37470000,41020000,74710000,148200000,97710000,117290000,113010000,93990000,93720000,88640000,129520000,..,..
San Marino,SMR,..,..,..,..,..,..,..,..,..,..,..,..,..,..,..,..,..,..,..,..,..,..
Sao Tome and Principe,STP,3820000,54120000,34940000,38180000,26090000,37850000,33680000,32700000,23060000,51070000,47290000,30460000,50190000,73480000,50700000,53750000,41380000,48950000,47040000,40270000,..,..
Saudi Arabia,SAU,12830000,14660000,21960000,13110000,16780000,13790000,20240000,25110000,24300000,-131070000,710000,290000,..,..,..,..,..,..,..,..,..,..
Senegal,SEN,261110000,811730000,432150000,423580000,445280000,458280000,1066340000,701350000,869360000,865330000,1065830000,1017990000,936400000,1054600000,1075780000,994480000,1108680000,879120000,736550000,909800000,..,..
Serbia,SRB,..,..,1134270000,1304180000,2084640000,1310480000,1159700000,1068490000,1579590000,842460000,975890000,623140000,661470000,1379170000,1087780000,780270000,367050000,312480000,633470000,1687810000,..,..
Seychelles,SYC,21500000,35560000,23600000,13410000,57930000,9390000,10630000,17200000,13710000,6080000,7490000,23160000,53930000,22720000,34750000,27420000,12000000,6780000,5760000,18900000,..,..
Sierra Leone,SLE,90560000,59320000,180640000,334630000,383210000,337170000,376230000,339980000,380340000,550530000,379340000,447290000,458300000,423890000,439750000,449070000,914030000,946330000,693220000,537600000,..,..
Singapore,SGP,13890000,-3100000,1090000,850000,7190000,7070000,9140000,..,..,..,..,..,..,..,..,..,..,..,..,..,..,..
Sint Maarten (Dutch part),SXM,..,..,..,..,..,..,..,..,..,..,..,..,..,..,..,..,..,..,..,..,..,..
Slovak Republic,SVK,..,6840000,112990000,164040000,152650000,161870000,234790000,..,..,..,..,..,..,..,..,..,..,..,..,..,..,..
Slovenia,SVN,..,..,60810000,125560000,52760000,56210000,62220000,..,..,..,..,..,..,..,..,..,..,..,..,..,..,..
Solomon Islands,SLB,44530000,45660000,68250000,58770000,26180000,60140000,121320000,198400000,204640000,246180000,224310000,204960000,340490000,339390000,305100000,289830000,200520000,190030000,175500000,186800000,..,..
Somalia,SOM,479960000,514810000,102230000,149300000,152720000,176180000,201280000,240220000,396170000,393740000,765870000,661640000,505680000,1098980000,990460000,1054580000,1109200000,1260560000,1183640000,1760370000,..,..
South Africa,ZAF,..,..,490010000,428880000,506960000,642150000,631610000,681230000,723240000,795120000,1114910000,1074180000,1036270000,1396970000,1065830000,1295340000,1077400000,1420270000,1180280000,1014350000,..,..
South Sudan,SSD,..,..,..,..,..,..,..,..,..,..,..,..,..,435830000,1186260000,1399300000,1964120000,1674830000,1587030000,2183170000,..,..
Spain,ESP,..,..,..,..,..,..,..,..,..,..,..,..,..,..,..,..,..,..,..,..,..,..
Sri Lanka,LKA,386920000,728340000,278430000,336290000,338340000,675600000,510050000,1164900000,788090000,609760000,721840000,704200000,579620000,613460000,490890000,403170000,491630000,427230000,357140000,297010000,..,..
St. Kitts and Nevis,KNA,6210000,8120000,3990000,10130000,28100000,90000,-80000,2610000,5230000,3440000,46820000,3210000,11480000,15760000,21740000,30050000,..,..,..,..,..,..
St. Lucia,LCA,8630000,12310000,11090000,16330000,33290000,15560000,-21670000,10680000,18640000,19440000,16690000,38990000,41150000,35290000,26800000,25360000,19370000,13760000,15230000,12610000,..,..
St. Martin (French part),MAF,..,..,..,..,..,..,..,..,..,..,..,..,..,..,..,..,..,..,..,..,..,..
St. Vincent and the Grenadines,VCT,9700000,15370000,6300000,8120000,4570000,6270000,10580000,7860000,4800000,65850000,26280000,28780000,16850000,17760000,8310000,8520000,9890000,13500000,9120000,7340000,..,..
Sudan,SDN,672140000,848240000,225290000,192260000,304930000,620230000,994580000,1826110000,2048440000,2120590000,2566430000,2352470000,2025850000,1742400000,1369130000,1507330000,874680000,900350000,810650000,840380000,..,..
Suriname,SUR,82010000,61130000,36640000,25150000,13440000,12710000,25740000,44040000,64010000,151070000,101640000,156640000,103810000,89860000,40350000,30820000,13390000,15980000,16530000,20120000,..,..
Sweden,SWE,..,..,..,..,..,..,..,..,..,..,..,..,..,..,..,..,..,..,..,..,..,..
Switzerland,CHE,..,..,..,..,..,..,..,..,..,..,..,..,..,..,..,..,..,..,..,..,..,..
Syrian Arab Republic,SYR,1912840000,882820000,159760000,153680000,62820000,118390000,106510000,71100000,19920000,84200000,157740000,203620000,131060000,335520000,1671600000,3637930000,4174310000,4920470000,8899750000,10360840000,..,..
Tajikistan,TJK,..,..,124090000,165560000,168800000,147980000,248540000,252440000,241980000,234770000,287430000,405800000,433130000,349120000,394230000,390550000,356460000,427050000,342560000,303910000,..,..
Tanzania,TZA,675630000,1163150000,1064250000,1274900000,1260430000,1725760000,1774200000,1492450000,1887650000,2823810000,2331150000,3127200000,2960310000,2441830000,2822230000,3433240000,2650520000,2582240000,2317790000,2584170000,..,..
Thailand,THA,417750000,795580000,698580000,282150000,295210000,-941590000,48860000,-167490000,-217040000,-310990000,-618720000,-75780000,-20360000,-134120000,-131370000,28790000,354510000,58670000,227780000,250020000,..,..
Timor-Leste,TLS,500000,100000,231270000,194170000,219050000,175030000,161240000,184620000,209140000,279960000,277700000,216600000,291460000,278710000,283640000,258570000,249540000,212290000,223550000,231960000,..,..
Togo,TGO,90450000,258240000,69630000,46090000,51130000,50090000,65130000,82610000,79830000,122490000,330140000,494510000,403380000,542380000,245080000,226320000,210940000,199580000,164970000,344740000,..,..
Tonga,TON,16380000,29750000,18930000,20380000,22480000,27730000,19530000,32000000,21560000,30930000,25710000,37350000,70420000,93480000,78180000,81090000,80330000,68400000,82610000,80330000,..,..
Trinidad and Tobago,TTO,3930000,17780000,-1530000,-1730000,-8580000,-3000000,-2020000,-1980000,13390000,20800000,9290000,6840000,4330000,..,..,..,..,..,..,..,..,..
Tunisia,TUN,240480000,392540000,222840000,366220000,217350000,301670000,333690000,368350000,436850000,326490000,378760000,493690000,550150000,925230000,1022130000,714660000,922700000,474540000,627440000,775770000,..,..
Turkey,TUR,952930000,1303850000,328570000,133260000,273440000,167640000,288880000,399330000,569260000,795660000,1117480000,1356240000,1049590000,3288270000,3112170000,2847840000,3446770000,2145220000,3613070000,3141610000,..,..
Turkmenistan,TKM,..,..,35530000,74930000,44110000,28840000,54040000,29050000,41110000,28770000,18150000,40680000,43800000,40820000,37660000,35910000,34480000,23620000,32900000,28780000,..,..
Turks and Caicos Islands,TCA,3390000,11600000,6650000,6670000,4100000,2200000,3150000,5200000,-420000,15390000,..,..,..,..,..,..,..,..,..,..,..,..
Tuvalu,TUV,4910000,5060000,4030000,9510000,11710000,6310000,8070000,9120000,15410000,11810000,16200000,17710000,14010000,38910000,25480000,27590000,34300000,49650000,24440000,26510000,..,..
Uganda,UGA,113350000,663100000,855930000,828940000,732980000,1003710000,1222240000,1195330000,1589230000,1738150000,1643390000,1786350000,1690140000,1572920000,1642500000,1697090000,1633680000,1628290000,1756850000,2008120000,..,..
Ukraine,UKR,..,289000000,543320000,514830000,476210000,328360000,376390000,404100000,484630000,420980000,617350000,654720000,656650000,777930000,772060000,790740000,1403820000,1449350000,1523320000,1166120000,..,..
United Arab Emirates,ARE,4080000,3540000,3200000,2370000,3830000,4960000,5360000,..,..,..,..,..,..,..,..,..,..,..,..,..,..,..
United Kingdom,GBR,..,..,..,..,..,..,..,..,..,..,..,..,..,..,..,..,..,..,..,..,..,..
United States,USA,..,..,..,..,..,..,..,..,..,..,..,..,..,..,..,..,..,..,..,..,..,..
Uruguay,URY,9620000,52430000,18590000,16220000,14410000,16400000,23660000,17620000,23840000,37150000,33070000,52160000,47520000,18930000,17360000,36520000,91570000,23180000,18250000,40770000,..,..
Uzbekistan,UZB,..,..,186440000,154090000,190180000,195450000,245760000,169070000,149760000,167850000,183600000,190650000,234440000,204100000,255910000,295160000,324670000,447810000,457250000,638260000,..,..
Vanuatu,VUT,43980000,49530000,45800000,31620000,27520000,32660000,38200000,39890000,49010000,56840000,92410000,100150000,107860000,91090000,101940000,91340000,100410000,186560000,129060000,132230000,..,..
"Venezuela, RB",VEN,15180000,76360000,78560000,46660000,58550000,82810000,46970000,49170000,57690000,73520000,60690000,59430000,53340000,49780000,50790000,37830000,43130000,36590000,43430000,86540000,..,..
Vietnam,VNM,276910000,180550000,1682990000,1431860000,1276120000,1767590000,1837330000,1910900000,1852320000,2510440000,2549020000,3738590000,2948090000,3619280000,4113310000,4085600000,4215620000,3157360000,2894780000,2376390000,..,..
Virgin Islands (U.S.),VIR,..,..,..,..,..,..,..,..,..,..,..,..,..,..,..,..,..,..,..,..,..,..
West Bank and Gaza,PSE,..,..,684500000,997590000,971610000,1041840000,1160840000,1015710000,1360250000,1717110000,2470080000,2827670000,2512560000,2434740000,2006110000,2602330000,2487840000,1872210000,2401660000,2111360000,..,..
"Yemen, Rep.",YEM,574320000,449830000,312800000,371830000,216500000,244060000,266520000,296000000,287810000,242900000,429120000,559300000,667080000,477550000,711820000,1039630000,1163440000,1798020000,2301110000,3234010000,..,..
Zambia,ZMB,317210000,474810000,794650000,570840000,810730000,770450000,1128450000,1169050000,1470270000,1022490000,1114700000,1270820000,919320000,1033470000,957140000,1145250000,997730000,797140000,964470000,1023470000,..,..
Zimbabwe,ZWE,160640000,334260000,175640000,160210000,199130000,186920000,187300000,372940000,278240000,477460000,612750000,736550000,712530000,722580000,1001590000,827540000,760570000,788290000,654250000,725830000,..,..
Arab World,ARB,9272630000,12762750000,5082810000,5475920000,5307290000,9084490000,11674740000,29295580000,17562190000,19061670000,22708910000,14318620000,12318010000,13655590000,15120080000,22498560000,22269970000,20615720000,27384130000,29094100000,..,..
Caribbean small states,CSS,334790000,627790000,245150000,294140000,252230000,198110000,328470000,344450000,373270000,503050000,539880000,682500000,611610000,430410000,301820000,353050000,395360000,200020000,189800000,218530000,..,..
Central Europe and the Baltics,CEB,..,1664830000,3312410000,3387930000,2539330000,3621070000,4593440000,123460000,196510000,162910000,241060000,168830000,131550000,280000,..,..,..,..,..,..,..,..
Early-demographic dividend,EAR,17489510000,27127880000,17989730000,20078130000,20485290000,21216330000,21414600000,24230560000,23892930000,25715310000,31803510000,33707560000,36066260000,38772180000,36020020000,48296170000,46261430000,45416630000,50610180000,52525210000,..,..
East Asia & Pacific,EAS,3961490000,8430620000,9207120000,8005380000,8054640000,7762640000,8129870000,9680280000,7929950000,8728470000,8878490000,10180070000,9777240000,7957490000,8868360000,12010670000,9495230000,8484870000,7705750000,8233410000,..,..
East Asia & Pacific (excluding high income),EAP,3330620000,7677930000,8636330000,7419560000,7377060000,7227770000,7065760000,9680280000,7929950000,8728470000,8878490000,10180070000,9777240000,7957490000,8868360000,12010670000,9495230000,8484870000,7705750000,8233410000,..,..
East Asia & Pacific (IDA & IBRD countries),TEA,3274970000,7487680000,8339660000,7134030000,6942160000,6824830000,6519200000,8943010000,7412150000,8122510000,7913940000,9550790000,9066700000,7038280000,8085950000,11180440000,8651560000,7663140000,6979690000,7332250000,..,..
Euro area,EMU,68610000,50580000,501680000,644910000,512520000,810130000,909680000,..,..,..,..,..,..,..,..,..,..,..,..,..,..,..
Europe & Central Asia,ECS,1089760000,1751930000,5423440000,5232280000,7047650000,5122740000,5455470000,5003750000,6283050000,5985500000,7448310000,8256250000,7446540000,10716670000,9997340000,8997940000,10380230000,8538280000,9658340000,9690330000,..,..
Europe & Central Asia (excluding high income),ECA,935900000,1649940000,5060930000,4883940000,6737510000,4897850000,5193630000,4880290000,6086540000,5822590000,7207250000,8087420000,7314990000,10716670000,9997340000,8997940000,10380230000,8538280000,9658340000,9690330000,..,..
Europe & Central Asia (IDA & IBRD countries),TEC,952930000,3435230000,8500360000,7892220000,8932600000,8348310000,9583490000,4929520000,5989050000,5677670000,7109820000,7884690000,7225050000,10523080000,9791780000,8756000000,10142060000,8381910000,9526650000,9549170000,..,..
European Union,EUU,68610000,1708570000,3388050000,3439330000,2584620000,3644570000,4659490000,123460000,196510000,162910000,241060000,168830000,131550000,280000,..,..,..,..,..,..,..,..
Fragile and conflict affected situations,FCS,6807690000,9270420000,5777270000,6543190000,10430000000,16465160000,16891640000,37525880000,25572110000,29565120000,34521020000,31363030000,33381110000,35098330000,33231590000,36937000000,34031270000,33642860000,38558430000,43366380000,..,..
Heavily indebted poor countries (HIPC),HPC,6974890000,15820560000,11940870000,14376850000,18479360000,24510960000,26109390000,27082530000,30631090000,35180190000,37778530000,42087860000,44918700000,45101280000,42273160000,40595750000,38432340000,37284440000,36540020000,39534470000,..,..
High income,HIC,2279690000,3118320000,2125590000,1448410000,2077660000,1709240000,2163330000,441330000,445480000,308110000,519070000,568640000,697840000,498440000,468080000,267760000,231230000,98580000,252420000,204640000,..,..
IBRD only,IBD,12289170000,25746140000,22624360000,22025980000,22988520000,25434950000,28517380000,44362080000,30796390000,31081180000,36517980000,29598880000,26493130000,31001390000,28843470000,32982230000,34399880000,30101300000,31439730000,29525110000,..,..
IDA & IBRD total,IBT,26200460000,49320900000,40505880000,43106980000,48239180000,56372220000,62167660000,85650680000,81187630000,78639210000,86839500000,86596440000,87672170000,94330730000,91701330000,1.01805E+11,1.00003E+11,95359820000,98780230000,1.0557E+11,..,..
IDA blend,IDB,2556680000,4151010000,3157450000,4296930000,4793390000,4199080000,4982720000,12256410000,18083580000,9685560000,7435940000,9621180000,11537750000,11631910000,10772060000,12049550000,12785800000,12206190000,11089890000,12737910000,..,..
IDA only,IDX,11354610000,19423750000,14724070000,16784070000,20457270000,26738190000,28667560000,29032190000,32307660000,37872470000,42885580000,47376380000,49641290000,51697430000,52085800000,56773710000,52817170000,53052330000,56250610000,63306510000,..,..
IDA total,IDA,13911290000,23574760000,17881520000,21081000000,25250660000,30937270000,33650280000,41288600000,50391240000,47558030000,50321520000,56997560000,61179040000,63329340000,62857860000,68823260000,65602970000,65258520000,67340500000,76044420000,..,..
Late-demographic dividend,LTE,4147940000,9986460000,13660510000,12723470000,13572190000,13940320000,16001330000,10705790000,11865590000,12339600000,13724420000,14423170000,12092120000,13972030000,14763570000,13465340000,14801220000,12454460000,11969550000,12028470000,..,..
Latin America & Caribbean,LCN,2149540000,5151600000,4943050000,5969930000,5093970000,6229330000,6897090000,6687900000,7284490000,6999660000,9370400000,9061560000,11050530000,11593250000,10265980000,10430570000,10126710000,10287510000,11386760000,8635210000,..,..
Latin America & Caribbean (excluding high income),LAC,2077120000,4665850000,4700440000,5662840000,4884380000,5834570000,6651710000,6340780000,6969680000,6627100000,8977540000,8730540000,10572660000,11230460000,9863120000,10201660000,9695090000,10190790000,11143960000,8433470000,..,..
Latin America & the Caribbean (IDA & IBRD countries),TLA,1857680000,4500050000,3697330000,5084590000,4412650000,5271980000,5525560000,5538110000,6222710000,5662390000,7148540000,7369850000,8729180000,9176310000,7673030000,7593970000,7534190000,7426610000,6981380000,6303090000,..,..
Least developed countries: UN classification,LDC,8669490000,16516160000,12455060000,13920450000,17642380000,24125650000,25518880000,25874910000,28844720000,34778030000,39097260000,40413300000,44261350000,45207030000,43109610000,47904050000,43948570000,43309630000,43445190000,48682280000,..,..
Low & middle income,LMY,32229610000,55658000000,50065560000,52174780000,61948030000,71332200000,79698880000,1.079E+11,1.06497E+11,1.0813E+11,1.26345E+11,1.26332E+11,1.30272E+11,1.41311E+11,1.33284E+11,1.5087E+11,1.61499E+11,1.53121E+11,1.57966E+11,1.62597E+11,..,..
Low income,LIC,7330950000,12905230000,8920040000,10837950000,14104450000,19657760000,19846240000,20033390000,22467220000,28100920000,30954160000,33854120000,37809150000,38889490000,37999360000,40442270000,40830000000,41189350000,45004380000,50138400000,..,..
Lower middle income,LMC,15385000000,26177620000,19754430000,21679870000,22393240000,23687060000,25072720000,35279090000,40710730000,32626690000,36129750000,40738840000,40073790000,41362010000,41430400000,50858260000,47976290000,43533380000,41810180000,42484910000,..,..
Middle East & North Africa,MEA,9093280000,13342470000,5660690000,5173360000,5612480000,8870150000,11311220000,28264390000,17181700000,18003890000,24222650000,13675180000,12273710000,15597040000,13656770000,25861660000,32511740000,24591200000,26107010000,27195160000,..,..
Middle East & North Africa (excluding high income),MNA,7731630000,11725540000,4668360000,4896110000,4674680000,8195880000,10634700000,28220240000,17103330000,17920980000,24148000000,13530690000,12295320000,15597040000,13656770000,25861660000,32511740000,24591200000,26107010000,27195160000,..,..
Middle East & North Africa (IDA & IBRD countries),TMN,7476510000,10985360000,3786630000,3837720000,3431640000,6866660000,9094560000,26058120000,13547880000,14457190000,16434810000,7997870000,6964450000,8048190000,10394770000,17089960000,17543760000,16309720000,22756540000,24170980000,..,..
Middle income,MIC,19015580000,34333640000,29294010000,30543620000,33616600000,35081190000,40152470000,67495980000,61001830000,53336930000,59669970000,56640670000,53588790000,59385460000,56834410000,65411850000,63312090000,58247140000,60186940000,59708940000,..,..
North America,NAC,280000,42190000,60000,20000,20000,30000,90000,..,..,..,..,..,..,..,..,..,..,..,..,..,..,..
Not classified,INX,..,..,..,..,..,..,..,..,..,..,..,..,..,..,..,..,..,..,..,..,..,..
OECD members,OED,2028550000,4395340000,3443050000,2635270000,2747120000,2830970000,3836030000,771650000,919310000,1023680000,1371740000,1624650000,1700410000,4428860000,3648180000,3490790000,4507240000,2520620000,4600810000,3948550000,..,..
Other small states,OSS,963840000,1662860000,1168930000,1071130000,1274090000,1316610000,1410430000,1192380000,1323840000,1791710000,2559820000,2252490000,2576830000,2458780000,2356940000,2353440000,1915070000,1652150000,1694820000,1983000000,..,..
Pacific island small states,PSS,189520000,247510000,414060000,455460000,398170000,443530000,471860000,613410000,637700000,676660000,693170000,765840000,932820000,1082160000,1077220000,1060190000,903160000,939420000,782140000,996760000,..,..
Post-demographic dividend,PST,248400000,534970000,2422420000,2598000000,2054110000,2056100000,2823760000,1221560000,1375940000,1387470000,1573260000,1466790000,1603950000,1626490000,1530800000,1520140000,2418720000,2463180000,4624230000,2081210000,..,..
Pre-demographic dividend,PRE,6282800000,14075920000,9818610000,10918170000,15673660000,22865140000,26425700000,50572900000,45453510000,41024510000,42364250000,39172470000,39903450000,41716930000,40751410000,40476800000,38651330000,36931560000,36272250000,41298660000,..,..
Small states,SST,1488150000,2538160000,1828140000,1820730000,1924490000,1958250000,2210760000,2150240000,2334810000,2971420000,3792870000,3700830000,4121260000,3971350000,3735980000,3766680000,3213590000,2791590000,2666760000,3198290000,..,..
South Asia,SAS,5262450000,5958340000,4137720000,5942570000,6865360000,6023540000,6982220000,9406250000,9282400000,11685530000,12177830000,14578890000,15462490000,16928910000,14128850000,13939530000,15584860000,15646220000,13944210000,14708680000,..,..
South Asia (IDA & IBRD),TSA,5262450000,5958340000,4137720000,5942570000,6865360000,6023540000,6982220000,9405770000,9196990000,11580920000,12020860000,14434160000,15364070000,16824330000,13999030000,13871940000,15501880000,15541890000,13702100000,14636770000,..,..
Sub-Saharan Africa,SSF,7721580000,17841890000,13057700000,14288190000,19048810000,24879350000,26488480000,32838650000,41197030000,36172450000,40255200000,44309030000,44362910000,47332210000,46763630000,47703150000,46459720000,45796730000,44245710000,49274130000,..,..
Sub-Saharan Africa (excluding high income),SSA,7690850000,17746100000,13012830000,14261540000,18970730000,24849030000,26448700000,32783320000,41157110000,36135010000,40215630000,44254090000,44223910000,47284940000,46714430000,47671100000,46447200000,45782460000,44233030000,49248310000,..,..
Sub-Saharan Africa (IDA & IBRD countries),TSS,7375920000,16954240000,12044180000,13215850000,17654770000,23036900000,24462630000,30776150000,38818850000,33138530000,36211530000,39359080000,40322720000,42720540000,41756770000,43313180000,40629400000,40036550000,38833870000,43577270000,..,..
Upper middle income,UMC,3462260000,7974020000,8820850000,8494940000,9996340000,10670180000,14224050000,31308910000,19357100000,19872310000,22399870000,14816280000,12068280000,16550220000,14386690000,13413250000,14199600000,13389240000,17187770000,15935850000,..,..
World,WLD,34539180000,58799300000,52103570000,53526430000,63890140000,72891540000,81737820000,1.08212E+11,1.06759E+11,1.0809E+11,1.26635E+11,1.2677E+11,1.30941E+11,1.41898E+11,1.33768E+11,1.51145E+11,1.61517E+11,1.53208E+11,1.58215E+11,1.62779E+11,..,..