,Unnamed: 0,pedmort_2016,pedmort_53mean,pedmort_3mean,Code,sanit_2015,sanit_21mean,sanit_3mean,maln_12mean,maln_3mean,maln_2016,ped_labor2018,ped_labor_14mean,ped_labor_3mean,nat_dis2017,nat_dis_23mean,nat_dis_3mean,homoc_2017,homoc_3mean,homoc_23mean_x,Overall rank,Country or region,Score,Outcome,Unnamed: 24
0,0,6.79,20.64166667,7.316666667000001,AFG,31.9,24.26666667,31.13333333,32.11538462,27.46666667,30.3,,,,0.068638743,0.22038866199999999,0.116639824,10.67307599,12.02989835,13.54551222,154.0,Afghanistan,3.2030000000000003,0.0,
1,1,8.11,19.50205882,8.903333332999999,AGO,51.6,33.35454545,50.26666667,52.43076923,27.53333333,23.9,,,,0.0059867340000000005,0.010492686000000001,0.033983131,3.1548608469999997,3.316997575,4.819876085,,,,,
2,2,0.88,3.666388889,0.94,ALB,93.2,84.00909091,92.66666667,8.761538462,5.566666667000001,5.5,,,,0.004623365,0.007723148000000001,0.004757824,2.488883494,2.50594952,5.820425711,107.0,Albania,4.718999999999999,0.0,
3,3,0.33,0.612758621,0.35,AND,100.0,100.0,100.0,,,,,,,0.0,0.0,0.0,0.7023201109999999,0.7153721009999999,0.949330387,,,,,
4,4,0.91,5.030555556,0.8733333329999999,ARE,97.6,97.43636364,97.5,4.346153846,3.833333333,2.5,,,,0.0,0.0,0.0,1.201010852,1.21370072,1.252038172,21.0,United Arab Emirates,6.825,1.0,
5,5,1.04,3.361333333,1.143333333,ARG,96.4,91.47727273,95.8,4.315384615,3.5,3.8,,,,0.00030136,0.005617387,0.002868905,6.175149041,6.342786615,5.880806089,47.0,Argentina,6.086,1.0,
6,6,1.26,4.465526316,1.4,ARM,89.5,89.435,89.5,10.79230769,4.4,4.3,,,,0.0,0.002240959,0.0,3.691190976,3.739062587,4.703890764,116.0,Armenia,4.559,0.0,
7,7,0.74,1.8041379309999999,0.8,ATG,,84.59090909,,,,,,,,0.17763742,0.055683055999999995,0.0,5.343733299,5.353495071,4.975528413999999,,,,,
8,8,0.35,1.239444444,0.38333333299999994,AUS,100.0,100.0,100.0,2.5,2.5,2.5,67.8471,69.779416,66.9814,0.007034475,0.006973841999999999,0.003953456,1.3674117590000001,1.36632573,1.67719955,11.0,Australia,7.228,1.0,
9,9,0.36,1.574814815,0.37,AUT,100.0,100.0,100.0,2.5,2.5,2.5,56.6519,59.063012,56.9935,0.0,0.015212898999999998,0.013703146000000001,0.781109554,0.821320444,1.0353593220000001,10.0,Austria,7.246,1.0,
10,10,2.3,7.55625,2.646666667,AZE,89.3,70.56111111,86.3,7.730769231,2.5,2.5,,,,0.0,0.00451153,0.0,3.6582288139999997,3.692061405,6.9180576579999995,90.0,Azerbaijan,5.207999999999999,0.0,
11,11,6.12,18.331,6.726666667000001,BDI,48.0,44.43636364,47.76666667,,,,,,,0.00735205,0.002945272,0.06670595,0.571539636,0.588518708,1.015587086,,,,,
12,12,0.38,1.391296296,0.4,BEL,99.5,99.5,99.5,2.5,2.5,2.5,29.625999999999998,33.572359999999996,28.8472,0.0,0.001632481,0.000617709,1.3392598070000001,1.395402125,1.944448119,18.0,Belgium,6.922999999999999,1.0,
13,13,9.83,19.758703699999998,10.36333333,BEN,19.7,12.23181818,19.0,15.17692308,9.9,10.4,,,,0.0,0.006753751,0.0,4.992135978,5.2120030680000005,5.585928517,102.0,Benin,4.883,0.0,
14,14,8.12,22.65962963,8.85,BFA,19.7,12.19090909,19.0,23.63076923,20.43333333,21.3,,,,0.001098282,0.003124649,0.004221188,10.28283988,10.38633362,10.81699033,115.0,Burkina Faso,4.587,0.0,
15,15,3.24,15.40537037,3.643333333,BGD,60.6,45.84545455,58.66666667,17.33846154,16.36666667,15.2,,,,0.018405907,0.529686813,0.015913423,1.5691046780000002,1.619639094,2.289407558,125.0,Bangladesh,4.456,0.0,
16,16,0.75,2.191372549,0.833333333,BGR,86.0,85.65909091,86.0,5.715384615,3.833333333,3.0,,,,0.0,0.0026581609999999996,0.0027757159999999997,2.526974231,2.48101248,3.992941332,97.0,Bulgaria,5.011,0.0,
17,17,0.73,4.551111111,0.76,BHR,99.2,99.12727273,99.2,,,,,,,0.0,0.0,0.0,1.426544899,1.484841773,1.815308254,37.0,Bahrain,6.199,1.0,
18,18,0.72,2.252826087,0.806666667,BHS,92.0,89.45555556,92.0,,,,,,,0.0,0.056450292,0.450762156,28.62287183,29.94561622,21.9075716,,,,,
19,19,0.57,1.349,0.6033333329999999,BIH,94.8,94.89444444,94.8,3.284615385,2.5,2.5,,,,0.0,0.0017278170000000002,0.025906841,2.435472575,2.4322172490000002,3.561843642,78.0,Bosnia and Herzegovina,5.386,0.0,
20,20,0.37,1.300588235,0.41,BLR,94.3,94.8,94.36666667,2.7769230769999997,2.5,2.5,,,,0.0,0.0012300619999999999,0.000785695,6.8299206120000004,7.044985142000001,11.56867098,81.0,Belarus,5.3229999999999995,0.0,
21,21,1.42,4.778297872,1.563333333,BLZ,90.5,82.95,90.43333333,5.246153846,6.6333333329999995,6.5,,,,0.0,0.204807696,0.0,26.83939928,26.68303371,19.23371725,,,,,
22,22,3.49,14.76148148,3.753333333,BOL,50.3,38.11818182,49.3,28.93076923,20.3,19.8,,,,0.0,0.058894695999999996,0.090600292,5.93121778,6.130053307000001,8.013152796,61.0,Bolivia,5.779,1.0,
23,23,1.48,7.986851852000001,1.6066666669999998,BRA,82.8,74.46818182,82.13333333,5.238461538,2.5,2.5,,,,0.001037699,0.025935111,0.0073439180000000005,30.13288927,30.506693699999996,30.20205375,32.0,Brazil,6.3,1.0,
24,24,1.24,3.001666667,1.31,BRB,96.2,87.09090909,95.53333333,5.507692307999999,4.066666667,3.7,,,,0.0,0.003535072,0.0,10.87042377,10.94541644,10.95066427,,,,,
25,25,1.05,1.2509375,1.05,BRN,,,,2.769230769,2.666666667,2.6,,,,0.0,0.0,0.056668708,1.4784282309999999,1.455314871,1.4648111169999998,145.0,Burundi,3.775,0.0,
26,26,3.08,13.47511111,3.34,BTN,50.4,32.22727273,49.73333333,,,,,,,0.0,0.262541791,0.0,1.006742785,1.052045918,1.531556041,95.0,Bhutan,5.082,0.0,
27,27,3.76,8.566666667,4.07,BWA,63.4,51.53636364,63.0,31.56153846,25.73333333,28.5,,,,0.0,0.010110238,0.0,7.976065042,8.272175227,6.782292833,148.0,Botswana,3.488,0.0,
28,28,12.15,19.21944444,13.0,CAF,21.8,17.45909091,21.6,37.78461538,54.13333333,61.8,,,,0.0,0.001473701,0.000517211,7.696473114,19.35571692,8.14844262,155.0,Central African Republic,3.083,0.0,
29,29,0.51,1.312037037,0.53,CAN,99.8,99.8,99.8,2.5,2.5,2.5,63.3388,65.070924,63.95973333,0.001432289,0.006498611,0.0,1.5129035780000002,1.597860406,1.646554935,9.0,Canada,7.278,1.0,
30,30,0.42,1.116851852,0.433333333,CHE,99.9,99.9,99.9,2.5,2.5,2.5,67.9902,68.31296400000001,68.1808,0.0,0.019862203999999998,0.016716182,0.613309314,0.646488217,1.136185983,6.0,Switzerland,7.48,1.0,
31,31,0.74,4.33537037,0.79,CHL,99.1,91.81363636,98.93333333,4.092307691999999,3.5333333330000003,3.3,33.6614,38.566792,34.9705,0.024979444,0.044623972000000005,0.07480316,4.45998689,4.554743623999999,5.220193627,26.0,Chile,6.444,1.0,
32,32,0.93,5.206888889,1.08,CHN,76.5,59.59090909,74.23333333,14.0,9.2,8.7,,,,0.00550254,0.06467401099999999,0.010361383,1.0290816520000001,1.073420209,2.356098378,93.0,China,5.191,0.0,
33,33,8.88,17.96425926,9.48,CIV,22.5,17.88636364,21.96666667,21.07692308,21.26666667,20.7,,,,0.008127745,0.0016191060000000001,0.014140237,9.478731356,9.972835521,11.03728003,99.0,Ivory Coast,4.944,0.0,
34,34,8.4,17.1437037,9.023333333,CMR,45.8,42.35454545,45.4,18.83846154,6.8,7.3,,,,0.0015739329999999998,0.0032084059999999996,0.000672254,2.6222264980000003,2.7324539660000005,3.54484401,96.0,Cameroon,5.044,0.0,
35,35,9.11,18.142,9.766666667,COD,28.7,22.86818182,27.93333333,,,,,,,0.08269375799999999,0.0033934559999999996,0.01257341,3.045074247,3.2181139310000004,4.4498189539999995,127.0,Congo (Kinshasa),4.418,0.0,
36,36,4.75,11.17314815,5.133333333,COG,15.0,13.32,14.76666667,38.52307692,38.2,37.5,,,,0.0,0.0030872340000000003,0.0,5.150170884,5.867388067,6.562936081,103.0,Congo (Brazzaville),4.812,0.0,
37,37,1.47,5.582222222,1.57,COL,81.1,74.70454545,80.63333333,9.792307692,7.966666667,6.5,,,,0.149722106,0.10182496099999999,0.049176740999999996,29.74597995,29.13659776,64.10727632,43.0,Colombia,6.125,1.0,
38,38,6.9,13.48840909,7.3266666670000005,COM,35.8,25.56363636,35.0,,,,,,,0.0,0.006633767,0.0,7.621539277999999,7.685173294,8.088754642,142.0,Comoros,3.9730000000000003,0.0,
39,39,1.74,6.996,1.973333333,CPV,72.2,47.455,70.06666667,15.45384615,13.33333333,12.3,,,,0.0,0.00458106,0.102355142,12.77735582,13.14703408,12.42237802,,,,,
40,40,0.9,2.9232653060000002,0.936666667,CRI,94.5,91.48181818,94.43333333,5.338461538,5.266666667,4.4,45.2209,50.199464,43.3813,0.080723789,0.084233114,0.014815413999999999,10.40366806,10.30377466,7.105393491,12.0,Costa Rica,7.167000000000001,1.0,
41,41,0.54,1.9747058819999999,0.56,CUB,93.2,86.91363636,93.0,2.615384615,2.5,2.5,,,,0.009875459,0.008702003,0.0010079919999999999,6.054337727999999,6.048341839,6.323345483,,,,,
42,42,0.27,0.936857143,0.29,CYP,100.0,100.0,100.0,4.646153846,4.466666667,4.6,,,,0.0,0.003243749,0.0,1.612950273,1.635085128,2.156269106,49.0,Cyprus,6.046,1.0,
43,43,0.33,0.82969697,0.313333333,CZE,99.1,99.1,99.1,2.5,2.5,2.5,30.4064,39.62393478,32.0363,0.0,0.0030791779999999997,0.0,1.143285391,1.178172635,1.9557889,20.0,Czech Republic,6.852,1.0,
44,44,0.37,1.117391304,0.386666667,DEU,99.2,99.2,99.2,2.5,2.5,2.5,50.2756,52.089412,49.30086667,0.0,0.001158918,0.000869321,0.8022208059999999,0.7882270720000001,1.1158647590000002,,,,,
45,45,6.17,11.41973684,6.573333333,DJI,47.4,58.44090909,47.33333333,31.47692308,19.26666667,19.7,,,,0.0,0.16852085100000003,0.0,7.695642036000001,7.918445735,8.316953335,,,,,
46,46,3.4,3.674259259,3.1,DMA,,81.1,,5.161538462,5.833333333,5.2,,,,0.0,0.085317928,0.291687176,11.70465874,11.71580771,8.469115531,,,,,
47,47,0.43,1.0655555559999998,0.423333333,DNK,99.6,99.6,99.6,2.5,2.5,2.5,63.1839,69.5291,63.83783333,0.0,0.0009483439999999999,0.0,0.8077110759999999,0.776730455,1.357600745,2.0,Denmark,7.6,1.0,
48,48,2.99,7.773888889,3.156666667,DOM,84.0,77.74545455,83.26666667,22.19230769,11.9,10.4,,,,0.0,0.110379231,0.009021413,22.45808761,22.89291517,15.40049324,77.0,Dominican Republic,5.425,1.0,
49,49,2.4,11.6362963,2.49,DZA,87.6,83.65454545,87.2,8.123076923,4.633333333,4.7,,,,0.0,0.118403198,0.0036704890000000003,1.084100523,1.161439366,1.637976281,,,,,
50,50,1.45,7.7831481479999995,1.513333333,ECU,84.7,69.9,83.76666667,15.12307692,8.133333333,7.8,,,,0.0,0.089508509,0.286585054,13.87848698,13.75955331,18.80431206,50.0,Ecuador,6.028,1.0,
51,51,2.21,13.54777778,2.376666667,EGY,94.7,84.81363636,94.7,4.930769231,4.466666667,4.8,,,,0.0,0.014993603999999999,0.004928419,0.667825054,0.694132229,0.582423179,137.0,Egypt,4.166,0.0,
52,52,4.31,12.74575,4.606666667,ERI,15.7,11.69090909,15.43333333,,,,,,,0.0,0.000296725,0.0,11.32349416,11.72263847,12.35668274,,,,,
53,53,0.31,1.48962963,0.32,ESP,99.9,99.9,99.9,2.5,2.5,2.5,32.9834,43.215740000000004,33.69776667,0.0,0.003838049,0.001131285,0.714581908,0.744099101,1.057665301,30.0,Spain,6.354,1.0,
54,54,0.27,1.3082352940000002,0.31,EST,97.2,97.0,97.2,3.946153846,2.9,2.8,47.3257,41.988459999999996,43.703,0.0,0.001220643,0.0,4.503307505,4.575063033,13.229554,55.0,Estonia,5.893,1.0,
55,55,5.85,18.42604167,6.43,ETH,28.0,10.33181818,25.53333333,39.26153846,24.8,21.4,,,,0.021430207000000003,0.010219997,0.007850225,6.777949955,7.21007464,11.24644679,134.0,Ethiopia,4.2860000000000005,0.0,
56,56,0.23,0.957777778,0.24,FIN,97.6,97.40454545,97.6,2.5,2.5,2.5,53.0849,53.970572,52.5445,0.0,0.00133957,0.000644931,1.581319771,1.5824776440000001,2.7358923710000003,1.0,Finland,7.769,1.0,
57,57,2.53,3.9590740739999997,2.463333333,FJI,91.1,74.89090909,91.1,4.461538462,4.4,4.4,,,,0.0,0.08124063599999999,0.212877476,3.994803998,4.0926994180000005,4.051191612,,,,,
58,58,0.42,1.158888889,0.41666666700000005,FRA,98.7,98.7,98.7,2.5,2.5,2.5,37.6801,37.407579999999996,36.96466667,0.000172732,0.0076251769999999995,0.00250696,0.8294085790000001,0.8630180120000001,1.293318444,24.0,France,6.5920000000000005,1.0,
59,59,3.22,5.14030303,3.42,FSM,57.1,35.31818182,57.03333333,,,,,,,0.0,0.27165578,0.22829809899999998,5.622228884,5.634072241,5.778588394,,,,,
60,60,4.83,8.758333333,5.24,GAB,41.9,39.41666667,41.6,10.86923077,8.966666667,9.4,,,,0.0,0.00033761800000000003,0.0,4.757253287,4.9586426480000005,5.584905013999999,104.0,Gabon,4.7989999999999995,0.0,
61,61,0.43,1.286296296,0.446666667,GBR,99.2,99.2,99.2,2.5,2.5,2.5,57.092,62.714504000000005,58.11456667,0.0,0.002817497,0.00096228,0.533067857,0.527330922,0.8096838690000001,15.0,United Kingdom,7.053999999999999,1.0,
62,62,1.08,4.100769231,1.21,GEO,86.3,94.59545455,87.5,8.776923077000001,7.5,7.4,,,,0.0,0.025309972000000003,0.008062276,3.837343165,3.681417036,4.339146372,119.0,Georgia,4.519,0.0,
63,63,4.93,14.28222222,5.483333332999999,GHA,14.9,10.47272727,14.63333333,8.907692308,6.333333333,6.1,,,,0.00943912,0.00918995,0.005767596,2.9872775239999996,3.1023237710000005,3.9437596530000003,98.0,Ghana,4.996,0.0,
64,64,8.57,22.53541667,9.176666667000001,GIN,20.1,13.20454545,19.43333333,20.91538462,17.43333333,19.7,,,,0.0,0.000806353,0.004719912,6.321096963,6.538992834,6.544016952000001,118.0,Guinea,4.534,0.0,
65,65,6.36,20.14962963,6.796666667,GMB,58.9,59.595,58.76666667,12.39230769,9.8,9.6,,,,0.0,0.026941367,0.0,1.241879902,1.270478115,1.3491121730000002,120.0,Gambia,4.516,0.0,
66,66,8.42,17.65241379,9.086666667000001,GNB,20.8,14.3,20.46666667,23.76153846,25.2,26.0,,,,0.0,0.001238648,0.0,8.143195316,8.423408757,9.362749578999999,,,,,
67,67,8.96,15.685,9.603333333,GNQ,74.5,78.85,74.63333333,,,,,,,0.0,0.0,0.0,3.345031536,3.275595615,4.8995733360000004,,,,,
68,68,0.53,1.791851852,0.47666666700000004,GRC,99.0,95.68181818,99.0,2.5,2.5,2.5,23.2708,34.611364,25.22173333,0.019967976000000002,0.008167986,0.005267811,1.2511524840000001,1.281327886,1.254057912,82.0,Greece,5.287000000000001,0.0,
69,69,1.67,1.844333333,1.6266666669999998,GRD,98.0,98.0,98.0,,,,,,,0.0,0.116759258,0.0,5.294013467,5.1931020210000005,4.4068401680000004,,,,,
70,70,2.76,10.68944444,2.96,GTM,63.9,54.85454545,63.4,16.42307692,16.4,15.8,,,,0.021363061000000003,0.068532161,0.012210195,36.59360462,34.33558651,36.86535931,27.0,Guatemala,6.436,1.0,
71,71,3.13,6.100740741,3.33,GUY,83.7,79.46363636,83.6,9.661538462000001,8.2,7.5,,,,0.0,0.026120371,0.0,17.07405747,17.82144456,15.62750139,,,,,
72,72,1.82,8.676851852,1.96,HND,82.6,63.81818182,81.3,16.60769231,15.5,15.3,,,,0.029411215,1.455593889,0.0036847720000000002,43.73212615,80.56630863,52.56482944,59.0,Honduras,5.86,1.0,
73,73,0.46,1.09030303,0.48,HRV,97.0,97.24545455,97.1,4.030769231,2.5,2.5,,,,0.0,0.000808845,0.001917822,1.116576346,1.16910276,2.545186773,75.0,Croatia,5.432,1.0,
74,74,7.17,16.91888889,7.496666667,HTI,27.6,21.66363636,27.06666667,54.03076923,48.63333333,45.8,,,,0.035114968999999996,3.133013235,0.23049244,18.52015384,18.96214069,20.73640363,147.0,Haiti,3.597,0.0,
75,75,0.45,2.310185185,0.51,HUN,98.0,98.0,98.0,2.5,2.5,2.5,32.2632,31.85004348,31.9154,0.0,0.00322452,0.0,1.628133258,1.72648449,2.8656042,62.0,Hungary,5.757999999999999,1.0,
76,76,2.54,10.52314815,2.726666667,IDN,60.8,47.09545455,59.7,16.03846154,7.266666667000001,7.7,,,,0.0063959590000000005,0.47706455700000006,0.010153032,0.978833715,1.007191701,1.485526265,92.0,Indonesia,5.192,0.0,
77,77,3.94,14.42888889,4.413333333,IND,39.6,26.20909091,38.5,19.50769231,16.0,14.8,,,,0.01997276,0.050168145,0.009630737,3.031355894,3.078896305,4.004943496,140.0,India,4.015,0.0,
78,78,0.35,1.390185185,0.37,IRL,90.5,89.52727273,90.4,2.5,2.5,2.5,46.7205,51.064668,48.19036667,0.0,0.0020429520000000002,0.002257835,0.677645217,0.723936802,0.975770274,16.0,Ireland,7.021,1.0,
79,79,1.49,6.873953488,1.6033333330000001,IRN,90.0,79.5,89.8,5.869230769,5.233333333,4.9,,,,0.222346498,0.976837712,0.007500537,2.332909504,2.5031915369999997,2.568578634,117.0,Iran,4.548,0.0,
80,80,3.04,7.638518519,3.226666667,IRQ,85.6,76.57142857,85.33333333,27.90769231,27.63333333,27.7,,,,0.006579255,0.002030869,0.013518563999999999,5.665949618,6.276697661,7.575482204,126.0,Iraq,4.437,0.0,
81,81,0.21,0.92537037,0.226666667,ISL,98.8,98.8,98.8,2.5,2.5,2.5,80.3022,72.3069375,81.82396667,0.04538042,0.092346775,0.0,0.728002412,0.724233882,0.9412685559999999,4.0,Iceland,7.494,1.0,
82,82,0.36,1.13775,0.38333333299999994,ISR,100.0,100.0,100.0,2.5,2.5,2.5,47.07,55.442719999999994,48.57833333,0.0,0.00422855,0.0,2.088023894,2.143726035,2.605408384,13.0,Israel,7.138999999999999,1.0,
83,83,0.34,1.7414814809999999,0.35,ITA,99.5,99.5,99.5,2.5,2.5,2.5,26.0756,35.317347999999996,26.32353333,0.006754090999999999,0.008159363000000001,0.019730011000000002,0.7741462159999999,0.818580654,1.4571337619999998,36.0,Italy,6.223,1.0,
84,84,1.52,3.866666667,1.62,JAM,81.8,80.73636364,81.76666667,7.692307692000001,9.2,8.9,,,,0.0,0.018748693,0.0,31.92988178,34.62450676,21.08311279,56.0,Jamaica,5.89,1.0,
85,85,1.7,5.6327777779999995,1.813333333,JOR,98.6,97.88636364,98.6,8.4,11.86666667,13.5,,,,0.0,0.006524398000000001,0.0,2.605812428,2.662347507,3.4828886310000002,101.0,Jordan,4.906000000000001,0.0,
86,86,0.26,1.103518519,0.283333333,JPN,100.0,100.0,100.0,2.5,2.5,2.5,47.6,45.4184,44.13333333,0.0037182129999999997,0.096828044,0.009519993000000001,0.555812985,0.5606594739999999,0.792782421,58.0,Japan,5.886,1.0,
87,87,1.0,5.162790698,1.203333333,KAZ,97.5,96.83636364,97.5,4.630769231,2.5,2.5,,,,0.0,0.004686555,0.003264892,8.508572523,8.418831756,16.08016522,60.0,Kazakhstan,5.809,1.0,
88,88,4.56,11.46259259,4.876666667,KEN,30.1,27.00454545,29.86666667,27.56153846,21.36666667,24.2,,,,0.009001676,0.016285628,0.016141196,9.047429438,9.450224541,9.90126341,121.0,Kenya,4.5089999999999995,0.0,
89,89,2.0,6.277435897,2.23,KGZ,93.3,91.89545455,93.1,10.84615385,6.666666667,6.5,,,,0.070803452,0.05493962,0.024607197,4.21075077,4.5664169480000005,9.082823949,86.0,Kyrgyzstan,5.261,0.0,
90,90,2.92,11.92589744,3.206666667,KHM,42.4,17.48636364,39.0,21.0,18.76666667,18.5,,,,0.0,0.064142532,0.01531663,2.3823511,2.4601336259999997,3.047079688,109.0,Cambodia,4.7,0.0,
91,91,5.46,10.34176471,5.776666667000001,KIR,39.7,33.90909091,39.7,4.223076923,3.233333333,3.1,,,,0.0,0.0,0.0,1.731486461,1.783119575,2.01882494,,,,,
92,92,1.37,3.4988636360000003,1.3866666669999999,KNA,,87.3,,,,,,,,,,,,,,,St. Kitts and Nevis,,,
93,93,0.33,3.3531481480000003,0.35,KOR,100.0,100.0,100.0,2.5,2.5,2.5,27.3276,32.080192,28.17836667,0.0,0.039418247000000003,0.006463074,1.342270135,1.39776877,2.1239959980000003,54.0,South Korea,5.895,1.0,
94,94,0.81,3.97537037,0.8766666670000001,KWT,100.0,100.0,100.0,2.5,2.5,2.5,,,,0.0,0.0019426139999999998,0.0,0.9036145109999999,0.8846695459999999,1.86947347,51.0,Kuwait,6.021,1.0,
95,95,6.34,13.48305556,6.786666667,LAO,70.9,37.13333333,67.56666667,27.02307692,17.2,16.6,,,,0.0,0.016994815,0.0036569529999999997,3.220732499,3.3928101219999998,5.6480639020000005,105.0,Laos,4.796,0.0,
96,96,0.78,3.937592593,0.84,LBN,80.7,81.96428571,80.7,3.784615385,10.23333333,10.9,,,,0.0,0.0,0.005279215,4.468474968,5.842581857000001,6.880522914,91.0,Lebanon,5.197,0.0,
97,97,7.47,22.71555556,8.016666667,LBR,16.9,13.93888889,16.36666667,38.48461538,38.0,38.8,,,,0.0,0.0015604770000000002,0.0,2.0860801280000003,2.15386622,8.503576672000001,141.0,Liberia,3.975,0.0,
98,98,1.24,7.962962963,1.33,LBY,96.6,96.51818182,96.6,,,,,,,0.0,0.0022805620000000003,0.0,2.383870344,8.376532595,2.311589574,72.0,Libya,5.525,1.0,
99,99,1.66,2.802272727,1.73,LCA,90.5,83.45,90.0,,,,,,,0.0,0.047982178,0.0,18.60793112,18.65649257,15.274965,,,,,
100,100,0.88,4.095740741,0.953333333,LKA,95.1,81.71363636,94.56666667,16.51538462,11.13333333,10.9,,,,0.028710056,1.049590862,0.084870081,3.530351982,3.5968981639999997,5.856578541,130.0,Sri Lanka,4.3660000000000005,0.0,
101,101,8.59,13.00759259,9.246666667000001,LSO,30.3,25.23333333,29.76666667,12.51538462,13.1,12.8,,,,0.0,0.00883625,0.0,40.86345239,43.7347775,39.03039414,144.0,Lesotho,3.802,0.0,
102,102,0.43,1.5527659569999999,0.49,LTU,92.4,86.78181818,91.6,2.5,2.5,2.5,,,,0.0,0.0019360970000000001,0.0,6.0204972560000005,6.160951319,9.887916426,42.0,Lithuania,6.149,1.0,
103,103,0.26,1.1322,0.26666666699999997,LUX,97.6,97.69545455,97.6,2.5,2.5,2.5,33.1161,34.671791999999996,32.1138,0.0,0.002231442,0.0,1.054969167,1.080549906,1.667024355,14.0,Luxembourg,7.09,1.0,
104,104,0.42,1.4928571430000002,0.5033333329999999,LVA,87.8,83.32666667,86.93333333,2.984615385,2.5,2.5,,,,0.0,0.001273597,0.0,6.865047951,6.9837668079999995,12.74143092,53.0,Latvia,5.94,1.0,
105,105,2.33,11.19555556,2.543333333,MAR,76.7,64.20454545,76.23333333,5.692307692000001,4.033333333,3.9,,,,0.0,0.038685267999999995,0.009479371,1.155156008,1.193426283,1.134879977,89.0,Morocco,5.207999999999999,0.0,
106,106,0.33,0.586551724,0.35,MCO,100.0,100.0,100.0,,,,,,,,,,,,,,,,,
107,107,1.55,3.6848837210000003,1.6,MDA,76.4,73.19,76.1,,,,,,,0.0,0.005704515,0.0,6.033488813,6.32117878,10.46090389,71.0,Moldova,5.529,1.0,
108,108,4.42,13.32869565,4.7866666669999995,MDG,12.0,10.38636364,11.73333333,34.10769231,38.33333333,43.1,,,,0.044042987,0.038870148,0.009085761,1.50583061,1.564607545,1.8769024730000001,143.0,Madagascar,3.9330000000000003,0.0,
109,109,0.79,12.29,0.88,MDV,97.9,81.04090909,98.0,14.9,11.1,11.0,,,,0.0,0.358350347,0.0,0.8749208740000001,0.8683716570000001,0.954980705,,,,,
110,110,1.34,6.371851852000001,1.476666667,MEX,85.2,74.94545455,84.4,4.869230769,4.2,3.8,43.744,49.4699,44.24823333,0.074230691,0.034734607,0.011180313,34.09992849,22.55951991,17.37018026,23.0,Mexico,6.595,1.0,
111,111,3.4,6.07537037,3.58,MHL,76.9,70.26363636,76.56666667,,,,,,,0.0,0.0,0.0,6.275024352000001,6.414779655,6.65302323,,,,,
112,112,1.37,2.687272727,1.22,MKD,90.9,90.19166667,90.93333333,5.938461537999999,4.366666667,4.1,,,,0.0,0.002007089,0.051842945,1.8131820109999999,1.7744012080000002,2.538317668,84.0,North Macedonia,5.274,0.0,
113,113,10.6,27.93529412,11.36666667,MLI,24.7,18.30454545,23.76666667,10.12307692,5.966666667,6.0,,,,0.0,0.002615911,0.00329389,5.240823036,5.753683349,6.100939625,128.0,Mali,4.39,0.0,
114,114,0.64,1.679259259,0.656666667,MLT,100.0,100.0,100.0,2.5,2.5,2.5,,,,0.0,0.001468476,0.0,1.217819969,1.194927708,1.4115933809999999,22.0,Malta,6.726,1.0,
115,115,4.86,11.57891304,5.243333333,MMR,79.6,64.01904762,79.46666667,29.23846154,11.63333333,10.5,,,,0.0007331589999999999,0.9980084779999999,0.025568806,1.6837988730000002,1.7101091290000001,2.4808132119999997,131.0,Myanmar,4.36,0.0,
116,116,0.35,1.3913333330000002,0.41666666700000005,MNE,95.9,90.96428571,95.1,2.5,2.5,2.5,,,,0.0,0.000563531,0.0,3.531827325,3.565436258,4.770408663,73.0,Montenegro,5.523,1.0,
117,117,1.72,8.718611111,1.8866666669999999,MNG,59.7,50.32,58.5,27.53076923,18.26666667,18.7,,,,0.08026792,0.050946227999999996,0.019316752,8.381313757000001,8.597978187999999,10.34986216,83.0,Mongolia,5.285,0.0,
118,118,7.24,21.39387755,7.886666667,MOZ,20.5,14.37272727,20.16666667,35.08461538,29.76666667,30.5,,,,0.002733095,0.026774184,0.025209339,6.343194005,6.593623217999999,6.11624128,123.0,Mozambique,4.466,0.0,
119,119,7.9,14.99907407,8.413333332999999,MRT,40.0,24.79090909,39.13333333,10.23076923,7.9,11.3,,,,0.090061976,0.011448648999999998,0.0,3.798574593,3.87957014,4.549151392,122.0,Mauritania,4.49,0.0,
120,120,1.31,4.307592593,1.43,MUS,93.1,91.65454545,93.13333333,5.415384615,5.533333333,5.8,45.641000000000005,48.8856381,45.29263333,0.0,0.014677241,0.0,2.555377989,2.64340181,2.551482472,57.0,Mauritius,5.888,1.0,
121,121,5.54,22.19204082,6.193333332999999,MWI,41.0,34.42272727,40.13333333,24.5,23.26666667,26.3,,,,0.0,0.013476796000000001,0.074071891,1.702387093,1.798617821,2.251472697,150.0,Malawi,3.41,0.0,
122,122,0.79,3.003703704,0.76,MYS,96.0,91.24545455,95.96666667,3.692307692,3.0333333330000003,2.9,,,,0.005456635,0.027775937,0.009594684000000001,1.9669213680000002,1.996159349,2.100770278,80.0,Malaysia,5.3389999999999995,0.0,
123,123,4.42,8.043617021000001,4.7133333330000005,NAM,34.4,27.96818182,33.56666667,29.36153846,28.2,25.4,,,,0.0,0.051190455,0.0,14.69095793,15.12937689,21.58217111,113.0,Namibia,4.638999999999999,0.0,
124,124,8.45,26.69,9.36,NER,10.9,6.745454545,10.46666667,14.82307692,10.93333333,14.4,,,,0.041821866,0.006223398000000001,0.024069739,4.918061783,4.998569328,6.1703990520000005,114.0,Niger,4.628,0.0,
125,125,10.02,21.1682,10.76333333,NGA,29.0,33.95454545,29.6,7.161538462,7.966666667,11.5,,,,0.00127387,0.003522917,0.0017889020000000002,3.4611113839999996,4.235021854,4.630289151,85.0,Nigeria,5.265,0.0,
126,126,1.72,9.483888889,1.8533333330000001,NIC,67.9,54.89090909,67.46666667,24.22307692,17.06666667,16.2,,,,0.064849933,0.29329936100000004,0.025609108999999998,7.374719902000001,7.837056258,11.34242396,45.0,Nicaragua,6.105,1.0,
127,127,0.39,1.034814815,0.40333333299999996,NLD,97.7,98.02727273,97.76666667,2.5,2.5,2.5,68.8744,66.947036,68.33673333,0.0,0.001083273,0.000230696,0.857513121,0.856507672,1.34236934,5.0,Netherlands,7.4879999999999995,1.0,
128,128,0.26,1.013703704,0.27,NOR,98.1,98.1,98.1,2.5,2.5,2.5,54.3474,59.889536,54.73593333,0.0,0.011894883,0.011523387,0.72927462,0.735769528,1.10031467,3.0,Norway,7.553999999999999,1.0,
129,129,3.37,16.84759259,3.663333333,NPL,45.8,22.29090909,42.63333333,15.18461538,9.4,9.5,,,,0.084431619,0.127744033,1.66928788,1.6277023019999999,1.66167261,1.705581588,100.0,Nepal,4.913,0.0,
130,130,3.3,4.769310345,3.496666667,NRU,65.6,65.67727273,65.6,,,,,,,,,,,,,,,,,
131,131,0.53,1.3807407409999999,0.556666667,NZL,,,,2.5,2.5,2.5,63.6548,63.32538,62.1974,0.0,0.063793663,0.010659997,1.340484442,1.292217202,1.737533481,8.0,New Zealand,7.307,1.0,
132,132,1.13,10.00134615,1.123333333,OMN,96.7,89.51818182,96.7,8.892307692000001,5.166666667,5.4,,,,0.0,0.036398348,0.006152645,0.532462463,0.55070366,0.626441916,,,,,
133,133,3.91,7.148333332999999,4.196666667,OWID_WRL,,,,13.5,10.76666667,10.8,,,,0.017165103,0.114913785,0.017346984,5.305255472,5.320200321000001,6.586985082000001,,,,,
134,134,7.49,15.198703699999998,7.95,PAK,63.5,38.15909091,60.03333333,22.84615385,21.06666667,20.5,,,,0.002977167,0.256712729,0.030763627,4.352146853,4.606703501,5.441810235,67.0,Pakistan,5.653,1.0,
135,135,1.61,4.2472222219999995,1.723333333,PAN,75.0,66.56363636,73.93333333,19.53846154,9.333333332999999,9.2,43.6307,47.84877619,41.5699,0.005272326999999999,0.053288714,0.04441064,16.31912827,17.76986168,13.944371799999999,31.0,Panama,6.321000000000001,1.0,
136,136,1.5,10.10333333,1.62,PER,76.2,63.20454545,74.56666667,16.96923077,9.2,8.8,54.0257,58.95567727,59.86713333,0.07079036,0.079201183,0.023486786000000003,3.572673519,3.663691214,4.854703602,65.0,Peru,5.697,1.0,
137,137,2.81,6.325185185,2.91,PHL,73.9,64.12272727,72.5,16.00769231,14.1,13.7,35.701,45.909864,39.16476667,0.010381196,0.156558499,0.012593242,15.35753948,15.145890300000001,15.22155581,69.0,Philippines,5.631,1.0,
138,138,1.53,2.8656666669999997,1.6333333330000002,PLW,100.0,80.13181818,100.0,,,,,,,,,,,,,,,,,
139,139,5.34,10.6362963,5.71,PNG,18.9,19.37727273,18.9,,,,,,,0.0,0.21690430600000002,0.0,10.77534159,11.04595898,12.08319751,,,,,
140,140,0.47,2.278518519,0.49,POL,97.2,90.0,96.46666667,2.5,2.5,2.5,35.0858,36.42872609,34.04783333,0.0,0.002000986,0.000424738,1.734790215,1.744396303,2.887883527,40.0,Poland,6.182,1.0,
141,141,1.9,4.540689655,2.113333333,PRK,81.9,64.7,81.86666667,38.31538462,42.26666667,43.4,,,,0.0,0.034551595,0.08417196699999999,2.756064775,2.8120325189999997,3.053408513,,,,,
142,142,0.37,3.2690740739999997,0.37,PRT,99.7,96.20454545,99.6,2.5,2.5,2.5,34.1795,43.71982,33.5593,0.0,0.004178371,0.0009354960000000001,1.326250297,1.369491741,2.279712275,66.0,Portugal,5.693,1.0,
143,143,2.1,5.34537037,2.2366666669999997,PRY,88.6,68.85,86.66666667,12.1,12.06666667,11.2,,,,0.0,0.022520451,0.016753023,12.18520224,12.00423717,13.98080667,63.0,Paraguay,5.742999999999999,1.0,
144,144,2.09,4.682564103,2.183333333,PSE,92.3,89.00952381,92.26666667,,,,,,,0.0,0.0017974,0.009384375,5.354183462,6.2520782189999995,3.5164422789999996,,,,,
145,145,0.76,2.602444444,0.806666667,QAT,98.0,99.25,98.0,,,,,,,0.0,0.0,0.0,0.778852147,0.820649725,1.034563172,29.0,Qatar,6.374,1.0,
146,146,0.78,3.298627451,0.923333333,ROU,79.1,74.10454545,78.63333333,2.5,2.5,2.5,,,,0.0034483829999999997,0.005367229,0.001039497,2.085925371,2.0716211540000002,3.473046053,48.0,Romania,6.07,1.0,
147,147,0.76,2.215,0.856666667,RUS,72.2,72.46818182,72.2,2.992307692,2.5,2.5,34.1276,43.05666522,36.98696667,0.000872077,0.010393187,0.004496448,14.80040858,15.66097505,27.89816896,68.0,Russia,5.648,1.0,
148,148,3.79,17.84537037,4.216666667,RWA,61.6,46.60909091,59.96666667,42.38461538,32.56666667,36.1,,,,0.004408264,0.012013589,0.027658838999999998,2.947404236,3.2969556410000003,5.437496005,152.0,Rwanda,3.3339999999999996,0.0,
149,149,0.74,5.393809524,0.846666667,SAU,100.0,96.61363636,100.0,7.130769231,5.466666667,5.5,,,,0.004240764,0.018198932,0.01704237,0.877016747,0.890466669,0.8123752340000001,28.0,Saudi Arabia,6.375,1.0,
150,150,6.32,12.9312963,6.713333333,SDN,,25.21363636,23.56666667,25.4,25.13333333,25.2,,,,0.0,0.0135869,0.036296252,1.061027992,2.939958621,3.06630448,,,,,
151,151,4.54,18.22407407,4.9966666669999995,SEN,47.6,40.51818182,46.6,19.72307692,12.1,11.3,,,,0.0,0.012021491,0.001915424,1.004109266,1.026491582,1.2147153990000001,111.0,Senegal,4.681,0.0,
152,152,0.28,1.439074074,0.273333333,SGP,100.0,99.68636364,100.0,,,,,,,0.0,0.00030472400000000003,0.0,0.46361613100000004,0.469363462,1.23495176,34.0,Singapore,6.2620000000000005,1.0,
153,153,2.06,6.364259259,2.19,SLB,29.8,26.98333333,29.2,12.16923077,12.96666667,12.3,,,,0.0,0.10108148800000001,0.46725675299999997,5.226367043,5.321148784,5.811571696000001,,,,,
154,154,11.05,27.15888889,12.25,SLE,13.3,11.4,12.96666667,33.68461538,25.26666667,25.5,,,,0.35228538600000003,0.010611898,0.004503251,1.370973547,1.417785488,1.9533889269999998,129.0,Sierra Leone,4.374,0.0,
155,155,1.45,8.672037037,1.5566666669999998,SLV,75.0,62.21818182,73.4,10.86923077,11.36666667,10.3,46.3281,48.59800476,46.1694,0.0,0.25376087199999997,0.01669508,56.69019568,91.79840795,59.61678544,35.0,El Salvador,6.252999999999999,1.0,
156,156,0.22,0.738,0.246666667,SMR,,,,,,,,,,,,,,,,,San Marino,,,
157,157,12.72,17.35677419,13.56333333,SOM,,22.16315789,,,,,,,,0.0,0.09594561199999999,0.002146961,8.302061601,8.797472812999999,14.8093918,112.0,Somalia,4.668,0.0,
158,158,0.57,1.8266666669999998,0.63,SRB,96.4,96.78636364,96.5,5.985714286,5.9,5.6,,,,0.0,0.0017931520000000001,0.015719311,2.457650543,2.557025917,4.051716396000001,,,,,
159,159,9.64,20.50942857,9.64,SSD,6.7,6.6,6.666666667,,,,,,,0.0,0.006781593000000001,0.0,7.783297045,11.23170489,10.77776696,156.0,South Sudan,2.853,0.0,
160,160,3.24,8.537959184,3.516666667,STP,34.7,24.55,34.5,12.56923077,11.13333333,10.2,,,,0.0,0.0,0.0,5.0935025000000005,5.305432442,5.645118495,,,,,
161,161,1.96,3.8070967739999997,2.09,SUR,79.2,80.51111111,79.23333333,10.36153846,7.833333333,7.6,,,,0.0,0.0075241,0.0,9.068329412999999,9.087938606,9.455494046,,,,,
162,162,0.56,1.207878788,0.6,SVK,98.8,98.87272727,98.8,5.584615385,3.3,2.7,32.2883,40.23965217,32.43753333,0.0,0.007812035,0.0019240610000000001,2.428877145,2.508625496,3.2489916819999998,38.0,Slovakia,6.1979999999999995,1.0,
163,163,0.21,0.8021212120000001,0.24,SVN,99.1,99.1,99.1,2.5,2.5,2.5,38.5564,39.2516,36.07143333,0.0,0.008911771,0.005312753000000001,0.9803212240000001,0.992963238,1.79010238,44.0,Slovenia,6.117999999999999,1.0,
164,164,0.28,0.84037037,0.29,SWE,99.3,99.3,99.3,2.5,2.5,2.5,54.2271,51.342088000000004,54.89226667,0.0,0.002636617,0.000366047,1.199426718,1.2434626770000001,1.438460576,7.0,Sweden,7.343,1.0,
165,165,5.39,12.64592593,5.876666667,SWZ,57.5,52.17272727,57.5,19.58461538,21.26666667,20.7,,,,0.0,0.00022245400000000002,0.027350567000000003,23.48696848,25.73257707,26.78406092,135.0,Swaziland,4.212,0.0,
166,166,1.42,3.703888889,1.446666667,SYC,98.4,98.4,98.4,,,,,,,0.0,0.054413273,0.0,6.231653668,6.204921776,7.026514366000001,,,,,
167,167,12.32,20.34190476,13.08,TCD,12.1,9.813636364,12.0,39.63076923,37.5,39.7,,,,0.0,0.008501461,0.0,5.757251704,5.8593913760000005,6.316595692999999,132.0,Chad,4.35,0.0,
168,168,7.29,16.465,7.77,TGO,11.6,11.45909091,11.56666667,25.16153846,17.16666667,16.2,,,,0.0,0.005306984,0.0,5.352502747,5.538219812,5.854051264,139.0,Togo,4.085,0.0,
169,169,0.95,5.661851852000001,1.046666667,THA,93.0,91.05,93.1,12.66153846,9.133333333,9.0,,,,0.01650661,0.125983441,0.005145416,6.014672487,5.949046492999999,11.48157496,52.0,Thailand,6.007999999999999,1.0,
170,170,3.36,10.01,3.58,TJK,95.0,91.26315789,94.7,,,,,,,0.027123742000000003,0.182849987,0.01635627,2.89216131,2.851495798,5.5981407,74.0,Tajikistan,5.4670000000000005,1.0,
171,171,4.73,8.659459458999999,5.05,TKM,,62.32307692,,5.5,4.9,5.5,,,,0.0,0.0017166710000000001,0.000774313,4.083705501,4.143491111,5.453368039,87.0,Turkmenistan,5.247000000000001,0.0,
172,172,4.76,12.09655172,5.116666667,TLS,40.6,37.85882353,40.1,31.43076923,26.83333333,27.2,,,,0.0,0.0032279690000000002,0.0,2.721601401,2.689353024,3.1960397289999998,,,,,
173,173,1.6,3.024313725,1.6733333330000002,TON,91.0,92.89545455,91.13333333,,,,,,,0.0,0.056882697,0.047868192999999996,2.2103991069999998,2.221279998,3.482080622,,,,,
174,174,2.61,4.041111111,2.77,TTO,91.5,90.72272727,91.5,10.60769231,6.033333333,4.9,,,,0.0,0.009016073000000001,0.0,22.85306179,24.19361332,18.91620811,39.0,Trinidad & Tobago,6.192,1.0,
175,175,1.3,9.099423077,1.4,TUN,91.6,81.9,90.93333333,5.192307692,4.566666667,4.9,,,,0.0,0.007009298000000001,0.0,0.586229833,0.6108791920000001,0.738502696,124.0,Tunisia,4.461,0.0,
176,176,1.16,10.74277778,1.3433333330000001,TUR,94.9,88.25,94.1,2.5,2.5,2.5,43.8131,43.142708,42.44626667,0.0,0.236311043,0.001848675,2.124488483,2.173476499,2.511600126,79.0,Turkey,5.372999999999999,0.0,
177,177,2.49,5.108461538,2.656666667,TUV,,78.60454545,83.3,,,,,,,,,,,,,,,,,
178,178,5.4,16.34074074,5.856666667000001,TZA,15.6,9.654545455,14.5,34.88461538,32.3,32.0,,,,0.002048097,0.007326081,0.011806423,5.652196575,5.7835476329999995,6.465092255,153.0,Tanzania,3.2310000000000003,0.0,
179,179,4.9,16.791296300000003,5.53,UGA,19.1,15.71363636,18.76666667,27.92307692,35.93333333,41.4,,,,0.007324371,0.010387523000000001,0.00270919,3.898068693,4.119328815,5.046475561,136.0,Uganda,4.189,0.0,
180,180,0.88,2.082790698,0.943333333,UKR,95.9,94.94444444,95.83333333,2.761538462,2.633333333,3.3,,,,0.0,0.000898803,0.0008700569999999999,10.07928519,10.08696737,12.93499699,133.0,Ukraine,4.332,0.0,
181,181,0.82,3.3485185189999997,0.893333333,URY,96.4,93.60454545,96.1,3.5307692310000003,2.5,2.5,47.7374,54.1784,49.3744,0.0,0.001312142,0.002037316,6.132201024,6.422903297,4.951522876,33.0,Uruguay,6.292999999999999,1.0,
182,182,0.66,1.48537037,0.68,USA,100.0,99.74545455,100.0,2.5,2.5,2.5,55.2156,61.99994,55.2092,0.0036046090000000004,0.015654085,0.009654901,6.1199555210000005,5.824200341,7.42118959,19.0,United States,6.892,1.0,
183,183,2.25,6.74,2.566666667,UZB,100.0,91.65909091,100.0,13.33846154,7.3666666670000005,7.4,,,,0.0,0.0014756679999999999,0.000336219,2.557037233,2.513204119,3.530991483,41.0,Uzbekistan,6.1739999999999995,1.0,
184,184,1.62,3.674222222,1.743333333,VCT,,71.11111111,,9.538461538,5.933333332999999,5.7,,,,0.0,0.126083387,0.0,20.75643608,20.92725864,16.06823723,,,,,
185,185,3.09,3.97462963,2.286666667,VEN,94.4,88.22272727,94.26666667,9.323076923,7.933333332999999,11.7,,,,0.0,0.9533449409999999,0.0,47.87199354,48.80879099,36.38875473,108.0,Venezuela,4.707,0.0,
186,186,2.09,5.2826,2.16,VNM,78.0,53.79090909,74.7,17.46153846,11.6,10.8,,,,0.032552961,0.100720899,0.011035388,1.575046915,1.6157609730000002,1.897229354,94.0,Vietnam,5.175,0.0,
187,187,2.69,6.421296296,2.816666667,VUT,57.9,44.555,57.9,6.846153846,6.7,7.1,,,,0.0,0.46458972,0.36775109899999997,1.669130878,1.6860528069999998,1.8037444480000002,,,,,
188,188,1.65,2.496333333,1.73,WSM,91.5,92.18636364,91.53333333,3.738461538,3.1,3.1,,,,0.0,0.745704367,0.0,3.081857786,3.112773341,3.596088687,,,,,
189,189,5.54,17.3456,5.54,YEM,,39.87727273,53.3,28.39230769,30.16666667,34.4,,,,0.030654979,0.027560157000000002,0.015584343999999998,2.8501014430000002,5.176038223,3.260595483,151.0,Yemen,3.38,0.0,
190,190,3.71,7.69425,4.0033333330000005,ZAF,66.4,57.45909091,65.26666667,4.530769231,5.3,6.1,,,,0.00294612,0.0071483530000000005,0.0029523609999999997,28.57172516,27.93302166,48.5162956,106.0,South Africa,4.7219999999999995,0.0,
191,191,6.0,15.89277778,6.51,ZMB,43.9,41.21818182,43.46666667,50.36153846,45.13333333,44.5,,,,0.0,0.001967855,0.0,5.721783528,5.838550108,7.282721641,138.0,Zambia,4.107,0.0,
192,192,5.03,10.21351852,5.713333333,ZWE,36.8,39.0,37.16666667,41.73846154,46.53333333,46.6,,,,0.0,0.006365597,0.015023785,8.019027413,8.294199817,9.016830342,146.0,Zimbabwe,3.6630000000000003,0.0,
193,193,,,,ABW,97.7,98.15,97.7,,,,,,,,,,,,,,Aruba,,,
194,194,,,,ASM,62.5,61.59090909,62.5,,,,,,,0.0,0.533377035,0.0,5.215552013,5.182962853,5.766736071,,American Samoa,,,
195,195,,,,CYM,95.6,95.55454545,95.56666667,,,,,,,,,,,,,,Cayman Islands,,,
196,196,,,,GRL,100.0,100.0,100.0,,,,,,,0.0,0.019832235,0.0,8.088040076,8.45720426,14.07516393,,Greenland,,,
197,197,,,,GUM,89.8,89.19545455,89.8,,,,,,,0.0,0.011647912,0.0,4.825317728,4.809572568,4.251960841,,Guam,,,
198,198,,,,MNP,79.7,73.95,79.7,,,,,,,0.0,0.06279398,0.0,5.071153035,4.920114648999999,5.4873204829999995,,Northern Mariana Islands,,,
199,199,,,,NCL,100.0,100.0,100.0,7.8230769229999995,8.566666667,11.6,,,,,,,,,,,New Caledonia,,,
200,200,,,,PRI,99.3,99.3,99.3,,,,,,,6.798822727999999,0.006433505999999999,0.001131472,20.85044822,20.32734281,22.85709228,,Puerto Rico,,,
201,201,,,,PYF,98.5,98.08636364,98.46666667,4.1,4.233333333,4.4,,,,,,,,,,,French Polynesia,,,
202,202,,,,SYR,95.7,89.1,95.7,,,,,,,0.0,0.008273397,0.0034616340000000003,1.87287994,5.908755437000001,1.92769217,149.0,Syria,3.4619999999999997,0.0,
203,203,,,,TCA,,81.4,,,,,,,,,,,,,,,Turks and Caicos,,,
204,204,,,,VGB,97.5,97.5,97.5,,,,,,,,,,,,,,British Virgin Islands,,,
205,205,,,,VIR,96.4,96.4,96.4,,,,,,,0.39904005600000003,0.063169655,0.0,29.60956986,29.55504419,24.35888631,,US Virgin Islands,,,
206,206,,,,HKG,,,,2.5,2.5,2.5,,,,,,,,,,,Hong Kong,,,
207,207,,,,MAC,,,,16.05384615,11.9,11.4,,,,,,,,,,,Macao,,,
208,208,,,,BMU,,,,,,,,,,0.0,0.056415025,0.0,3.02942888,3.085218186,3.575666211,,Bermuda,,,
209,209,,,,TWN,,,,,,,,,,0.002784753,0.11526057,0.025356376,1.428121365,1.397527235,2.7846992680000002,25.0,Taiwan,6.446000000000001,1.0,
