Code,1960,1961,1962,1963,1964,1965,1966,1967,1968,1969,1970,1971,1972,1973,1974,1975,1976,1977,1978,1979,1980,1981,1982,1983,1984,1985,1986,1987,1988,1989,1990,1991,1992,1993,1994,1995,1996,1997,1998,1999,2000,2001,2002,2003,2004,2005,2006,2007,2008,2009,2010,2011,2012,2013,2014,2015,2016,2017
AFG,35.65,35.05,34.48,33.93,33.41,32.85,32.3,31.75,31.21,30.66,30.09,29.53,29.0,28.39,27.82,27.22,26.62,26.02,25.41,24.77,24.13,23.46,22.81,22.14,21.47,20.8,20.13,19.46,18.8,18.14,17.51,16.89,16.29,15.74,15.24,14.78,14.35,13.96,13.58,13.23,12.88,12.53,12.17,11.79,11.41,11.01,10.61,10.2,9.79,9.39,9.0,8.62,8.26,7.92,7.6,7.31,7.04,6.79
AGO,,,,,,,,,,,,,,,,,,,,,23.56,23.3,23.08,22.86,22.69,22.55,22.47,22.41,22.38,22.35,22.35,22.36,22.37,22.38,22.35,22.27,22.13,21.89,21.56,21.14,20.63,20.03,19.34,18.57,17.7,16.78,15.82,14.87,13.93,13.0,12.13,11.32,10.58,9.92,9.36,8.89,8.46,8.11
ALB,,,,,,,,,,,,,,,,,,,9.5,8.72,8.01,7.36,6.79,6.27,5.82,5.4,5.04,4.72,4.45,4.22,4.01,3.84,3.68,3.54,3.39,3.24,3.09,2.93,2.77,2.61,2.45,2.29,2.14,1.99,1.85,1.72,1.6,1.48,1.38,1.28,1.2,1.13,1.07,1.01,0.97,0.94,0.91,0.88
AND,,,,,,,,,,,,,,,,,,,,,,,,,,1.17,1.1,1.03,0.97,0.91,0.85,0.8,0.75,0.71,0.67,0.63,0.6,0.57,0.54,0.52,0.5,0.48,0.47,0.45,0.44,0.43,0.42,0.42,0.41,0.4,0.39,0.39,0.38,0.37,0.36,0.35,0.34,0.33
ARE,19.99,19.04,18.06,17.06,16.04,14.99,13.92,12.87,11.83,10.81,9.84,8.93,8.08,7.3,6.6,5.97,5.39,4.86,4.37,3.94,3.55,3.21,2.92,2.68,2.47,2.29,2.13,1.99,1.87,1.76,1.66,1.58,1.5,1.43,1.37,1.32,1.27,1.23,1.19,1.16,1.12,1.09,1.06,1.03,1.0,0.97,0.94,0.91,0.88,0.86,0.84,0.83,0.82,0.83,0.85,0.87,0.9,0.91
ARG,,,,,,,,,,7.31,7.23,7.15,7.03,6.88,6.66,6.39,6.04,5.62,5.17,4.74,4.35,4.01,3.72,3.47,3.27,3.11,2.99,2.93,2.91,2.9,2.88,2.83,2.76,2.65,2.55,2.44,2.34,2.24,2.15,2.06,1.98,1.9,1.83,1.76,1.7,1.65,1.61,1.57,1.54,1.5,1.45,1.39,1.33,1.27,1.2,1.14,1.09,1.04
ARM,,,,,,,,,,,,,,,,,8.8,8.44,8.11,7.79,7.49,7.19,6.91,6.64,6.39,6.14,5.9,5.66,8.19,5.19,4.96,4.73,4.5,4.28,4.06,3.86,3.67,3.49,3.32,3.16,3.0,2.85,2.71,2.58,2.45,2.33,2.21,2.1,2.0,1.9,1.8,1.71,1.63,1.55,1.47,1.4,1.33,1.26
ATG,,,,,,,,,,,,,,,,,,,,,,,,,,3.55,3.34,3.15,2.96,2.79,2.63,2.47,2.33,2.2,2.07,1.95,1.84,1.74,1.65,1.56,1.49,1.42,1.36,1.3,1.25,1.2,1.15,1.11,1.07,1.03,0.98,0.95,0.91,0.87,0.83,0.8,0.77,0.74
AUS,2.49,2.43,2.37,2.32,2.27,2.24,2.21,2.2,2.19,2.17,2.15,2.1,2.03,1.94,1.84,1.73,1.62,1.52,1.44,1.36,1.3,1.26,1.22,1.19,1.16,1.13,1.1,1.06,1.02,0.97,0.92,0.87,0.82,0.77,0.73,0.7,0.68,0.66,0.64,0.63,0.62,0.61,0.6,0.59,0.58,0.57,0.56,0.54,0.52,0.5,0.48,0.46,0.43,0.42,0.4,0.38,0.37,0.35
AUT,4.28,4.02,3.79,3.59,3.42,3.27,3.15,3.05,2.98,2.94,2.91,2.87,2.8,2.68,2.51,2.3,2.11,1.94,1.81,1.71,1.62,1.55,1.48,1.4,1.33,1.26,1.19,1.12,1.05,1.0,0.95,0.9,0.85,0.79,0.74,0.68,0.64,0.6,0.58,0.56,0.55,0.54,0.53,0.52,0.51,0.49,0.48,0.46,0.45,0.44,0.43,0.42,0.41,0.39,0.38,0.37,0.36,0.36
AZE,,,,,,,,,,,,,,,,,,,,,,,10.89,10.64,10.41,10.18,9.97,9.8,9.66,9.56,9.53,9.55,9.59,9.61,9.57,9.43,9.21,8.89,8.46,7.98,7.47,6.95,6.45,5.99,5.57,5.2,4.87,4.56,4.27,4.0,3.74,3.5,3.26,3.04,2.84,2.64,2.46,2.3
BDI,,,,,23.97,24.16,24.33,24.52,24.64,24.75,24.8,24.84,24.88,24.93,25.01,25.06,24.99,24.71,24.2,23.47,22.54,21.49,20.39,19.3,18.34,17.63,17.19,17.0,17.04,17.22,17.46,17.69,17.87,17.95,17.91,17.76,17.51,17.16,16.71,16.21,15.67,15.1,14.51,13.9,13.25,12.54,11.8,11.06,10.34,9.67,9.06,8.51,7.99,7.52,7.08,6.71,6.39,6.12
BEL,3.39,3.24,3.11,3.0,2.89,2.79,2.7,2.62,2.55,2.48,2.39,2.3,2.19,2.08,1.96,1.86,1.76,1.67,1.59,1.52,1.45,1.39,1.33,1.27,1.22,1.18,1.14,1.1,1.07,1.03,1.0,0.96,0.92,0.87,0.82,0.76,0.71,0.67,0.64,0.61,0.59,0.57,0.55,0.53,0.52,0.5,0.49,0.48,0.47,0.46,0.45,0.44,0.43,0.42,0.41,0.4,0.39,0.38
BEN,32.12,31.59,30.99,30.31,29.57,28.86,28.21,27.66,27.23,26.87,26.54,26.22,25.83,25.35,24.79,24.15,23.46,22.81,22.24,21.75,21.35,21.03,20.72,20.41,20.08,19.75,19.39,19.03,18.64,18.22,17.78,17.3,16.83,16.38,15.98,15.65,15.4,15.18,14.93,14.66,14.32,13.95,13.55,13.14,12.75,12.39,12.1,11.86,11.67,11.5,11.36,11.22,11.05,10.85,10.62,10.37,10.1,9.83
BFA,34.2,33.8,33.43,33.08,32.76,32.48,32.25,32.05,31.85,31.66,31.47,31.2,30.82,30.22,29.42,28.41,27.36,26.31,25.36,24.55,23.9,23.35,22.88,22.44,22.0,21.55,21.11,20.69,20.34,20.11,19.98,19.94,19.93,19.92,19.82,19.65,19.4,19.09,18.75,18.41,18.04,17.65,17.22,16.71,16.11,15.41,14.65,13.86,13.08,12.33,11.61,10.94,10.32,9.75,9.26,8.84,8.45,8.12
BGD,25.92,25.28,24.7,24.16,23.67,23.26,22.93,22.66,22.46,22.32,22.22,22.14,22.07,21.96,21.82,21.61,21.35,21.04,20.68,20.27,19.83,19.38,18.9,18.4,17.87,17.32,16.75,16.16,15.57,14.97,14.38,13.77,13.17,12.58,11.98,11.4,10.83,10.28,9.75,9.24,8.74,8.28,7.84,7.41,7.01,6.62,6.25,5.89,5.56,5.23,4.92,4.63,4.36,4.1,3.86,3.64,3.43,3.24
BGR,,,,3.86,3.81,3.76,3.7,3.64,3.54,3.4,3.25,3.12,3.03,2.97,2.91,2.86,2.79,2.7,2.6,2.5,2.39,2.3,2.22,2.14,2.05,1.96,1.88,1.82,1.79,1.8,1.84,1.88,1.9,1.92,1.93,1.93,1.93,1.92,1.89,1.83,1.76,1.68,1.59,1.51,1.42,1.33,1.25,1.19,1.15,1.11,1.07,1.03,0.98,0.93,0.88,0.83,0.79,0.75
BHR,20.0,18.29,16.68,15.2,13.83,12.55,11.37,10.29,9.29,8.37,7.54,6.8,6.14,5.57,5.07,4.63,4.26,3.94,3.66,3.41,3.2,3.01,2.85,2.72,2.6,2.5,2.42,2.37,2.34,2.32,2.3,2.27,2.21,2.1,1.97,1.81,1.66,1.52,1.4,1.31,1.25,1.2,1.16,1.13,1.1,1.07,1.03,0.98,0.93,0.89,0.85,0.82,0.8,0.78,0.77,0.76,0.75,0.73
BHS,,,,,,,,,2.93,3.0,3.06,3.12,3.17,3.21,3.23,3.22,3.19,3.15,3.1,3.05,2.99,2.94,2.89,2.86,2.83,2.78,2.73,2.66,2.56,2.46,2.35,2.25,2.15,2.06,1.97,1.88,1.79,1.72,1.66,1.62,1.6,1.59,1.58,1.57,1.55,1.52,1.47,1.41,1.33,1.25,1.17,1.08,1.0,0.93,0.86,0.8,0.76,0.72
BIH,,,,,,,,,,,,,,,,,,,,,,,,,2.94,2.71,2.49,2.3,2.13,1.97,1.82,1.68,1.8,1.75,1.47,1.41,1.22,1.15,1.09,1.03,0.99,0.95,0.93,0.92,0.9,0.89,0.86,0.83,0.79,0.75,0.72,0.68,0.66,0.64,0.62,0.6,0.59,0.57
BLR,,,,,,,,,,,,,,,,,,,,,2.1,2.02,1.94,1.88,1.81,1.76,1.7,1.64,1.59,1.55,1.52,1.52,1.53,1.55,1.57,1.57,1.55,1.51,1.45,1.37,1.28,1.18,1.09,1.0,0.93,0.85,0.79,0.72,0.66,0.6,0.55,0.51,0.48,0.45,0.43,0.41,0.39,0.37
BLZ,,,,,,,,10.99,10.52,10.07,9.64,9.24,8.87,8.51,8.18,7.87,7.57,7.27,7.01,6.74,6.48,6.22,5.98,5.71,5.45,5.19,4.91,4.64,4.37,4.1,3.85,3.62,3.41,3.22,3.06,2.91,2.78,2.66,2.55,2.46,2.37,2.29,2.22,2.17,2.13,2.09,2.06,2.03,1.99,1.95,1.9,1.84,1.78,1.71,1.64,1.56,1.49,1.42
BOL,28.91,28.3,27.7,27.11,26.51,25.92,25.32,24.73,24.13,23.52,22.91,22.29,21.67,21.05,20.42,19.79,19.18,18.58,18.02,17.49,17.0,16.55,16.11,15.67,15.23,14.77,14.3,13.82,13.33,12.85,12.38,11.92,11.47,11.02,10.58,10.14,9.7,9.26,8.82,8.39,7.96,7.55,7.16,6.77,6.41,6.06,5.72,5.41,5.11,4.84,4.6,4.4,4.22,4.05,3.9,3.75,3.61,3.49
BRA,16.94,16.46,16.01,15.58,15.19,14.84,14.52,14.21,13.9,13.6,13.27,12.94,12.59,12.25,11.91,11.56,11.22,10.86,10.48,10.07,9.65,9.22,8.8,8.41,8.04,7.71,7.41,7.13,6.86,6.58,6.31,6.02,5.72,5.41,5.1,4.79,4.49,4.21,3.95,3.7,3.47,3.25,3.05,2.85,2.66,2.49,2.33,2.19,2.07,1.96,1.87,1.79,1.73,1.67,1.62,1.57,1.63,1.48
BRB,8.37,7.8,7.31,6.87,6.48,6.13,5.82,5.55,5.3,5.05,4.82,4.58,4.34,4.11,3.89,3.67,3.46,3.26,3.07,2.89,2.73,2.59,2.47,2.37,2.28,2.2,2.12,2.04,1.96,1.87,1.79,1.71,1.64,1.57,1.53,1.49,1.47,1.47,1.48,1.49,1.52,1.54,1.56,1.58,1.58,1.57,1.55,1.53,1.5,1.48,1.45,1.42,1.4,1.37,1.34,1.31,1.28,1.24
BRN,,,,,,,,,,,,,,,,,,,,,,,1.62,1.57,1.52,1.47,1.42,1.39,1.36,1.35,1.34,1.33,1.33,1.31,1.29,1.27,1.24,1.22,1.2,1.18,1.18,1.18,1.17,1.17,1.16,1.15,1.13,1.11,1.09,1.07,1.06,1.05,1.05,1.05,1.05,1.05,1.05,1.05
BTN,,,,,,,,,,27.78,26.96,26.18,25.41,24.63,23.87,23.12,22.37,21.64,20.9,20.17,19.42,18.7,17.98,17.28,16.59,15.92,15.25,14.6,13.96,13.36,12.79,12.22,11.68,11.14,10.63,10.11,9.62,9.13,8.66,8.21,7.77,7.35,6.94,6.53,6.15,5.78,5.44,5.11,4.81,4.51,4.25,4.01,3.81,3.64,3.48,3.34,3.2,3.08
BWA,16.92,16.4,15.88,15.35,14.86,14.38,13.93,13.46,13.0,12.52,12.05,11.55,11.05,10.54,10.03,9.51,9.0,8.51,8.03,7.58,7.16,6.76,6.4,6.07,5.77,5.5,5.27,5.1,5.01,5.02,5.13,5.37,5.72,6.1,6.54,7.01,7.46,7.88,8.25,8.51,8.7,8.65,8.45,8.19,7.82,7.2,6.57,6.17,5.93,5.56,4.99,4.88,4.6,4.31,4.22,4.06,3.93,3.76
CAF,28.26,27.72,27.18,26.6,26.0,25.36,24.71,24.05,23.41,22.8,22.23,21.7,21.19,20.73,20.3,19.91,19.55,19.22,18.91,18.63,18.38,18.18,18.02,17.9,17.82,17.74,17.68,17.63,17.59,17.58,17.58,17.58,17.59,17.61,17.65,17.71,17.73,17.73,17.69,17.63,17.52,17.37,17.2,17.02,16.83,16.63,16.38,16.13,15.84,15.49,15.09,14.68,14.29,13.9,13.48,13.02,12.5,12.15
CAN,3.26,3.16,3.05,2.94,2.82,2.71,2.6,2.5,2.4,2.3,2.2,2.1,1.99,1.89,1.8,1.7,1.6,1.51,1.42,1.33,1.25,1.18,1.12,1.06,1.01,0.98,0.94,0.91,0.88,0.86,0.83,0.8,0.77,0.74,0.72,0.69,0.67,0.65,0.64,0.63,0.62,0.62,0.61,0.61,0.61,0.61,0.6,0.59,0.58,0.57,0.56,0.56,0.55,0.55,0.54,0.53,0.52,0.51
CHE,2.65,2.6,2.54,2.46,2.36,2.25,2.16,2.07,1.99,1.92,1.84,1.76,1.67,1.58,1.48,1.38,1.29,1.21,1.14,1.08,1.04,1.0,0.97,0.94,0.92,0.9,0.89,0.88,0.86,0.84,0.82,0.79,0.75,0.71,0.67,0.64,0.61,0.6,0.58,0.57,0.56,0.55,0.54,0.53,0.52,0.51,0.49,0.48,0.47,0.46,0.46,0.45,0.44,0.44,0.44,0.43,0.43,0.42
CHL,15.73,14.86,14.21,13.57,12.71,11.57,10.41,9.42,8.67,8.19,7.93,7.79,7.69,7.5,7.09,6.44,5.67,4.89,4.2,3.68,3.31,3.0,2.71,2.46,2.3,2.24,2.22,2.19,2.13,2.04,1.91,1.78,1.64,1.51,1.4,1.31,1.25,1.22,1.19,1.15,1.09,1.03,0.98,0.95,0.93,0.92,0.91,0.91,0.91,0.9,0.88,0.85,0.84,0.83,0.81,0.79,0.77,0.74
CHN,,,,,,,,,,11.72,11.15,10.58,10.05,9.51,8.97,8.43,7.9,7.4,6.96,6.57,6.23,5.95,5.73,5.57,5.46,5.39,5.37,5.38,5.39,5.4,5.38,5.32,5.23,5.09,4.93,4.74,4.55,4.35,4.14,3.92,3.68,3.42,3.15,2.89,2.63,2.4,2.19,2.0,1.85,1.7,1.58,1.46,1.35,1.25,1.16,1.08,1.0,0.93
CIV,31.75,30.92,30.11,29.33,28.58,27.86,27.14,26.43,25.73,25.05,24.34,23.6,22.8,21.94,21.04,20.12,19.23,18.4,17.68,17.08,16.58,16.18,15.86,15.62,15.44,15.29,15.2,15.14,15.14,15.15,15.19,15.24,15.3,15.36,15.41,15.44,15.42,15.33,15.18,14.95,14.68,14.35,14.0,13.65,13.27,12.88,12.5,12.11,11.71,11.32,10.98,10.66,10.35,10.06,9.77,9.49,9.18,8.88
CMR,27.78,27.18,26.68,26.28,25.82,25.26,24.6,23.82,22.92,22.01,21.13,20.37,19.78,19.39,19.16,19.05,19.0,18.92,18.76,18.48,18.1,17.61,17.02,16.38,15.74,15.12,14.59,14.18,13.92,13.82,13.86,14.03,14.27,14.54,14.81,15.05,15.23,15.34,15.35,15.24,15.03,14.72,14.36,13.98,13.6,13.22,12.82,12.42,11.97,11.54,11.04,10.58,10.15,9.74,9.38,9.01,8.68,8.4
COD,,,,,,,,,,24.96,24.63,24.3,23.97,23.62,23.24,22.9,22.54,22.18,21.8,21.47,21.14,20.82,20.5,20.23,19.98,19.73,19.51,19.29,19.06,18.85,18.63,18.42,18.22,18.03,17.85,17.65,17.44,17.18,16.86,16.52,16.13,15.7,15.26,14.79,14.31,13.83,13.36,12.9,12.45,12.02,11.61,11.21,10.83,10.47,10.1,9.76,9.44,9.11
COG,18.3,17.9,17.52,17.12,16.7,16.27,15.81,15.36,14.93,14.53,14.14,13.76,13.36,13.02,12.67,12.33,12.0,11.68,11.37,11.08,10.76,10.47,10.2,9.9,9.61,9.36,9.14,9.0,8.91,8.92,9.0,9.15,9.36,9.63,9.96,10.33,10.7,11.06,11.34,11.48,11.43,11.19,10.77,10.2,9.56,8.87,8.22,7.61,7.09,6.66,6.31,6.02,5.76,5.53,5.33,5.13,4.94,4.75
COL,13.47,13.02,12.6,12.19,11.81,11.46,11.12,10.78,10.44,10.1,9.75,9.39,9.02,8.64,8.24,7.83,7.4,6.97,6.54,6.14,5.75,5.39,5.07,4.77,4.5,4.27,4.07,3.9,3.76,3.63,3.51,3.41,3.3,3.19,3.08,2.97,2.87,2.77,2.67,2.58,2.5,2.43,2.36,2.29,2.23,2.16,2.1,2.04,1.98,1.91,1.85,1.8,1.74,1.68,1.62,1.57,1.52,1.47
COM,,,,,,,,,,,22.49,22.02,21.55,21.1,20.63,20.15,19.64,19.1,18.56,17.99,17.42,16.84,16.28,15.72,15.18,14.67,14.18,13.73,13.3,12.89,12.48,12.09,11.71,11.35,11.04,10.78,10.56,10.39,10.26,10.17,10.11,10.07,10.06,10.01,9.91,9.74,9.54,9.3,9.05,8.8,8.53,8.27,8.04,7.79,7.55,7.32,7.11,6.9
CPV,,,,,,,,,,18.65,17.17,15.79,14.55,13.43,12.42,11.54,10.78,10.14,9.62,9.21,8.91,8.71,8.54,8.39,8.2,7.94,7.6,7.22,6.84,6.51,6.27,6.13,6.05,6.0,5.92,5.74,5.42,5.0,4.5,3.99,3.55,3.19,2.93,2.77,2.67,2.63,2.62,2.62,2.6,2.57,2.51,2.43,2.33,2.22,2.1,1.97,1.85,1.74
CRI,,,,,,8.98,8.53,8.19,8.0,7.91,7.68,7.16,6.46,5.79,5.22,4.64,4.0,3.39,2.9,2.57,2.37,2.29,2.29,2.31,2.32,2.28,2.17,2.01,1.86,1.76,1.68,1.62,1.57,1.53,1.49,1.47,1.48,1.48,1.45,1.38,1.29,1.22,1.17,1.12,1.08,1.05,1.04,1.04,1.04,1.02,1.0,0.99,0.98,0.97,0.95,0.94,0.92,0.9
CUB,,,,4.7,4.59,4.5,4.48,4.51,4.53,4.48,4.3,3.98,3.59,3.25,3.05,2.91,2.73,2.47,2.23,2.08,2.01,1.99,1.97,1.95,1.91,1.84,1.74,1.64,1.52,1.42,1.32,1.24,1.17,1.12,1.09,1.07,1.04,0.98,0.91,0.85,0.81,0.78,0.77,0.77,0.75,0.72,0.69,0.66,0.64,0.62,0.6,0.59,0.58,0.57,0.57,0.56,0.55,0.54
CYP,,,,,,,,,,,,,,,,,,,,2.24,2.08,1.92,1.76,1.61,1.47,1.35,1.25,1.19,1.15,1.13,1.11,1.08,1.05,1.0,0.96,0.9,0.85,0.8,0.75,0.71,0.66,0.62,0.58,0.55,0.51,0.48,0.46,0.43,0.41,0.38,0.36,0.35,0.33,0.31,0.3,0.29,0.28,0.27
CZE,,,,,,,,,,,,,,,,,,,,,,1.54,1.5,1.46,1.44,1.42,1.39,1.34,1.29,1.25,1.22,1.17,1.1,1.02,0.94,0.85,0.77,0.7,0.63,0.58,0.55,0.52,0.5,0.48,0.46,0.44,0.41,0.39,0.37,0.35,0.34,0.33,0.32,0.31,0.31,0.31,0.32,0.33
DEU,,,,,,,,,2.72,2.64,2.56,2.49,2.4,2.31,2.2,2.08,1.95,1.83,1.71,1.6,1.5,1.41,1.32,1.25,1.18,1.11,1.06,1.0,0.95,0.9,0.85,0.8,0.76,0.72,0.68,0.65,0.62,0.59,0.57,0.55,0.54,0.52,0.51,0.5,0.49,0.47,0.46,0.45,0.44,0.43,0.42,0.41,0.4,0.4,0.39,0.39,0.38,0.37
DJI,,,,,,,,,,,,,,,,,17.29,16.79,16.33,15.87,15.44,15.03,14.62,14.21,13.81,13.42,13.07,12.73,12.41,12.12,11.86,11.64,11.46,11.3,11.17,11.05,10.9,10.74,10.56,10.37,10.15,9.93,9.68,9.43,9.17,8.93,8.67,8.41,8.15,7.91,7.67,7.44,7.22,7.0,6.78,6.57,6.37,6.17
DMA,13.93,12.73,11.65,10.7,9.87,9.15,8.54,7.99,7.47,6.95,6.4,5.8,5.18,4.55,3.97,3.44,3.0,2.64,2.35,2.13,1.97,1.85,1.78,1.73,1.71,1.7,1.7,1.7,1.71,1.71,1.71,1.71,1.71,1.7,1.68,1.66,1.63,1.61,1.58,1.56,1.54,1.53,1.52,1.53,1.56,1.6,1.65,1.73,1.83,1.94,2.08,2.25,2.44,2.66,2.89,3.12,3.29,3.4
DNK,2.5,2.44,2.38,2.3,2.21,2.11,2.0,1.9,1.82,1.73,1.66,1.58,1.49,1.39,1.31,1.23,1.16,1.11,1.06,1.03,1.0,0.97,0.96,0.96,0.96,0.97,0.97,0.97,0.96,0.93,0.89,0.84,0.79,0.74,0.69,0.65,0.62,0.6,0.58,0.56,0.55,0.54,0.53,0.52,0.5,0.48,0.46,0.45,0.43,0.42,0.41,0.41,0.41,0.41,0.42,0.42,0.43,0.43
DOM,14.72,14.59,14.42,14.21,13.98,13.72,13.45,13.17,12.88,12.59,12.29,11.96,11.61,11.23,10.84,10.44,10.06,9.69,9.34,9.01,8.69,8.38,8.08,7.79,7.52,7.25,6.99,6.74,6.49,6.25,6.01,5.78,5.55,5.32,5.11,4.9,4.71,4.53,4.37,4.23,4.1,3.99,3.9,3.81,3.74,3.68,3.63,3.58,3.53,3.48,3.43,3.39,3.35,3.29,3.23,3.16,3.08,2.99
DZA,24.17,24.22,24.28,24.37,24.5,24.62,24.7,24.71,24.63,24.4,24.0,23.49,22.85,22.1,21.24,20.31,19.34,18.34,17.29,16.17,14.91,13.45,11.83,10.2,8.69,7.43,6.48,5.84,5.4,5.13,4.96,4.83,4.72,4.61,4.49,4.37,4.25,4.16,4.08,4.02,3.97,3.89,3.78,3.65,3.5,3.35,3.21,3.07,2.94,2.83,2.74,2.67,2.61,2.57,2.53,2.49,2.45,2.4
ECU,17.66,17.11,16.59,16.11,15.67,15.28,14.92,14.6,14.31,14.04,13.76,13.43,13.05,12.62,12.12,11.59,11.07,10.59,10.13,9.69,9.24,8.79,8.32,7.86,7.41,6.99,6.61,6.28,5.97,5.69,5.42,5.16,4.89,4.62,4.35,4.08,3.81,3.55,3.31,3.1,2.91,2.75,2.61,2.49,2.38,2.28,2.19,2.1,2.01,1.92,1.83,1.75,1.67,1.61,1.55,1.51,1.48,1.45
EGY,31.41,30.41,29.41,28.43,27.52,26.71,26.01,25.46,25.02,24.66,24.35,24.0,23.58,23.03,22.34,21.5,20.57,19.6,18.62,17.67,16.72,15.78,14.82,13.84,12.84,11.86,10.97,10.21,9.56,9.03,8.57,8.15,7.74,7.33,6.9,6.47,6.06,5.67,5.31,4.98,4.68,4.41,4.18,3.96,3.78,3.61,3.45,3.3,3.16,3.03,2.9,2.78,2.67,2.56,2.47,2.37,2.29,2.21
ERI,,,,,,,,,,,,,,,21.21,20.77,20.35,19.97,19.62,19.31,19.02,18.72,18.44,18.14,17.82,17.47,17.09,16.67,16.19,15.66,15.08,14.45,13.75,13.05,12.34,11.65,11.0,10.4,9.84,9.31,8.84,8.4,7.98,7.59,7.24,6.9,6.59,6.29,6.0,5.76,5.53,5.32,5.13,4.94,4.76,4.61,4.45,4.31
ESP,4.63,4.3,4.02,3.78,3.58,3.4,3.23,3.06,2.87,2.65,2.42,2.21,2.05,1.95,1.92,1.94,1.96,1.9,1.77,1.63,1.49,1.37,1.29,1.22,1.17,1.12,1.07,1.03,0.99,0.95,0.92,0.88,0.84,0.79,0.74,0.69,0.64,0.61,0.58,0.56,0.54,0.53,0.52,0.5,0.49,0.47,0.45,0.44,0.42,0.4,0.38,0.37,0.36,0.35,0.33,0.32,0.31,0.31
EST,,,,,,,,,,,,,,,,,,,,,2.25,2.16,2.09,2.01,1.95,1.9,1.86,1.83,1.8,1.79,1.77,1.76,1.74,1.7,1.65,1.57,1.49,1.39,1.29,1.2,1.1,1.01,0.93,0.85,0.78,0.71,0.65,0.59,0.54,0.5,0.45,0.42,0.39,0.36,0.33,0.31,0.29,0.27
ETH,,,,,,,24.3,24.27,24.24,24.25,24.26,24.26,24.27,24.25,24.23,24.23,24.23,24.21,24.16,24.06,23.89,23.66,23.35,22.98,22.58,22.18,21.78,21.4,21.02,20.63,20.2,19.74,19.21,18.63,17.99,17.32,16.66,16.03,15.43,14.84,14.26,13.66,13.04,12.4,11.75,11.1,10.49,9.9,9.35,8.84,8.37,7.92,7.51,7.12,6.75,6.42,6.12,5.85
FIN,2.68,2.52,2.38,2.25,2.13,2.02,1.93,1.84,1.76,1.68,1.61,1.54,1.46,1.38,1.3,1.22,1.14,1.06,0.99,0.92,0.87,0.82,0.79,0.76,0.75,0.73,0.73,0.72,0.71,0.69,0.67,0.64,0.61,0.58,0.55,0.52,0.49,0.47,0.46,0.44,0.43,0.42,0.41,0.4,0.39,0.37,0.36,0.35,0.33,0.32,0.3,0.29,0.28,0.26,0.25,0.24,0.23,0.23
FJI,7.68,7.34,7.05,6.79,6.56,6.35,6.17,6.02,5.9,5.8,5.73,5.67,5.62,5.56,5.49,5.38,5.24,5.07,4.87,4.66,4.43,4.21,4.01,3.83,3.67,3.52,3.38,3.26,3.14,3.02,2.91,2.81,2.71,2.62,2.55,2.49,2.44,2.39,2.36,2.32,2.29,2.27,2.25,2.26,2.28,2.31,2.34,2.37,2.39,2.4,2.4,2.4,2.4,2.41,2.43,2.46,2.5,2.53
FRA,2.85,2.7,2.57,2.45,2.33,2.23,2.14,2.06,1.99,1.91,1.82,1.74,1.66,1.6,1.54,1.49,1.44,1.39,1.34,1.28,1.24,1.19,1.15,1.11,1.07,1.04,1.01,0.98,0.96,0.93,0.9,0.86,0.81,0.75,0.7,0.65,0.61,0.58,0.56,0.55,0.54,0.52,0.51,0.49,0.47,0.46,0.45,0.44,0.43,0.43,0.42,0.42,0.41,0.41,0.41,0.42,0.42,0.42
FSM,,,,,,,,,,,,,,,,,,,,,,5.67,5.75,5.81,5.85,5.85,5.81,5.75,5.66,5.58,5.51,5.47,5.46,5.46,5.49,5.51,5.54,5.55,5.52,5.45,5.35,5.24,5.11,4.98,4.84,4.7,4.56,4.42,4.27,4.14,4.02,3.89,3.77,3.65,3.53,3.42,3.31,3.22
GAB,,,,,,,,,,,,,,,,,,,12.56,12.12,11.7,11.28,10.92,10.56,10.26,10.0,9.77,9.6,9.45,9.34,9.24,9.14,9.07,8.99,8.91,8.84,8.75,8.66,8.56,8.44,8.31,8.16,8.0,7.83,7.65,7.45,7.27,7.05,6.82,6.56,6.33,6.12,5.9,5.69,5.46,5.25,5.01,4.83
GBR,2.66,2.61,2.56,2.49,2.42,2.34,2.28,2.22,2.18,2.14,2.1,2.06,2.0,1.94,1.87,1.8,1.72,1.65,1.57,1.49,1.41,1.34,1.27,1.22,1.17,1.14,1.11,1.08,1.04,0.99,0.93,0.87,0.82,0.77,0.74,0.72,0.7,0.69,0.68,0.67,0.65,0.64,0.63,0.63,0.62,0.6,0.59,0.58,0.56,0.54,0.52,0.5,0.48,0.46,0.45,0.45,0.44,0.43
GEO,,,,,,,,,,,,,,,,6.8,6.6,6.41,6.2,6.01,5.82,5.66,5.49,5.34,5.21,5.1,5.0,4.93,4.87,4.82,4.77,4.71,4.66,4.59,4.5,4.4,4.27,4.12,3.95,3.75,3.54,3.31,3.09,2.87,2.65,2.44,2.25,2.08,1.92,1.78,1.66,1.55,1.45,1.36,1.28,1.21,1.14,1.08
GHA,20.94,20.7,20.52,20.38,20.28,20.25,20.25,20.27,20.28,20.26,20.19,20.06,19.83,19.52,19.08,18.58,18.07,17.57,17.14,16.81,16.58,16.42,16.27,16.09,15.8,15.4,14.91,14.34,13.74,13.17,12.65,12.21,11.87,11.6,11.4,11.22,11.03,10.81,10.55,10.25,9.92,9.59,9.28,9.01,8.78,8.57,8.37,8.15,7.89,7.59,7.24,6.89,6.52,6.15,5.8,5.47,5.18,4.93
GIN,,,,,,,33.46,33.18,32.87,32.56,32.25,31.92,31.6,31.26,30.91,30.51,30.09,29.64,29.18,28.69,28.2,27.72,27.25,26.8,26.34,25.87,25.42,24.97,24.49,23.99,23.46,22.87,22.25,21.59,20.91,20.2,19.5,18.78,18.05,17.3,16.54,15.78,15.04,14.35,13.71,13.14,12.61,12.13,11.68,11.27,10.88,10.51,10.16,9.82,9.49,9.17,8.87,8.57
GMB,36.06,35.41,34.8,34.19,33.58,32.98,32.41,31.81,31.22,30.65,30.04,29.4,28.79,28.16,27.5,26.85,26.18,25.55,24.94,24.35,23.73,23.1,22.46,21.77,21.08,20.38,19.66,18.96,18.29,17.64,17.01,16.41,15.81,15.26,14.72,14.2,13.69,13.21,12.75,12.29,11.84,11.4,10.97,10.55,10.14,9.75,9.37,9.01,8.69,8.38,8.08,7.8,7.53,7.28,7.02,6.79,6.58,6.36
GNB,,,,,,,,,,,,,,,,,,,,,,,,,,24.45,24.0,23.6,23.2,22.8,22.39,21.97,21.52,21.08,20.62,20.13,19.64,19.14,18.62,18.11,17.58,17.02,16.43,15.82,15.19,14.55,13.9,13.24,12.6,11.98,11.38,10.82,10.3,9.84,9.45,9.07,8.74,8.42
GNQ,,,,,,,,,,,,,,,,,,,,,,,19.9,19.52,19.13,18.81,18.54,18.31,18.15,18.0,17.87,17.72,17.59,17.47,17.33,17.18,16.98,16.72,16.41,16.05,15.64,15.24,14.8,14.37,13.93,13.48,13.04,12.6,12.16,11.73,11.35,10.98,10.64,10.28,9.93,9.6,9.28,8.96
GRC,4.65,4.53,4.39,4.24,4.11,3.98,3.86,3.72,3.56,3.35,3.13,2.94,2.82,2.76,2.71,2.62,2.51,2.38,2.24,2.09,1.95,1.82,1.71,1.62,1.54,1.46,1.37,1.28,1.19,1.11,1.04,0.99,0.95,0.91,0.88,0.85,0.81,0.77,0.73,0.69,0.64,0.6,0.56,0.52,0.49,0.46,0.43,0.41,0.4,0.39,0.39,0.39,0.4,0.42,0.44,0.48,0.51,0.53
GRD,,,,,,,,,,,,,,,,,,,,,,,,,2.74,2.7,2.65,2.59,2.52,2.44,2.34,2.23,2.12,2.02,1.92,1.84,1.78,1.72,1.67,1.62,1.57,1.53,1.49,1.46,1.44,1.41,1.4,1.39,1.4,1.41,1.43,1.46,1.5,1.54,1.59,1.63,1.66,1.67
GTM,21.96,21.5,21.04,20.58,20.12,19.66,19.2,18.74,18.26,17.77,17.27,16.77,16.26,15.76,15.26,14.77,14.28,13.8,13.33,12.87,12.4,11.95,11.5,11.05,10.61,10.18,9.76,9.34,8.92,8.53,8.14,7.76,7.4,7.06,6.73,6.43,6.14,5.88,5.63,5.4,5.19,4.98,4.79,4.61,4.43,4.26,4.11,3.96,3.81,3.67,3.54,3.41,3.29,3.17,3.06,2.96,2.86,2.76
GUY,9.14,8.76,8.42,8.15,7.93,7.75,7.61,7.5,7.42,7.36,7.32,7.3,7.28,7.27,7.25,7.23,7.21,7.16,7.11,7.06,7.0,6.93,6.88,6.81,6.73,6.66,6.56,6.46,6.33,6.19,6.05,5.9,5.74,5.58,5.43,5.29,5.16,5.03,4.91,4.79,4.67,4.55,4.45,4.34,4.25,4.16,4.08,3.99,3.91,3.83,3.76,3.68,3.6,3.51,3.43,3.33,3.23,3.13
HND,20.88,20.2,19.53,18.87,18.24,17.62,17.01,16.41,15.82,15.23,14.67,14.1,13.54,12.99,12.47,11.94,11.43,10.93,10.44,9.96,9.5,9.05,8.61,8.2,7.8,7.42,7.06,6.72,6.4,6.1,5.82,5.55,5.31,5.08,4.86,4.66,4.46,4.27,5.92,3.92,3.74,3.57,3.41,3.25,3.11,2.96,2.83,2.7,2.59,2.47,2.37,2.27,2.19,2.1,2.03,1.96,1.89,1.82
HRV,,,,,,,,,,,,,,,,,,,,,,2.36,2.22,2.08,1.95,1.82,1.7,1.58,1.47,1.37,1.28,1.21,1.14,1.09,1.04,1.0,0.96,0.93,0.89,0.86,0.83,0.8,0.77,0.74,0.7,0.67,0.64,0.62,0.59,0.57,0.55,0.53,0.52,0.5,0.49,0.48,0.47,0.46
HTI,28.42,27.97,27.57,27.14,26.73,26.31,25.88,25.42,24.97,24.5,24.02,23.52,23.02,22.51,21.98,21.45,20.92,20.4,19.88,19.37,18.88,18.41,17.94,17.46,17.01,16.55,16.12,15.7,15.29,14.89,14.48,14.07,13.67,13.25,12.83,12.41,11.99,11.57,11.16,10.77,10.4,10.06,9.76,9.48,9.24,9.03,8.84,8.66,8.5,8.35,21.09,8.06,7.93,7.79,7.65,7.5,7.34,7.17
HUN,5.36,5.13,4.96,4.78,4.6,4.44,4.32,4.21,4.09,3.98,3.89,3.83,3.81,3.82,3.78,3.59,3.25,2.91,2.67,2.52,2.39,2.26,2.18,2.18,2.21,2.18,2.08,1.95,1.85,1.78,1.73,1.66,1.57,1.45,1.34,1.25,1.19,1.15,1.11,1.07,1.01,0.95,0.89,0.84,0.79,0.75,0.72,0.69,0.65,0.62,0.6,0.59,0.57,0.56,0.54,0.51,0.48,0.45
IDN,22.25,21.66,21.09,20.53,19.96,19.4,18.82,18.24,17.65,17.07,16.5,15.96,15.43,14.93,14.45,13.99,13.56,13.16,12.77,12.39,12.03,11.67,11.31,10.95,10.6,10.24,9.88,9.52,9.15,8.78,8.4,8.02,7.65,7.29,6.95,6.62,6.3,6.01,5.72,5.46,5.21,4.97,4.74,4.53,4.93,4.14,3.97,3.79,3.63,3.48,3.32,3.18,3.06,2.94,2.83,2.72,2.63,2.54
IND,24.2,23.84,23.5,23.18,22.89,22.62,22.35,22.09,21.82,21.54,21.25,20.93,20.59,20.23,19.82,19.37,18.89,18.37,17.83,17.28,16.75,16.25,15.78,15.34,14.93,14.54,14.15,13.76,13.36,12.97,12.6,12.25,11.92,11.59,11.27,10.94,10.6,10.25,9.89,9.53,9.17,8.81,8.46,8.12,7.78,7.45,7.12,6.8,6.47,6.16,5.84,5.53,5.24,4.95,4.67,4.41,4.16,3.94
IRL,3.52,3.38,3.25,3.13,3.01,2.87,2.71,2.55,2.41,2.3,2.22,2.18,2.14,2.11,2.06,2.0,1.91,1.81,1.69,1.55,1.43,1.32,1.24,1.17,1.11,1.07,1.04,1.02,0.99,0.96,0.92,0.86,0.81,0.77,0.74,0.73,0.73,0.73,0.73,0.73,0.72,0.69,0.65,0.6,0.56,0.52,0.48,0.46,0.44,0.43,0.42,0.41,0.4,0.39,0.38,0.37,0.36,0.35
IRN,,,,,,,,,,,,18.59,17.72,16.87,16.01,15.15,14.27,13.37,12.45,11.55,10.69,9.88,9.16,8.54,7.99,7.51,7.07,6.66,6.28,5.93,5.61,5.33,5.07,4.84,4.63,4.43,4.23,4.03,3.82,3.62,3.42,3.24,3.06,2.89,2.73,2.58,2.44,2.31,2.18,2.06,1.96,1.88,1.8,1.73,1.66,1.6,1.55,1.49
IRQ,19.16,18.06,17.06,16.13,15.29,14.51,13.78,13.11,12.48,11.89,11.34,10.83,10.34,9.87,9.42,8.99,8.58,8.21,7.86,7.54,7.25,6.98,6.74,6.51,6.3,6.11,5.93,5.77,5.63,5.5,5.39,5.29,5.19,5.1,5.01,4.92,4.84,4.75,4.66,4.57,4.49,4.4,4.33,4.25,4.18,4.11,4.03,3.95,3.86,3.78,3.69,3.6,3.51,3.41,3.32,3.23,3.13,3.04
ISL,2.14,2.11,2.07,2.02,1.97,1.91,1.84,1.78,1.71,1.65,1.59,1.53,1.47,1.41,1.36,1.29,1.23,1.16,1.1,1.03,0.97,0.92,0.87,0.82,0.79,0.75,0.72,0.7,0.67,0.65,0.63,0.61,0.59,0.57,0.55,0.53,0.5,0.48,0.46,0.44,0.41,0.39,0.37,0.35,0.34,0.32,0.31,0.3,0.29,0.28,0.27,0.26,0.25,0.24,0.23,0.23,0.22,0.21
ISR,,,,,,,,,,,,,,,2.9,2.62,2.37,2.18,2.02,1.9,1.81,1.73,1.66,1.59,1.52,1.44,1.37,1.31,1.25,1.21,1.16,1.11,1.05,0.98,0.92,0.87,0.82,0.78,0.75,0.72,0.69,0.66,0.64,0.61,0.58,0.56,0.53,0.51,0.49,0.47,0.46,0.44,0.42,0.41,0.4,0.38,0.37,0.36
ITA,5.2,4.98,4.76,4.53,4.32,4.11,3.93,3.78,3.64,3.51,3.36,3.18,2.98,2.76,2.53,2.31,2.11,1.95,1.81,1.7,1.61,1.52,1.43,1.35,1.27,1.2,1.14,1.08,1.04,1.0,0.97,0.93,0.89,0.84,0.8,0.75,0.7,0.66,0.62,0.59,0.56,0.53,0.51,0.48,0.46,0.45,0.43,0.42,0.41,0.41,0.4,0.39,0.38,0.37,0.36,0.35,0.34,0.34
JAM,8.24,7.89,7.57,7.27,7.01,6.76,6.53,6.31,6.1,5.9,5.69,5.49,5.28,5.09,4.91,4.75,4.6,4.47,4.34,4.21,4.09,3.97,3.86,3.75,3.65,3.54,3.44,3.34,3.25,3.15,3.06,2.97,2.87,2.79,2.7,2.61,2.53,2.45,2.37,2.3,2.23,2.18,2.13,2.08,2.05,2.02,2.0,1.98,1.94,1.91,1.87,1.82,1.77,1.72,1.67,1.62,1.57,1.52
JOR,15.54,14.62,13.78,12.98,12.25,11.58,10.96,10.39,9.86,9.36,8.91,8.47,8.07,7.68,7.32,6.98,6.66,6.35,6.06,5.79,5.53,5.28,5.05,4.83,4.62,4.42,4.23,4.06,3.9,3.76,3.64,3.52,3.42,3.32,3.23,3.15,3.07,3.0,2.92,2.85,2.78,2.71,2.64,2.57,2.5,2.43,2.36,2.3,2.23,2.17,2.11,2.05,1.99,1.92,1.87,1.81,1.76,1.7
JPN,3.97,3.62,3.29,2.98,2.7,2.46,2.26,2.1,1.96,1.85,1.75,1.65,1.57,1.49,1.41,1.33,1.25,1.18,1.11,1.05,0.99,0.93,0.88,0.83,0.79,0.75,0.71,0.68,0.66,0.65,0.63,0.62,0.61,0.6,0.59,0.57,0.55,0.52,0.5,0.47,0.45,0.43,0.41,0.4,0.39,0.37,0.36,0.35,0.34,0.33,0.32,0.34,0.3,0.29,0.28,0.3,0.27,0.26
KAZ,,,,,,,,,,,,8.48,8.29,8.1,7.93,7.79,7.64,7.51,7.36,7.2,7.01,6.8,6.58,6.36,6.14,5.94,5.75,5.57,5.43,5.32,5.25,5.24,5.26,5.29,5.3,5.28,5.18,5.01,4.79,4.55,4.3,4.06,3.82,3.59,3.37,3.15,2.93,2.71,2.48,2.26,2.04,1.83,1.64,1.47,1.32,1.2,1.09,1.0
KEN,19.69,18.86,18.13,17.49,16.97,16.56,16.24,15.94,15.64,15.32,15.0,14.66,14.29,13.91,13.5,13.07,12.62,12.17,11.71,11.27,10.95,10.6,10.29,10.05,9.86,9.74,9.71,9.76,9.9,10.11,10.37,10.65,10.92,11.14,11.31,11.39,11.4,11.31,11.11,10.82,10.45,10.0,9.51,8.99,8.47,7.92,7.43,6.99,6.54,6.11,5.84,5.63,5.44,5.23,5.05,4.87,4.71,4.56
KGZ,,,,,,,,,,,,,,,,11.17,10.88,10.58,10.27,9.95,9.61,9.26,8.89,8.51,8.15,7.79,7.45,7.15,6.9,6.7,6.58,6.51,6.45,6.36,6.24,6.06,5.85,5.62,5.4,5.17,4.95,4.73,4.52,4.32,4.13,3.95,3.77,3.58,3.37,3.16,2.96,2.78,2.62,2.48,2.35,2.23,2.11,2.0
KHM,,,,,,,,,,,,,,,,30.61,28.25,25.84,23.17,20.44,17.87,15.63,13.91,12.83,12.24,11.91,11.72,11.64,11.6,11.6,11.59,11.59,11.63,11.72,11.86,11.98,12.04,11.98,11.81,11.4,10.7,9.74,8.73,7.85,7.13,6.53,6.04,5.6,5.19,4.81,4.44,4.11,3.81,3.57,3.36,3.2,3.06,2.92
KIR,,,,17.77,17.09,16.43,15.82,15.25,14.73,14.22,13.77,13.38,13.04,12.77,12.57,12.43,12.3,12.23,12.18,12.15,12.11,12.06,11.99,11.87,11.71,11.48,11.17,10.81,10.41,9.98,9.57,9.19,8.87,8.59,8.36,8.14,7.94,7.75,7.54,7.32,7.12,6.94,6.79,6.68,6.63,6.62,6.63,6.64,6.63,6.58,6.49,6.37,6.23,6.09,5.93,5.78,5.62,5.46
KNA,,,,,,,,,,,7.02,6.81,6.6,6.41,6.23,6.06,5.9,5.73,5.55,5.35,5.12,4.87,4.6,4.34,4.09,3.87,3.67,3.5,3.36,3.25,3.16,3.08,3.03,2.97,2.92,2.85,2.76,2.65,2.53,2.39,2.25,2.11,1.98,1.87,1.76,1.67,1.59,1.53,1.48,1.44,1.42,1.4,1.39,1.39,1.39,1.39,1.38,1.37
KOR,11.14,10.6,10.11,9.64,9.16,8.67,8.14,7.62,7.09,6.58,6.12,5.7,5.34,5.04,4.79,4.57,4.38,4.2,4.01,3.81,3.6,3.37,3.14,2.9,2.67,2.44,2.22,2.02,1.84,1.68,1.55,1.42,1.31,1.21,1.12,1.04,0.96,0.9,0.84,0.79,0.75,0.71,0.67,0.63,0.59,0.55,0.52,0.48,0.45,0.43,0.41,0.4,0.38,0.37,0.36,0.35,0.34,0.33
KWT,14.0,13.1,12.22,11.39,10.59,9.83,9.15,8.53,7.97,7.47,7.01,6.59,6.2,5.83,5.47,5.14,4.81,4.5,4.2,3.91,3.62,3.31,3.01,2.74,2.5,2.31,2.17,2.06,1.97,1.86,1.76,1.94,1.6,1.54,1.5,1.46,1.42,1.38,1.34,1.3,1.27,1.25,1.23,1.22,1.2,1.18,1.16,1.15,1.13,1.11,1.08,1.04,1.0,0.95,0.91,0.88,0.84,0.81
LAO,,,,,,,,,,,,,,,,,,,21.44,20.87,20.33,19.8,19.28,18.79,18.3,17.8,17.33,16.86,16.39,15.9,15.42,14.93,14.46,14.0,13.55,13.13,12.72,12.33,11.96,11.6,11.26,10.91,10.57,10.24,9.91,9.59,9.26,8.94,8.63,8.33,8.04,7.77,7.5,7.25,7.01,6.79,6.56,6.34
LBN,7.59,7.37,7.17,6.97,6.81,6.65,6.52,6.41,6.3,6.22,6.14,6.06,5.99,5.9,5.81,5.72,5.6,5.47,5.33,5.17,5.01,4.85,4.67,4.49,4.3,4.11,3.93,3.74,3.57,3.4,3.24,3.09,2.95,2.82,2.7,2.58,2.46,2.34,2.23,2.11,2.0,1.88,1.76,1.65,1.53,1.42,1.31,1.22,1.14,1.08,1.03,0.98,0.94,0.9,0.87,0.84,0.81,0.78
LBR,31.17,31.19,31.16,31.05,30.89,30.67,30.36,29.99,29.52,29.01,28.49,28.01,27.55,27.11,26.63,26.15,25.72,25.33,24.93,24.59,24.25,23.97,23.74,23.62,23.61,23.77,24.1,24.56,25.11,25.63,26.05,26.23,26.14,25.77,25.15,24.32,23.36,22.28,21.1,19.87,18.61,17.34,16.1,14.91,13.8,12.83,11.99,11.3,10.71,10.21,9.75,9.34,8.97,8.63,8.3,8.01,7.74,7.47
LBY,27.96,26.16,24.43,22.78,21.25,19.78,18.4,17.07,15.85,14.68,13.59,12.58,11.69,10.88,10.15,9.49,8.89,8.36,7.89,7.46,7.07,6.71,6.38,6.06,5.75,5.46,5.18,4.91,4.65,4.4,4.18,3.97,3.77,3.6,3.45,3.31,3.19,3.08,2.98,2.89,2.81,2.73,2.64,2.55,2.44,2.31,2.17,2.02,1.88,1.76,1.66,1.76,1.5,1.44,1.38,1.33,1.28,1.24
LCA,,,,,,,,,,,7.66,6.95,6.29,5.67,5.11,4.61,4.18,3.82,3.54,3.31,3.12,2.97,2.85,2.75,2.65,2.57,2.48,2.41,2.34,2.28,2.23,2.19,2.14,2.09,2.04,1.99,1.94,1.9,1.86,1.83,1.81,1.8,1.8,1.81,1.82,1.83,1.84,1.85,1.85,1.85,1.84,1.83,1.81,1.79,1.76,1.73,1.7,1.66
LKA,9.71,9.32,8.96,8.63,8.32,8.05,7.81,7.6,7.43,7.29,7.17,7.06,6.95,6.81,6.66,6.47,6.24,5.97,5.68,5.36,5.01,4.64,4.25,3.83,3.42,3.03,2.69,2.42,2.25,2.16,2.13,2.13,2.13,2.11,2.06,2.0,1.93,1.86,1.79,1.71,1.65,1.6,1.56,1.52,2.92,1.43,1.35,1.28,1.23,1.19,1.16,1.12,1.08,1.04,1.0,0.95,0.91,0.88
LSO,18.9,18.81,18.79,18.82,18.84,18.84,18.78,18.62,18.39,18.09,17.72,17.33,16.92,16.47,15.97,15.44,14.85,14.24,13.6,12.96,12.34,11.77,11.23,10.73,10.3,9.92,9.6,9.33,9.13,8.97,8.88,8.86,8.93,9.1,9.36,9.71,10.11,10.53,10.96,11.35,11.69,11.96,12.17,12.33,12.4,12.38,12.27,11.93,11.71,11.0,9.92,9.84,9.74,9.58,9.47,9.38,8.89,8.59
LTU,,,,,,,,2.56,2.64,2.51,2.27,2.12,2.11,2.17,2.23,2.25,2.25,2.23,2.19,2.12,2.04,1.97,1.92,1.88,1.82,1.75,1.64,1.51,1.42,1.43,1.52,1.65,1.78,1.82,1.7,1.5,1.33,1.23,1.17,1.12,1.07,1.03,0.99,0.95,0.93,0.9,0.87,0.81,0.74,0.67,0.6,0.55,0.52,0.5,0.5,0.5,0.47,0.43
LUX,,,,,3.02,2.87,2.73,2.6,2.47,2.35,2.23,2.11,1.99,1.87,1.76,1.67,1.58,1.51,1.45,1.39,1.35,1.3,1.26,1.22,1.17,1.12,1.07,1.02,0.97,0.92,0.87,0.82,0.77,0.72,0.68,0.64,0.6,0.56,0.53,0.5,0.48,0.45,0.42,0.4,0.38,0.36,0.34,0.33,0.31,0.3,0.3,0.29,0.28,0.28,0.27,0.27,0.26,0.26
LVA,,,,,,,,,,,,,,,,,,,,2.07,2.07,2.06,2.03,1.96,1.86,1.74,1.63,1.56,1.54,1.58,1.69,1.83,1.94,2.0,2.0,1.97,1.91,1.8,1.67,1.54,1.43,1.34,1.26,1.19,1.11,1.05,0.99,0.93,0.88,0.83,0.78,0.73,0.67,0.61,0.55,0.5,0.46,0.42
MAR,23.78,23.29,22.79,22.28,21.77,21.23,20.7,20.17,19.65,19.17,18.72,18.3,17.89,17.46,16.99,16.46,15.89,15.26,14.6,13.93,13.26,12.61,11.97,11.36,10.77,10.21,9.69,9.2,8.75,8.33,7.95,7.59,7.25,6.92,6.6,6.29,5.99,5.72,5.45,5.21,4.98,4.76,4.55,4.36,4.17,3.99,3.82,3.66,3.5,3.35,3.2,3.06,2.92,2.79,2.66,2.54,2.43,2.33
MCO,,,,,,,,,,,,,,,,,,,,,,,,,,0.97,0.93,0.89,0.85,0.81,0.78,0.74,0.71,0.68,0.65,0.62,0.6,0.58,0.55,0.53,0.52,0.5,0.48,0.47,0.46,0.45,0.44,0.43,0.42,0.41,0.4,0.39,0.38,0.37,0.36,0.35,0.34,0.33
MDA,,,,,,,,,,,,6.45,6.28,6.1,5.93,5.76,5.59,5.42,5.26,5.13,4.99,4.85,4.68,4.48,4.26,4.05,3.84,3.64,3.48,3.37,3.32,3.35,3.45,3.59,3.73,3.84,3.87,3.8,3.66,3.43,3.15,2.85,2.56,2.3,2.11,1.96,1.87,1.8,1.76,1.74,1.72,1.7,1.68,1.65,1.63,1.6,1.57,1.55
MDG,,,,,,,,,14.75,14.91,15.06,15.25,15.47,15.72,15.99,16.27,16.52,16.76,16.96,17.16,17.4,17.7,17.98,18.16,18.23,18.16,17.94,17.57,17.08,16.54,16.0,15.5,15.03,14.6,14.17,13.69,13.16,12.58,11.96,11.32,10.71,10.13,9.58,9.07,8.6,8.15,7.73,7.33,6.94,6.55,6.18,5.83,5.5,5.23,4.99,4.78,4.59,4.42
MDV,,,,,31.34,30.51,29.64,28.78,27.92,27.02,26.07,25.07,23.98,22.8,21.62,20.45,19.35,18.31,17.31,16.38,15.51,14.72,13.98,13.29,12.64,12.03,11.44,10.89,10.36,9.85,9.38,8.92,8.46,7.99,7.51,7.02,6.51,5.98,5.45,4.91,4.38,3.86,3.38,2.96,2.87,2.26,2.0,1.78,1.6,1.44,1.31,1.19,1.08,1.0,0.93,0.88,0.83,0.79
MEX,14.92,14.29,13.75,13.28,12.87,12.5,12.16,11.84,11.5,11.13,10.75,10.37,9.99,9.63,9.3,9.0,8.69,8.38,8.06,7.71,7.33,6.95,6.59,6.25,5.96,5.7,5.46,5.22,5.0,4.77,4.54,4.33,4.11,3.91,3.72,3.53,3.35,3.18,3.0,2.83,2.68,2.53,2.39,2.27,2.16,2.06,1.98,1.9,1.84,1.78,1.73,1.68,1.64,1.59,1.54,1.48,1.41,1.34
MHL,12.19,11.61,11.08,10.59,10.14,9.72,9.33,8.96,8.61,8.26,7.93,7.62,7.36,7.15,7.0,6.9,6.82,6.75,6.68,6.61,6.51,6.4,6.26,6.11,5.95,5.79,5.63,5.45,5.27,5.08,4.89,4.7,4.52,4.35,4.22,4.13,4.08,4.06,4.06,4.06,4.07,4.07,4.06,4.03,4.01,3.99,3.96,3.94,3.92,3.9,3.88,3.85,3.81,3.75,3.67,3.58,3.49,3.4
MKD,,,,,,,,,,,,,,,,,,,,,,5.68,5.5,5.29,5.09,4.96,4.87,4.72,4.38,3.98,3.67,3.5,3.34,3.09,2.78,2.46,2.18,1.96,1.8,1.69,1.6,1.52,1.46,1.42,1.4,1.37,1.31,1.23,1.15,1.09,1.04,1.03,1.04,1.08,1.14,1.22,1.3,1.37
MLI,,,,44.19,43.42,42.65,41.94,41.34,40.81,40.35,39.93,39.5,38.99,38.4,37.67,36.84,35.95,35.03,34.12,33.27,32.47,31.68,30.87,30.04,29.25,28.49,27.78,27.11,26.51,25.93,25.4,24.95,24.6,24.34,24.14,23.96,23.77,23.51,23.16,22.64,21.95,21.12,20.18,19.17,18.14,17.13,16.24,15.46,14.77,14.15,13.57,13.07,12.59,12.16,11.77,11.37,10.96,10.6
MLT,4.07,3.91,3.77,3.66,3.55,3.43,3.32,3.19,3.05,2.92,2.78,2.65,2.51,2.38,2.26,2.14,2.03,1.93,1.84,1.77,1.69,1.62,1.56,1.5,1.44,1.38,1.32,1.27,1.22,1.17,1.13,1.1,1.06,1.02,0.98,0.95,0.91,0.87,0.83,0.8,0.77,0.75,0.73,0.71,0.7,0.69,0.68,0.68,0.67,0.67,0.67,0.66,0.66,0.66,0.66,0.66,0.65,0.64
MMR,,,,,,,,,18.1,17.78,17.45,17.13,16.78,16.45,16.11,15.74,15.39,15.06,14.71,14.38,14.07,13.79,13.52,13.26,13.0,12.76,12.53,12.31,12.08,11.83,11.57,11.3,11.03,10.76,10.49,10.23,9.97,9.72,9.46,9.22,8.98,8.74,8.5,8.25,8.0,7.75,7.48,7.21,8.97,6.67,6.4,6.14,5.9,5.66,5.44,5.24,5.05,4.86
MNE,,,,,,,,,,,,,,,,,,,,,,,,,2.72,2.47,2.25,2.06,1.89,1.76,1.66,1.59,1.55,1.53,1.52,1.51,1.51,1.5,1.49,1.46,1.41,1.36,1.29,1.22,1.14,1.06,0.98,0.9,0.82,0.74,0.68,0.61,0.56,0.5,0.46,0.41,0.38,0.35
MNG,,,,,,,,,,,,,,,,,,,17.35,16.73,16.14,15.57,15.05,14.53,14.0,13.47,12.91,12.35,11.8,11.27,10.78,10.32,9.9,9.5,9.09,8.68,8.26,7.82,7.35,6.87,6.39,5.9,5.43,4.98,4.56,4.17,3.8,3.47,3.16,2.88,2.63,2.42,2.24,2.1,1.98,1.88,1.8,1.72
MOZ,,,,,,27.14,27.24,27.33,27.39,27.37,27.33,27.24,27.11,26.96,26.81,26.65,26.49,26.37,26.27,26.19,26.16,26.11,26.02,25.88,25.66,25.41,25.13,24.83,24.55,24.25,23.95,23.61,23.23,22.77,22.21,21.55,20.76,19.86,18.91,17.97,17.04,16.18,15.4,14.67,14.0,13.36,12.73,12.05,11.39,10.76,10.31,9.76,9.22,8.72,8.32,7.86,7.48,7.24
MRT,25.12,24.46,23.8,23.16,22.53,21.89,21.26,20.62,20.03,19.57,19.24,19.03,18.93,18.87,18.76,18.57,18.27,17.88,17.42,16.93,16.47,16.02,15.54,15.04,14.51,13.94,13.37,12.85,12.42,12.07,11.79,11.61,11.48,11.42,11.39,11.4,11.4,11.42,11.41,11.39,11.38,11.36,11.32,11.25,11.15,11.0,10.8,10.57,10.31,10.06,9.79,9.5,9.23,8.95,8.68,8.41,8.15,7.9
MUS,10.3,9.86,9.3,8.72,8.35,8.52,9.24,9.83,9.46,8.56,8.0,8.05,8.19,7.88,7.17,6.37,5.68,5.11,4.67,4.33,4.02,3.73,3.43,3.15,2.93,2.84,2.87,2.87,2.74,2.5,2.3,2.17,2.12,2.12,2.16,2.22,2.27,2.26,2.17,2.02,1.85,1.71,1.61,1.56,1.55,1.57,1.6,1.61,1.58,1.54,1.5,1.49,1.48,1.48,1.47,1.44,1.38,1.31
MWI,,,,,,35.32,35.11,34.91,34.67,34.38,33.97,33.43,32.76,31.98,31.11,30.2,29.24,28.27,27.23,26.24,25.35,24.66,24.24,24.16,24.32,24.57,24.76,24.79,24.56,24.09,23.47,22.72,21.95,21.23,20.62,20.12,19.76,19.38,18.88,18.18,17.19,15.96,14.64,13.37,12.26,11.39,10.77,10.31,9.77,9.32,8.86,8.31,7.59,7.04,6.57,6.17,5.84,5.54
MYS,9.26,8.63,8.04,7.51,7.04,6.63,6.29,6.0,5.75,5.53,5.33,5.14,4.94,4.73,4.49,4.25,3.99,3.74,3.5,3.26,3.03,2.82,2.63,2.46,2.3,2.16,2.03,1.92,1.83,1.74,1.66,1.58,1.51,1.44,1.38,1.33,1.29,1.24,1.17,1.1,1.02,0.95,0.89,0.85,0.83,0.82,0.8,0.79,0.78,0.78,0.77,0.76,0.75,0.74,0.75,0.76,0.77,0.79
NAM,,,,,,,,9.66,9.69,9.74,9.79,9.85,9.91,9.95,10.0,10.04,10.08,10.09,10.07,10.02,9.91,9.75,9.52,9.26,8.96,8.65,8.33,8.02,7.74,7.49,7.27,7.1,6.99,6.94,6.95,7.02,7.13,7.27,7.4,7.53,7.62,7.66,7.65,7.6,7.49,7.09,6.61,6.09,5.7,5.59,5.34,5.23,5.21,5.05,4.9,4.72,4.52,4.42
NER,,,,,,,,31.18,31.57,31.97,32.4,32.79,33.14,33.39,33.51,33.45,33.22,32.83,32.39,32.02,31.78,31.75,31.92,32.28,32.71,33.12,33.42,33.53,33.43,33.13,32.65,31.99,31.16,30.16,28.99,27.74,26.47,25.33,24.28,23.32,22.37,21.38,20.31,19.18,18.04,16.92,15.85,14.87,13.96,13.13,12.36,11.64,10.99,10.41,9.86,9.35,8.87,8.45
NGA,,,,,32.48,31.8,31.12,30.47,29.79,29.1,28.37,27.59,26.79,25.97,25.15,24.36,23.61,22.92,22.31,21.78,21.37,21.06,20.88,20.8,20.81,20.88,20.99,21.08,21.16,21.2,21.19,21.14,21.08,20.99,20.88,20.69,20.43,20.07,19.64,19.15,18.62,18.06,17.49,16.91,16.32,15.73,15.15,14.57,14.01,13.47,12.96,12.47,11.99,11.56,11.16,10.75,10.38,10.02
NIC,19.78,19.56,19.35,19.15,18.91,18.67,18.41,18.12,17.81,17.46,17.09,16.66,16.19,15.65,15.05,14.4,13.7,12.97,12.23,11.52,10.83,10.19,9.61,9.1,8.64,8.24,7.89,7.58,7.28,6.99,6.69,6.38,6.07,5.76,5.46,5.17,4.89,4.61,4.94,4.1,3.87,3.65,3.45,3.27,3.1,2.93,2.78,2.63,2.5,2.37,2.26,2.16,2.07,1.99,1.92,1.85,1.79,1.72
NLD,2.1,2.04,1.98,1.93,1.88,1.83,1.78,1.73,1.68,1.62,1.56,1.5,1.44,1.38,1.33,1.28,1.24,1.2,1.16,1.12,1.09,1.06,1.04,1.02,1.0,0.98,0.95,0.93,0.9,0.87,0.84,0.81,0.77,0.74,0.71,0.69,0.67,0.66,0.64,0.63,0.62,0.61,0.59,0.57,0.55,0.53,0.51,0.49,0.47,0.46,0.44,0.43,0.42,0.41,0.41,0.4,0.4,0.39
NOR,2.26,2.21,2.15,2.1,2.04,1.97,1.9,1.82,1.75,1.69,1.62,1.56,1.5,1.43,1.36,1.29,1.22,1.15,1.09,1.04,1.01,0.99,0.99,1.0,1.01,1.02,1.02,1.01,0.98,0.93,0.87,0.79,0.72,0.66,0.61,0.57,0.54,0.52,0.51,0.5,0.49,0.47,0.45,0.44,0.42,0.4,0.39,0.37,0.35,0.34,0.32,0.31,0.3,0.29,0.28,0.27,0.26,0.26
NPL,32.27,31.88,31.4,30.86,30.25,29.61,28.96,28.29,27.64,27.01,26.43,25.86,25.31,24.77,24.24,23.73,23.2,22.63,22.04,21.43,20.8,20.16,19.53,18.9,18.24,17.57,16.89,16.19,15.48,14.75,14.04,13.34,12.65,12.0,11.37,10.77,10.2,9.66,9.14,8.64,8.15,7.7,7.27,6.87,6.5,6.15,5.82,5.52,5.23,4.97,4.71,4.48,4.24,4.03,3.83,3.66,3.5,3.37
NRU,,,,,,,,,,,,,,,,,,,,,,,,,,7.24,6.96,6.69,6.44,6.18,5.96,5.72,5.49,5.28,5.08,4.89,4.72,4.55,4.4,4.26,4.13,4.03,3.95,3.89,3.86,3.85,3.86,3.89,3.92,3.92,3.88,3.83,3.76,3.68,3.59,3.5,3.4,3.3
NZL,2.79,2.69,2.58,2.47,2.38,2.31,2.25,2.2,2.16,2.12,2.08,2.03,1.98,1.94,1.89,1.83,1.77,1.71,1.66,1.61,1.56,1.52,1.48,1.45,1.41,1.38,1.34,1.29,1.24,1.18,1.12,1.06,1.0,0.95,0.91,0.87,0.84,0.81,0.78,0.76,0.74,0.72,0.7,0.69,0.67,0.66,0.65,0.64,0.64,0.63,0.62,0.61,0.6,0.59,0.57,0.56,0.54,0.53
OMN,,,33.44,32.0,30.61,29.3,27.95,26.65,25.33,24.04,22.79,21.54,20.32,19.1,17.91,16.71,15.53,14.38,13.23,12.12,11.05,10.03,9.07,8.15,7.31,6.55,5.88,5.29,4.78,4.32,3.92,3.55,3.22,2.92,2.66,2.43,2.24,2.06,1.91,1.77,1.65,1.54,1.45,1.38,1.32,1.28,1.24,1.21,1.19,1.17,1.16,1.15,1.14,1.13,1.12,1.12,1.13,1.13
OWID_WRL,,,,,,,,,,,,,,,,,,,,,,,,,,,,,,,9.32,9.2,9.08,8.96,8.86,8.71,8.54,8.37,8.18,7.95,7.71,7.45,7.17,6.9,6.65,6.35,6.09,5.83,5.6,5.35,5.15,4.91,4.71,4.52,4.35,4.19,4.05,3.91
PAK,25.88,24.95,24.08,23.25,22.51,21.82,21.2,20.65,20.16,19.71,19.3,18.93,18.58,18.25,17.94,17.66,17.39,17.14,16.9,16.67,16.43,16.2,15.96,15.71,15.46,15.2,14.93,14.67,14.41,14.16,13.9,13.65,13.4,13.14,12.88,12.62,12.35,12.08,11.8,11.52,11.26,11.0,10.75,10.52,10.3,10.09,9.88,9.68,9.48,9.28,9.08,8.88,8.66,8.43,8.19,7.95,7.71,7.49
PAN,9.02,8.75,8.48,8.22,7.97,7.74,7.52,7.31,7.09,6.84,6.56,6.26,5.96,5.65,5.38,5.14,4.93,4.76,4.62,4.48,4.34,4.2,4.05,3.9,3.75,3.62,3.49,3.37,3.26,3.16,3.07,3.0,2.93,2.88,2.84,2.81,2.78,2.74,2.71,2.66,2.61,2.56,2.49,2.43,2.37,2.31,2.25,2.2,2.13,2.07,2.01,1.95,1.89,1.84,1.78,1.72,1.67,1.61
PER,22.68,22.03,21.36,20.66,19.95,19.25,18.59,17.98,17.44,16.94,16.45,15.98,15.5,15.03,14.56,14.13,13.75,13.42,13.13,12.86,12.58,12.28,11.93,11.51,11.03,10.51,9.97,9.44,8.95,8.5,8.07,7.64,7.2,6.75,6.3,5.84,5.4,4.97,4.57,4.2,3.87,3.57,3.31,3.07,2.87,2.68,2.52,2.38,2.25,2.14,2.03,1.94,1.85,1.77,1.69,1.62,1.55,1.5
PHL,10.29,9.97,9.7,9.47,9.26,9.07,8.89,8.73,8.58,8.46,8.36,8.3,8.25,8.23,8.23,8.22,8.21,8.19,8.14,8.08,7.99,7.9,7.8,7.68,7.53,7.33,7.09,6.79,6.45,6.1,5.76,5.44,5.15,4.9,4.69,4.5,4.34,4.2,4.08,3.97,3.87,3.78,3.69,3.6,3.51,3.44,3.36,3.3,3.24,3.19,3.13,3.09,3.04,3.0,2.96,2.91,2.86,2.81
PLW,,,,,,,,,,,,,,,,,,,,,,,,,4.18,4.08,3.99,3.89,3.8,3.7,3.61,3.51,3.41,3.32,3.23,3.13,3.04,2.94,2.85,2.76,2.67,2.59,2.5,2.42,2.35,2.27,2.2,2.13,2.06,2.0,1.93,1.87,1.8,1.74,1.69,1.63,1.58,1.53
PNG,19.91,19.27,18.65,18.03,17.43,16.86,16.29,15.75,15.22,14.7,14.21,13.75,13.3,12.88,12.48,12.1,11.74,11.42,11.11,10.83,10.57,10.32,10.09,9.87,9.68,9.49,9.33,9.18,9.04,8.9,8.76,8.63,8.5,8.38,8.27,8.17,8.08,8.0,7.91,7.85,7.77,7.71,7.64,7.57,7.51,7.42,7.3,7.17,7.01,6.83,6.64,6.47,6.29,6.08,5.9,5.71,5.52,5.34
POL,6.49,5.94,5.57,5.25,4.91,4.57,4.28,4.05,3.88,3.75,3.62,3.45,3.24,3.04,2.89,2.79,2.7,2.62,2.54,2.47,2.4,2.33,2.27,2.19,2.12,2.03,1.96,1.89,1.83,1.78,1.73,1.69,1.65,1.6,1.53,1.44,1.33,1.2,1.08,0.99,0.93,0.88,0.84,0.81,0.78,0.76,0.73,0.7,0.67,0.63,0.6,0.56,0.54,0.52,0.5,0.49,0.48,0.47
PRK,,,,,,,,,,,,,,,,,,,,,,,,,,3.5,3.46,3.51,3.67,3.94,4.33,4.85,5.47,6.12,6.76,7.27,7.55,7.56,7.27,6.72,5.99,5.2,4.46,3.88,3.49,3.29,3.23,3.22,3.18,3.09,2.95,2.76,2.57,2.39,2.24,2.1,2.0,1.9
PRT,11.43,11.0,10.45,9.78,9.1,8.52,8.08,7.75,7.5,7.24,6.86,6.33,5.77,5.26,4.79,4.35,3.94,3.56,3.24,2.97,2.76,2.58,2.42,2.29,2.16,2.04,1.93,1.82,1.7,1.59,1.47,1.36,1.25,1.14,1.05,0.97,0.91,0.86,0.82,0.77,0.72,0.67,0.61,0.56,0.51,0.47,0.44,0.42,0.41,0.4,0.39,0.38,0.37,0.37,0.37,0.37,0.37,0.37
PRY,8.19,8.12,8.06,8.01,7.97,7.94,7.91,7.89,7.85,7.81,7.77,7.7,7.62,7.53,7.43,7.3,7.16,7.02,6.86,6.69,6.51,6.31,6.1,5.89,5.68,5.48,5.28,5.09,4.9,4.72,4.55,4.38,4.23,4.08,3.95,3.83,3.73,3.63,3.55,3.47,3.39,3.31,3.24,3.16,3.09,3.02,2.94,2.86,2.77,2.69,2.61,2.54,2.46,2.38,2.31,2.24,2.16,2.1
PSE,,,,,,,,,,,,,,,,10.77,10.14,9.53,8.97,8.44,7.94,7.47,7.03,6.62,6.23,5.88,5.55,5.24,4.95,4.69,4.46,4.25,4.07,3.9,3.74,3.6,3.46,3.33,3.22,3.11,3.02,2.93,2.85,2.78,2.71,2.64,2.57,2.5,2.45,2.39,2.35,2.31,2.28,2.25,2.22,2.19,2.14,2.09
QAT,,,,,,,,,,7.11,6.63,6.19,5.77,5.41,5.07,4.76,4.49,4.24,4.02,3.82,3.63,3.46,3.3,3.14,2.98,2.83,2.68,2.53,2.37,2.23,2.08,1.95,1.82,1.71,1.61,1.53,1.46,1.4,1.35,1.3,1.25,1.2,1.16,1.12,1.08,1.04,1.01,0.98,0.95,0.93,0.91,0.89,0.87,0.85,0.83,0.81,0.78,0.76
ROU,,,,6.1,5.43,5.32,5.79,6.41,6.55,6.18,5.6,5.07,4.68,4.49,4.4,4.28,4.07,3.87,3.75,3.68,3.59,3.44,3.27,3.14,3.08,3.15,3.32,3.48,3.46,3.3,3.11,2.97,2.87,2.8,2.75,2.71,2.66,2.59,2.46,2.31,2.19,2.11,2.06,2.0,1.93,1.8,1.62,1.44,1.3,1.2,1.15,1.13,1.11,1.06,1.0,0.92,0.85,0.78
RUS,,,,,,,,,,,3.83,3.66,3.5,3.35,3.22,3.11,3.01,2.94,2.87,2.82,2.76,2.71,2.66,2.61,2.56,2.49,2.42,2.34,2.26,2.2,2.17,2.16,2.17,2.19,2.21,2.2,2.17,2.13,2.08,2.02,1.94,1.84,1.73,1.61,1.49,1.38,1.28,1.2,1.12,1.07,1.04,1.01,0.98,0.95,0.91,0.86,0.8,0.76
RWA,22.18,21.75,21.41,21.18,21.06,21.01,21.08,21.26,21.49,21.79,22.12,22.45,22.86,23.39,23.97,24.52,24.92,24.9,24.3,23.14,21.65,20.03,18.56,17.4,16.56,15.93,15.46,15.11,14.89,14.86,15.12,15.69,16.52,18.28,28.28,24.21,18.47,20.74,22.51,19.02,18.14,16.85,15.39,13.89,12.39,11.02,9.83,8.81,7.92,7.13,6.44,5.75,5.22,4.8,4.47,4.2,3.98,3.79
SAU,,,,,,,,,,,,,15.93,14.95,13.99,13.13,12.31,11.53,10.8,10.11,9.45,8.82,8.23,7.67,7.14,6.63,6.14,5.68,5.25,4.83,4.44,4.1,3.79,3.52,3.26,3.04,2.84,2.65,2.49,2.33,2.2,2.07,1.96,1.85,1.75,1.65,1.55,1.46,1.37,1.28,1.2,1.12,1.05,0.98,0.91,0.84,0.79,0.74
SDN,17.6,17.32,17.04,16.78,16.54,16.32,16.12,15.95,15.79,15.66,15.56,15.47,15.38,15.3,15.21,15.1,15.0,14.89,14.79,14.69,14.59,14.5,14.41,14.32,14.21,14.08,13.93,13.76,13.57,13.36,13.15,12.94,12.71,12.48,12.23,11.98,11.71,11.43,11.13,10.81,10.48,10.15,9.81,9.48,9.17,8.88,8.61,8.35,8.11,7.89,7.68,7.48,7.29,7.1,6.91,6.71,6.52,6.32
SEN,29.48,29.47,29.5,29.55,29.61,29.62,29.6,29.51,29.35,29.08,28.71,28.21,27.61,26.9,26.07,25.12,24.09,23.05,22.07,21.17,20.41,19.75,19.14,18.53,17.88,17.14,16.33,15.54,14.85,14.3,13.93,13.75,13.7,13.76,13.87,13.99,14.07,14.07,13.94,13.66,13.17,12.51,11.73,10.92,10.13,9.4,8.72,8.11,7.57,7.09,6.65,6.26,5.9,5.56,5.26,4.98,4.75,4.54
SGP,4.78,4.38,4.06,3.82,3.65,3.5,3.35,3.19,3.03,2.88,2.74,2.6,2.43,2.2,1.96,1.76,1.62,1.54,1.51,1.5,1.48,1.41,1.32,1.24,1.16,1.09,1.04,0.98,0.91,0.84,0.77,0.69,0.63,0.58,0.53,0.5,0.48,0.46,0.44,0.41,0.39,0.36,0.34,0.32,0.3,0.29,0.29,0.29,0.28,0.28,0.28,0.28,0.28,0.27,0.27,0.27,0.28,0.28
SLB,18.67,17.73,16.84,16.01,15.19,14.43,13.65,12.85,12.08,11.26,10.46,9.72,9.01,8.38,7.79,7.25,6.76,6.32,5.93,5.6,5.32,5.08,4.87,4.68,4.52,4.37,4.24,4.13,4.03,3.93,3.83,3.73,3.63,3.53,3.43,3.34,3.26,3.2,3.14,3.08,3.03,2.99,2.95,2.92,2.9,2.86,2.82,2.77,2.71,2.64,2.57,2.49,2.41,2.34,2.26,2.19,2.12,2.06
SLE,39.39,38.81,38.21,37.6,36.99,36.35,35.69,35.06,34.44,33.82,33.21,32.68,32.18,31.65,31.15,30.65,30.17,29.72,29.31,28.89,28.5,28.15,27.83,27.55,27.28,27.02,26.8,26.6,26.44,26.3,26.17,26.08,25.98,25.85,25.68,25.44,25.14,24.75,24.31,23.81,23.31,22.77,22.2,21.6,20.98,20.32,19.61,18.86,18.05,17.19,16.32,15.43,14.56,13.73,12.94,12.22,11.59,11.05
SLV,18.47,18.09,17.71,17.38,17.05,16.73,16.42,16.11,15.8,15.5,15.2,14.9,14.57,14.21,13.82,13.41,12.96,12.48,11.97,11.44,10.88,10.31,9.72,9.13,8.57,8.04,7.54,7.09,6.68,6.31,5.97,5.65,5.34,5.04,4.74,4.46,4.19,3.94,3.7,3.48,3.29,3.11,2.94,2.79,2.64,2.5,2.37,2.25,2.14,2.03,1.94,1.84,1.76,1.69,1.62,1.55,1.5,1.45
SMR,,,,,,,,,,,,,,,,,,,,,,,,,1.54,1.45,1.37,1.29,1.21,1.14,1.08,1.01,0.95,0.9,0.85,0.8,0.75,0.71,0.67,0.63,0.59,0.56,0.52,0.49,0.47,0.44,0.41,0.39,0.37,0.35,0.33,0.31,0.29,0.27,0.26,0.25,0.23,0.22
SOM,,,,,,,,,,,,,,,,,,,,,,,,19.34,19.13,18.98,18.83,18.7,18.55,18.31,17.99,17.68,17.43,17.34,17.33,17.33,17.33,17.33,17.33,17.33,17.33,17.33,17.33,17.33,17.33,17.32,17.26,17.05,16.7,16.31,15.86,15.35,14.89,14.41,13.98,13.56,13.15,12.72
SRB,,,,,,,,,,,,,,,,,,,,,,,,,4.02,3.9,3.79,3.64,3.39,3.09,2.82,2.61,2.45,2.31,2.16,1.96,1.74,1.54,1.4,1.32,1.26,1.21,1.15,1.06,0.97,0.89,0.84,0.81,0.79,0.78,0.76,0.74,0.71,0.69,0.66,0.63,0.6,0.57
SSD,,,,,,,,,,,,,,,,,,,,29.54,29.21,28.92,28.61,28.28,27.97,27.62,27.21,26.76,26.3,25.84,25.36,24.85,24.3,23.73,23.09,22.41,21.71,20.95,20.1,19.21,18.29,17.34,16.44,15.57,14.75,13.97,13.25,12.57,11.92,11.29,10.71,10.21,9.86,9.69,9.64,9.64,9.64,9.64
STP,,,,,,9.77,9.41,9.11,8.87,8.72,8.64,8.63,8.68,8.75,8.82,8.87,8.91,8.93,8.97,9.02,9.1,9.21,9.36,9.56,9.79,10.02,10.23,10.43,10.61,10.75,10.86,10.93,10.94,10.89,10.74,10.51,10.21,9.83,9.42,8.97,8.5,8.01,7.53,7.06,6.62,6.2,5.82,5.46,5.13,4.83,4.55,4.29,4.05,3.85,3.67,3.51,3.37,3.24
SUR,,,,,,,,,,,,,,,,,,,,,,,,5.75,5.59,5.45,5.32,5.19,5.05,4.91,4.78,4.65,4.51,4.38,4.24,4.1,3.96,3.83,3.7,3.57,3.45,3.33,3.22,3.11,3.0,2.9,2.8,2.71,2.62,2.54,2.46,2.38,2.3,2.22,2.16,2.09,2.02,1.96
SVK,,,,,,,,,,,,,,,,,,,,,,2.16,2.07,1.98,1.9,1.82,1.74,1.67,1.6,1.53,1.47,1.41,1.35,1.3,1.25,1.2,1.15,1.1,1.06,1.02,0.98,0.94,0.91,0.88,0.85,0.82,0.79,0.77,0.74,0.72,0.7,0.68,0.66,0.64,0.62,0.6,0.58,0.56
SVN,,,,,,,,,,,,,,,,,,,,,,1.8,1.7,1.61,1.52,1.44,1.35,1.27,1.19,1.11,1.04,0.97,0.91,0.85,0.8,0.75,0.7,0.66,0.62,0.59,0.55,0.53,0.5,0.47,0.45,0.43,0.4,0.38,0.36,0.34,0.32,0.3,0.29,0.27,0.25,0.24,0.23,0.21
SWE,1.96,1.92,1.86,1.79,1.71,1.63,1.55,1.49,1.44,1.39,1.34,1.29,1.23,1.16,1.1,1.03,0.98,0.94,0.9,0.87,0.84,0.82,0.8,0.78,0.77,0.76,0.75,0.74,0.73,0.72,0.7,0.66,0.62,0.57,0.52,0.48,0.45,0.43,0.42,0.41,0.41,0.41,0.4,0.39,0.37,0.36,0.34,0.33,0.32,0.31,0.3,0.3,0.3,0.29,0.29,0.29,0.29,0.28
SWZ,21.32,21.08,20.81,20.49,20.11,19.7,19.3,18.9,18.52,18.18,17.76,17.3,16.75,16.1,15.4,14.68,14.01,13.38,12.81,12.26,11.7,11.11,10.49,9.84,9.19,8.57,8.03,7.56,7.2,6.97,6.86,6.92,7.16,7.6,8.24,9.03,9.88,10.7,11.45,12.09,12.61,12.96,13.16,13.24,13.14,12.9,11.99,11.34,10.87,10.21,9.29,8.14,7.01,6.57,6.22,5.78,5.63,5.39
SYC,10.19,10.0,9.79,9.57,9.32,9.05,8.74,8.4,8.02,7.61,7.19,6.77,6.34,5.91,5.47,5.02,4.58,4.15,3.74,3.37,3.05,2.77,2.54,2.35,2.19,2.07,1.96,1.88,1.8,1.73,1.67,1.61,1.56,1.51,1.47,1.44,1.41,1.38,1.37,1.36,1.36,1.37,1.37,1.38,1.39,1.4,1.41,1.41,1.42,1.42,1.42,1.43,1.44,1.44,1.45,1.45,1.44,1.42
TCD,,,,,,,,,,,,,25.0,24.88,24.75,24.62,24.5,24.35,24.22,24.06,23.88,23.69,23.46,23.21,22.95,22.68,22.41,22.12,21.84,21.56,21.28,21.0,20.73,20.49,20.25,20.04,19.82,19.57,19.28,18.98,18.65,18.33,18.0,17.65,17.32,16.97,16.62,16.23,15.84,15.44,15.02,14.61,14.22,13.84,13.47,13.08,12.69,12.32
TGO,26.96,26.49,26.03,25.59,25.13,24.68,24.21,23.75,23.28,22.8,22.31,21.83,21.35,20.86,20.39,19.93,19.47,19.01,18.56,18.13,17.72,17.32,16.93,16.56,16.21,15.88,15.58,15.31,15.06,14.83,14.61,14.4,14.21,14.01,13.78,13.54,13.28,13.0,12.7,12.39,12.06,11.73,11.41,11.08,10.77,10.46,10.17,9.87,9.59,9.31,9.04,8.77,8.51,8.26,8.01,7.77,7.53,7.29
THA,14.65,14.14,13.63,13.14,12.66,12.18,11.71,11.25,10.78,10.32,9.86,9.4,8.96,8.53,8.12,7.73,7.36,7.0,6.68,6.36,6.07,5.79,5.52,5.27,5.02,4.78,4.55,4.33,4.11,3.89,3.69,3.49,3.31,3.13,2.97,2.82,2.68,2.55,2.42,2.3,2.18,2.08,1.97,1.88,1.79,1.7,1.62,1.54,1.47,1.4,1.33,1.27,1.21,1.15,1.1,1.04,1.0,0.95
TJK,,,,,,,,,,,,,15.72,15.17,14.65,14.18,13.78,13.48,13.27,13.14,13.05,12.97,12.88,12.69,12.4,12.0,11.54,11.04,10.63,10.43,10.49,10.76,11.18,11.57,11.72,11.54,11.15,10.65,10.07,9.43,8.76,8.09,7.42,6.81,6.25,5.77,5.36,5.02,4.73,4.48,4.28,4.1,3.95,3.82,3.7,3.58,3.46,3.36
TKM,,,,,,,,,,,,,,,,,,13.69,13.19,12.7,12.23,11.77,11.32,10.86,10.4,9.97,9.56,9.2,8.87,8.62,8.44,8.37,8.36,8.4,8.48,8.54,8.57,8.55,8.45,8.28,8.07,7.84,7.62,7.4,7.19,6.97,6.76,6.56,6.36,6.14,5.94,5.75,5.58,5.4,5.22,5.05,4.88,4.73
TLS,,,,,,,,,,,,,,,,,,,,,,,,,,21.84,20.85,19.9,19.01,18.15,17.35,16.59,15.88,15.18,14.49,13.83,13.2,12.59,11.99,11.4,10.83,10.27,9.72,9.18,8.67,8.17,7.68,7.24,6.86,6.52,6.22,5.96,5.72,5.51,5.29,5.12,4.94,4.76
TON,,,,7.9,7.42,6.97,6.53,6.11,5.7,5.31,4.96,4.64,4.36,4.11,3.89,3.7,3.52,3.36,3.21,3.08,2.96,2.85,2.77,2.69,2.62,2.57,2.51,2.45,2.38,2.3,2.21,2.13,2.06,1.99,1.94,1.9,1.87,1.84,1.81,1.78,1.75,1.72,1.69,1.67,1.66,1.65,1.66,1.67,1.69,1.71,1.74,1.75,1.75,1.73,1.71,1.67,1.64,1.6
TTO,6.71,6.48,6.26,6.06,5.87,5.71,5.57,5.44,5.33,5.23,5.12,5.02,4.92,4.82,4.71,4.59,4.47,4.35,4.23,4.1,3.99,3.88,3.77,3.68,3.59,3.51,3.45,3.39,3.35,3.3,3.27,3.25,3.24,3.23,3.23,3.24,3.24,3.25,3.26,3.27,3.27,3.28,3.28,3.29,3.29,3.29,3.29,3.28,3.24,3.2,3.14,3.07,3.0,2.92,2.85,2.77,2.69,2.61
TUN,,,27.14,25.87,24.66,23.45,22.27,21.09,19.96,18.88,17.88,16.93,16.02,15.14,14.26,13.39,12.52,11.69,10.9,10.18,9.53,8.95,8.44,7.97,7.52,7.11,6.74,6.42,6.13,5.86,5.63,5.41,5.19,4.96,4.71,4.45,4.19,3.91,3.65,3.4,3.17,2.97,2.78,2.61,2.45,2.31,2.18,2.05,1.94,1.83,1.74,1.65,1.58,1.51,1.45,1.4,1.35,1.3
TUR,25.87,25.08,24.28,23.47,22.71,21.97,21.27,20.6,19.96,19.35,18.76,18.16,17.57,16.98,16.38,15.77,15.16,14.55,13.94,13.34,12.74,12.14,11.54,10.95,10.38,9.84,9.3,8.79,8.31,7.84,7.4,6.98,6.58,6.2,5.83,5.48,5.14,4.81,4.5,4.2,3.92,3.66,3.41,3.17,2.95,2.75,2.56,2.38,2.21,2.06,1.92,1.79,1.66,1.55,1.44,1.34,1.25,1.16
TUV,,,,,,,,,,,,,,,,8.25,7.91,7.59,7.3,7.04,6.8,6.58,6.4,6.24,6.12,6.02,5.93,5.87,5.82,5.76,5.69,5.61,5.5,5.38,5.24,5.08,4.9,4.71,4.53,4.35,4.19,4.05,3.92,3.81,3.71,3.61,3.51,3.41,3.31,3.22,3.11,3.01,2.92,2.83,2.74,2.66,2.57,2.49
TZA,24.23,24.01,23.76,23.5,23.23,22.91,22.59,22.25,21.91,21.58,21.26,20.92,20.58,20.21,19.8,19.38,18.96,18.55,18.19,17.89,17.69,17.6,17.59,17.61,17.62,17.56,17.43,17.23,16.99,16.75,16.55,16.38,16.22,16.07,15.89,15.66,15.35,14.94,14.41,13.77,13.04,12.26,11.47,10.72,10.05,9.43,8.93,8.47,8.05,7.69,7.34,6.95,6.62,6.36,6.13,5.83,5.61,5.4
UGA,22.26,21.78,21.35,20.94,20.54,20.17,19.81,19.48,19.21,18.98,18.85,18.83,18.89,19.08,19.36,19.71,20.11,20.52,20.86,21.1,21.25,21.12,20.73,20.2,19.66,19.23,18.92,18.72,18.58,18.41,18.12,17.76,17.38,17.03,16.72,16.46,16.21,15.94,15.6,15.16,14.6,13.95,13.21,12.44,11.65,10.88,10.16,9.49,8.88,8.34,7.8,7.3,6.73,6.27,5.9,5.53,5.16,4.9
UKR,,,,,,,,,,,,3.39,3.27,3.16,3.07,2.99,2.93,2.87,2.81,2.76,2.69,2.61,2.52,2.43,2.33,2.23,2.14,2.07,2.0,1.96,1.94,1.94,1.95,1.98,2.01,2.04,2.04,2.03,1.99,1.93,1.85,1.76,1.68,1.59,1.52,1.45,1.39,1.34,1.29,1.23,1.17,1.12,1.07,1.02,0.98,0.94,0.91,0.88
URY,6.4,6.26,6.1,5.96,5.86,5.8,5.76,5.72,5.66,5.54,5.42,5.34,5.36,5.42,5.5,5.54,5.46,5.23,4.87,4.43,3.99,3.61,3.32,3.11,2.97,2.87,2.76,2.64,2.51,2.39,2.3,2.23,2.18,2.14,2.1,2.06,2.0,1.92,1.84,1.76,1.7,1.66,1.62,1.58,1.52,1.44,1.35,1.27,1.19,1.12,1.07,1.02,0.99,0.96,0.93,0.89,0.86,0.82
USA,3.01,2.95,2.89,2.83,2.77,2.71,2.64,2.57,2.49,2.41,2.33,2.24,2.15,2.06,1.97,1.88,1.79,1.71,1.63,1.56,1.5,1.44,1.39,1.34,1.3,1.27,1.24,1.21,1.19,1.16,1.12,1.09,1.05,1.01,0.98,0.95,0.92,0.89,0.87,0.86,0.84,0.83,0.82,0.81,0.81,0.8,0.79,0.77,0.76,0.75,0.73,0.72,0.71,0.7,0.69,0.68,0.67,0.66
UZB,,,,,,,,,,,,,,,,,,,,12.39,11.63,10.89,10.19,9.57,9.01,8.52,8.1,7.76,7.49,7.31,7.21,7.17,7.16,7.12,7.07,7.0,6.91,6.8,6.64,6.45,6.23,5.98,5.71,5.44,5.17,4.9,4.63,4.37,4.11,3.86,3.62,3.38,3.16,2.95,2.75,2.56,2.39,2.25
VCT,,,,,,,,,,6.31,6.63,6.96,7.25,7.45,7.53,7.44,7.17,6.78,6.3,5.8,5.32,4.86,4.44,4.04,3.68,3.36,3.09,2.87,2.68,2.54,2.43,2.35,2.29,2.25,2.24,2.24,2.24,2.25,2.25,2.25,2.25,2.24,2.23,2.23,2.23,2.23,2.22,2.2,2.17,2.13,2.08,2.01,1.95,1.88,1.81,1.74,1.68,1.62
VEN,7.95,7.68,7.44,7.25,7.08,6.94,6.81,6.68,6.54,6.39,6.23,6.05,5.87,5.69,5.52,5.34,5.17,4.99,4.79,4.6,4.41,4.22,4.05,3.89,3.75,3.62,3.49,3.36,3.22,3.09,2.96,2.86,2.78,2.72,2.68,2.63,2.55,2.45,2.35,2.76,2.17,2.1,2.04,1.98,1.92,1.85,1.79,1.74,1.7,1.68,1.66,1.66,1.7,1.79,1.97,2.25,2.64,3.09
VNM,,,,,8.56,8.5,8.44,8.37,8.31,8.25,8.18,8.1,8.0,7.9,7.78,7.64,7.49,7.33,7.16,7.0,6.83,6.67,6.53,6.4,6.27,6.14,5.99,5.82,5.62,5.39,5.15,4.91,4.65,4.4,4.15,3.91,3.69,3.48,3.29,3.12,2.97,2.84,2.73,2.63,2.55,2.48,2.43,2.39,2.35,2.32,2.29,2.27,2.24,2.22,2.19,2.16,2.13,2.09
VUT,15.34,14.95,14.53,14.07,13.63,13.15,12.68,12.2,11.73,11.25,10.81,10.37,9.95,9.56,9.17,8.8,8.45,8.08,7.69,7.28,6.86,6.42,5.99,5.56,5.16,4.78,4.46,4.18,3.94,3.73,3.56,3.42,3.29,3.19,3.11,3.04,2.99,3.41,2.92,2.89,2.86,2.84,2.82,2.82,2.82,2.83,2.85,2.86,2.88,2.9,2.91,2.93,2.93,2.91,2.87,2.82,2.76,2.69
WSM,,,,,,,,,,,,,,,,,,,,,,,,,3.82,3.66,3.51,3.38,3.25,3.14,3.05,2.95,2.86,2.76,2.67,2.58,2.49,2.41,2.33,2.25,2.18,2.12,2.06,2.01,1.98,1.94,1.92,1.9,1.89,2.42,1.86,1.85,1.84,1.81,1.77,1.73,1.69,1.65
YEM,,,,,39.34,38.41,37.38,36.23,35.04,33.8,32.59,31.37,30.23,29.12,28.04,26.91,25.72,24.49,23.23,21.99,20.73,19.49,18.31,17.22,16.23,15.37,14.65,14.03,13.48,13.01,12.6,12.24,11.93,11.66,11.42,11.19,10.96,10.69,10.36,9.96,9.52,9.06,8.59,8.13,7.69,7.27,6.87,6.49,6.13,5.84,5.64,5.55,5.54,5.54,5.54,5.54,5.54,5.54
ZAF,,,,,,,,,,,,,,,12.95,12.27,11.62,11.01,10.43,9.88,9.38,8.9,8.46,8.06,7.69,7.35,7.03,6.74,6.49,6.27,6.09,5.97,5.93,5.97,6.1,6.32,6.61,6.92,7.25,7.56,7.84,8.09,8.3,8.43,8.46,8.4,8.15,7.54,6.96,6.23,5.93,5.12,4.71,4.36,4.13,4.03,3.85,3.71
ZMB,20.57,20.16,19.79,19.49,19.24,19.05,18.93,18.83,18.71,18.47,18.11,17.62,17.06,16.5,16.04,15.71,15.52,15.47,15.51,15.56,15.66,15.78,15.93,16.17,16.5,16.92,17.36,17.75,18.09,18.34,18.5,18.59,18.62,18.57,18.4,18.18,17.96,17.76,17.52,17.13,16.51,15.59,14.43,13.27,12.16,11.16,10.33,9.81,9.33,8.8,8.24,7.86,7.49,7.16,6.8,6.49,6.24,6.0
ZWE,15.04,14.59,14.13,13.67,13.22,12.78,12.38,12.01,11.72,11.5,11.33,11.21,11.13,11.09,11.08,11.08,11.07,11.04,10.96,10.8,10.52,10.1,9.59,9.06,8.55,8.12,7.79,7.58,7.5,7.56,7.75,8.07,8.48,8.93,9.38,9.8,10.1,10.27,10.32,10.26,10.18,10.08,10.01,9.94,9.94,9.96,10.03,9.94,9.69,9.27,8.75,8.12,7.38,6.68,6.11,5.7,5.33,5.03
